session_id,year,event_name,rotation_degrees,circuit_marker_id,marker_type,marker_number,marker_letter,x,y,angle_degrees,distance_m,position_xy_samples,position_driver_count,x_min,x_max,y_min,y_max,x_p01,x_p99,y_p01,y_p99,has_marker,minmax_pad_x,minmax_pad_y,core_pad_x,core_pad_y,outside_minmax_bounds,outside_core_bounds,marker_coordinate_issue
2025-australian-grand-prix-r,2025,Australian Grand Prix,44.0,2047,corner,1,,-3650.594482421875,1193.7841796875,-176.6327301808908,350.6866326827909,380930,20,-7210.0,7503.0,-5563.0,11853.0,-7192.0,7487.0,-5530.0,11809.0,True,1177.04,1393.28,733.95,866.95,False,False,none
2025-australian-grand-prix-r,2025,Australian Grand Prix,44.0,2048,corner,2,,-3555.05322265625,1992.750244140625,-1.517006670514226,445.62831142077016,380930,20,-7210.0,7503.0,-5563.0,11853.0,-7192.0,7487.0,-5530.0,11809.0,True,1177.04,1393.28,733.95,866.95,False,False,none
2025-australian-grand-prix-r,2025,Australian Grand Prix,44.0,2049,corner,3,,-7194.97021484375,7101.9423828125,162.2583145895855,1082.8485131786222,380930,20,-7210.0,7503.0,-5563.0,11853.0,-7192.0,7487.0,-5530.0,11809.0,True,1177.04,1393.28,733.95,866.95,False,False,none
2025-australian-grand-prix-r,2025,Australian Grand Prix,44.0,2050,corner,4,,-5878.734375,7709.86474609375,-23.426262936440693,1238.7950405433892,380930,20,-7210.0,7503.0,-5563.0,11853.0,-7192.0,7487.0,-5530.0,11809.0,True,1177.04,1393.28,733.95,866.95,False,False,none
2025-australian-grand-prix-r,2025,Australian Grand Prix,44.0,2051,corner,5,,-5870.66259765625,9676.8056640625,159.21595924901473,1427.6536256893405,380930,20,-7210.0,7503.0,-5563.0,11853.0,-7192.0,7487.0,-5530.0,11809.0,True,1177.04,1393.28,733.95,866.95,False,False,none
2025-australian-grand-prix-r,2025,Australian Grand Prix,44.0,2052,corner,6,,-2280.641357421875,11861.5595703125,96.73626629832673,1870.4189218348426,380930,20,-7210.0,7503.0,-5563.0,11853.0,-7192.0,7487.0,-5530.0,11809.0,True,1177.04,1393.28,733.95,866.95,False,False,none
2025-australian-grand-prix-r,2025,Australian Grand Prix,44.0,2053,corner,7,,-1296.3824462890625,11398.0087890625,-104.06590313985107,1974.4878003182662,380930,20,-7210.0,7503.0,-5563.0,11853.0,-7192.0,7487.0,-5530.0,11809.0,True,1177.04,1393.28,733.95,866.95,False,False,none
2025-australian-grand-prix-r,2025,Australian Grand Prix,44.0,2054,corner,8,,502.41253662109375,10576.3115234375,39.145641733921856,2163.213922202732,380930,20,-7210.0,7503.0,-5563.0,11853.0,-7192.0,7487.0,-5530.0,11809.0,True,1177.04,1393.28,733.95,866.95,False,False,none
2025-australian-grand-prix-r,2025,Australian Grand Prix,44.0,2055,corner,9,,2838.84375,798.9598388671875,-101.19733361565356,3279.864728287474,380930,20,-7210.0,7503.0,-5563.0,11853.0,-7192.0,7487.0,-5530.0,11809.0,True,1177.04,1393.28,733.95,866.95,False,False,none
2025-australian-grand-prix-r,2025,Australian Grand Prix,44.0,2056,corner,10,,3973.896484375,855.0198974609375,73.47677062265704,3392.8176385917563,380930,20,-7210.0,7503.0,-5563.0,11853.0,-7192.0,7487.0,-5530.0,11809.0,True,1177.04,1393.28,733.95,866.95,False,False,none
2025-australian-grand-prix-r,2025,Australian Grand Prix,44.0,2057,corner,11,,7489.130859375,-4851.34521484375,-15.779635368175516,4086.089167512563,380930,20,-7210.0,7503.0,-5563.0,11853.0,-7192.0,7487.0,-5530.0,11809.0,True,1177.04,1393.28,733.95,866.95,False,False,none
2025-australian-grand-prix-r,2025,Australian Grand Prix,44.0,2058,corner,12,,5020.2177734375,-5538.8876953125,-106.08289509535402,4360.782278022952,380930,20,-7210.0,7503.0,-5563.0,11853.0,-7192.0,7487.0,-5530.0,11809.0,True,1177.04,1393.28,733.95,866.95,False,False,none
2025-australian-grand-prix-r,2025,Australian Grand Prix,44.0,2059,corner,13,,3587.2265625,-3634.0,89.83929687485767,4605.262484763709,380930,20,-7210.0,7503.0,-5563.0,11853.0,-7192.0,7487.0,-5530.0,11809.0,True,1177.04,1393.28,733.95,866.95,False,False,none
2025-australian-grand-prix-r,2025,Australian Grand Prix,44.0,2060,corner,14,,2300.2841796875,-4454.0234375,-97.4032457365232,4767.850951526235,380930,20,-7210.0,7503.0,-5563.0,11853.0,-7192.0,7487.0,-5530.0,11809.0,True,1177.04,1393.28,733.95,866.95,False,False,none
2025-australian-grand-prix-r,2025,Australian Grand Prix,44.0,2061,marshal_light,1,,-1200.06787109375,-1327.1256103515625,-132.85728315420926,5.6963564719124395,380930,20,-7210.0,7503.0,-5563.0,11853.0,-7192.0,7487.0,-5530.0,11809.0,True,1177.04,1393.28,733.95,866.95,False,False,none
2025-australian-grand-prix-r,2025,Australian Grand Prix,44.0,2062,marshal_light,2,,-2891.360595703125,276.7440185546875,-133.3584232129819,236.5379734807988,380930,20,-7210.0,7503.0,-5563.0,11853.0,-7192.0,7487.0,-5530.0,11809.0,True,1177.04,1393.28,733.95,866.95,False,False,none
2025-australian-grand-prix-r,2025,Australian Grand Prix,44.0,2063,marshal_light,3,,-3788.00439453125,2744.4169921875,35.09703148150907,518.6816047459012,380930,20,-7210.0,7503.0,-5563.0,11853.0,-7192.0,7487.0,-5530.0,11809.0,True,1177.04,1393.28,733.95,866.95,False,False,none
2025-australian-grand-prix-r,2025,Australian Grand Prix,44.0,2064,marshal_light,4,,-5157.8349609375,4075.304443359375,-135.79111207755284,714.883776602337,380930,20,-7210.0,7503.0,-5563.0,11853.0,-7192.0,7487.0,-5530.0,11809.0,True,1177.04,1393.28,733.95,866.95,False,False,none
2025-australian-grand-prix-r,2025,Australian Grand Prix,44.0,2065,marshal_light,5,,-6885.134765625,6285.9755859375,-146.39266491868455,998.4492567158393,380930,20,-7210.0,7503.0,-5563.0,11853.0,-7192.0,7487.0,-5530.0,11809.0,True,1177.04,1393.28,733.95,866.95,False,False,none
2025-australian-grand-prix-r,2025,Australian Grand Prix,44.0,2066,marshal_light,6,,-6320.72314453125,7395.81689453125,-73.56660154315365,1174.9663683307165,380930,20,-7210.0,7503.0,-5563.0,11853.0,-7192.0,7487.0,-5530.0,11809.0,True,1177.04,1393.28,733.95,866.95,False,False,none
2025-australian-grand-prix-r,2025,Australian Grand Prix,44.0,2067,marshal_light,7,,-5947.0,9210.0947265625,-177.9055047150245,1385.3560177531126,380930,20,-7210.0,7503.0,-5563.0,11853.0,-7192.0,7487.0,-5530.0,11809.0,True,1177.04,1393.28,733.95,866.95,False,False,none
2025-australian-grand-prix-r,2025,Australian Grand Prix,44.0,2068,marshal_light,8,,-4926.84912109375,10590.990234375,122.44510880466925,1572.8846821711568,380930,20,-7210.0,7503.0,-5563.0,11853.0,-7192.0,7487.0,-5530.0,11809.0,True,1177.04,1393.28,733.95,866.95,False,False,none
2025-australian-grand-prix-r,2025,Australian Grand Prix,44.0,2069,marshal_light,9,,-3474.6982421875,11290.357421875,113.41576714538542,1730.8311416234474,380930,20,-7210.0,7503.0,-5563.0,11853.0,-7192.0,7487.0,-5530.0,11809.0,True,1177.04,1393.28,733.95,866.95,False,False,none
2025-australian-grand-prix-r,2025,Australian Grand Prix,44.0,2070,marshal_light,10,,-504.1057434082031,11226.0283203125,74.13109139340901,2039.6333912480795,380930,20,-7210.0,7503.0,-5563.0,11853.0,-7192.0,7487.0,-5530.0,11809.0,True,1177.04,1393.28,733.95,866.95,False,False,none
2025-australian-grand-prix-r,2025,Australian Grand Prix,44.0,2071,marshal_light,11,,1149.6241455078125,8755.1533203125,7.0536583611363675,2362.975663497161,380930,20,-7210.0,7503.0,-5563.0,11853.0,-7192.0,7487.0,-5530.0,11809.0,True,1177.04,1393.28,733.95,866.95,False,False,none
2025-australian-grand-prix-r,2025,Australian Grand Prix,44.0,2072,marshal_light,12,,494.33282470703125,5779.2412109375,154.5104108579042,2682.881513453155,380930,20,-7210.0,7503.0,-5563.0,11853.0,-7192.0,7487.0,-5530.0,11809.0,True,1177.04,1393.28,733.95,866.95,False,False,none
2025-australian-grand-prix-r,2025,Australian Grand Prix,44.0,2073,marshal_light,13,,406.4137268066406,3616.448486328125,-166.1161100793303,2896.019110941506,380930,20,-7210.0,7503.0,-5563.0,11853.0,-7192.0,7487.0,-5530.0,11809.0,True,1177.04,1393.28,733.95,866.95,False,False,none
2025-australian-grand-prix-r,2025,Australian Grand Prix,44.0,2074,marshal_light,14,,1989.657958984375,1349.3016357421875,-129.50692609692845,3174.007928695763,380930,20,-7210.0,7503.0,-5563.0,11853.0,-7192.0,7487.0,-5530.0,11809.0,True,1177.04,1393.28,733.95,866.95,False,False,none
2025-australian-grand-prix-r,2025,Australian Grand Prix,44.0,2075,marshal_light,15,,3527.99462890625,848.884521484375,91.52712648224441,3335.3936007713173,380930,20,-7210.0,7503.0,-5563.0,11853.0,-7192.0,7487.0,-5530.0,11809.0,True,1177.04,1393.28,733.95,866.95,False,False,none
2025-australian-grand-prix-r,2025,Australian Grand Prix,44.0,2076,marshal_light,16,,6420.01708984375,-1352.264892578125,29.39932846914089,3712.7161299550544,380930,20,-7210.0,7503.0,-5563.0,11853.0,-7192.0,7487.0,-5530.0,11809.0,True,1177.04,1393.28,733.95,866.95,False,False,none
2025-australian-grand-prix-r,2025,Australian Grand Prix,44.0,2077,marshal_light,17,,7195.36376953125,-3446.3310546875,18.13010584695924,3941.8525782448237,380930,20,-7210.0,7503.0,-5563.0,11853.0,-7192.0,7487.0,-5530.0,11809.0,True,1177.04,1393.28,733.95,866.95,False,False,none
2025-australian-grand-prix-r,2025,Australian Grand Prix,44.0,2078,marshal_light,18,,6079.7451171875,-5367.66845703125,-74.96859403901651,4258.499149373286,380930,20,-7210.0,7503.0,-5563.0,11853.0,-7192.0,7487.0,-5530.0,11809.0,True,1177.04,1393.28,733.95,866.95,False,False,none
2025-australian-grand-prix-r,2025,Australian Grand Prix,44.0,2079,marshal_light,19,,3962.527587890625,-4043.96533203125,27.30910753476001,4541.823475157283,380930,20,-7210.0,7503.0,-5563.0,11853.0,-7192.0,7487.0,-5530.0,11809.0,True,1177.04,1393.28,733.95,866.95,False,False,none
2025-australian-grand-prix-r,2025,Australian Grand Prix,44.0,2080,marshal_light,20,,2935.0,-4245.71728515625,-43.69157763695759,4701.37001759449,380930,20,-7210.0,7503.0,-5563.0,11853.0,-7192.0,7487.0,-5530.0,11809.0,True,1177.04,1393.28,733.95,866.95,False,False,none
2025-australian-grand-prix-r,2025,Australian Grand Prix,44.0,2081,marshal_sector,1,,-1185.0,-1341.0,-128.91793170608514,5.6963564719124395,380930,20,-7210.0,7503.0,-5563.0,11853.0,-7192.0,7487.0,-5530.0,11809.0,True,1177.04,1393.28,733.95,866.95,False,False,none
2025-australian-grand-prix-r,2025,Australian Grand Prix,44.0,2082,marshal_sector,2,,-2897.316162109375,282.3703918457031,-133.39770213493657,236.5379734807988,380930,20,-7210.0,7503.0,-5563.0,11853.0,-7192.0,7487.0,-5530.0,11809.0,True,1177.04,1393.28,733.95,866.95,False,False,none
2025-australian-grand-prix-r,2025,Australian Grand Prix,44.0,2083,marshal_sector,3,,-3816.246826171875,2784.653076171875,34.94684248617441,529.1740262872356,380930,20,-7210.0,7503.0,-5563.0,11853.0,-7192.0,7487.0,-5530.0,11809.0,True,1177.04,1393.28,733.95,866.95,False,False,none
2025-australian-grand-prix-r,2025,Australian Grand Prix,44.0,2084,marshal_sector,4,,-5106.5517578125,4022.3212890625,-136.08232868540006,702.6268169190382,380930,20,-7210.0,7503.0,-5563.0,11853.0,-7192.0,7487.0,-5530.0,11809.0,True,1177.04,1393.28,733.95,866.95,False,False,none
2025-australian-grand-prix-r,2025,Australian Grand Prix,44.0,2085,marshal_sector,5,,-6851.27294921875,6234.69921875,-146.2551691259889,974.5764657186666,380930,20,-7210.0,7503.0,-5563.0,11853.0,-7192.0,7487.0,-5530.0,11809.0,True,1177.04,1393.28,733.95,866.95,False,False,none
2025-australian-grand-prix-r,2025,Australian Grand Prix,44.0,2086,marshal_sector,6,,-6348.359375,7388.1748046875,-75.58025509911917,1174.9663683307165,380930,20,-7210.0,7503.0,-5563.0,11853.0,-7192.0,7487.0,-5530.0,11809.0,True,1177.04,1393.28,733.95,866.95,False,False,none
2025-australian-grand-prix-r,2025,Australian Grand Prix,44.0,2087,marshal_sector,7,,-5947.0,9210.0947265625,179.87952660397895,1385.3560177531126,380930,20,-7210.0,7503.0,-5563.0,11853.0,-7192.0,7487.0,-5530.0,11809.0,True,1177.04,1393.28,733.95,866.95,False,False,none
2025-australian-grand-prix-r,2025,Australian Grand Prix,44.0,2088,marshal_sector,8,,-4930.30712890625,10588.7939453125,123.76811625367651,1572.8846821711568,380930,20,-7210.0,7503.0,-5563.0,11853.0,-7192.0,7487.0,-5530.0,11809.0,True,1177.04,1393.28,733.95,866.95,False,False,none
2025-australian-grand-prix-r,2025,Australian Grand Prix,44.0,2089,marshal_sector,9,,-3455.983642578125,11298.6796875,114.64306373485252,1730.8311416234474,380930,20,-7210.0,7503.0,-5563.0,11853.0,-7192.0,7487.0,-5530.0,11809.0,True,1177.04,1393.28,733.95,866.95,False,False,none
2025-australian-grand-prix-r,2025,Australian Grand Prix,44.0,2090,marshal_sector,10,,-375.0901794433594,11185.6640625,72.48637235657803,2062.4694955529353,380930,20,-7210.0,7503.0,-5563.0,11853.0,-7192.0,7487.0,-5530.0,11809.0,True,1177.04,1393.28,733.95,866.95,False,False,none
2025-australian-grand-prix-r,2025,Australian Grand Prix,44.0,2091,marshal_sector,11,,1152.09326171875,8734.8203125,6.960332473590043,2362.975663497161,380930,20,-7210.0,7503.0,-5563.0,11853.0,-7192.0,7487.0,-5530.0,11809.0,True,1177.04,1393.28,733.95,866.95,False,False,none
2025-australian-grand-prix-r,2025,Australian Grand Prix,44.0,2092,marshal_sector,12,,531.9359130859375,5861.13623046875,155.92037879752093,2655.1147135563738,380930,20,-7210.0,7503.0,-5563.0,11853.0,-7192.0,7487.0,-5530.0,11809.0,True,1177.04,1393.28,733.95,866.95,False,False,none
2025-australian-grand-prix-r,2025,Australian Grand Prix,44.0,2093,marshal_sector,13,,381.896728515625,3724.301513671875,-167.22899526992987,2868.067700453639,380930,20,-7210.0,7503.0,-5563.0,11853.0,-7192.0,7487.0,-5530.0,11809.0,True,1177.04,1393.28,733.95,866.95,False,False,none
2025-australian-grand-prix-r,2025,Australian Grand Prix,44.0,2094,marshal_sector,14,,2043.3704833984375,1304.975830078125,-129.64005413572556,3174.007928695763,380930,20,-7210.0,7503.0,-5563.0,11853.0,-7192.0,7487.0,-5530.0,11809.0,True,1177.04,1393.28,733.95,866.95,False,False,none
2025-australian-grand-prix-r,2025,Australian Grand Prix,44.0,2095,marshal_sector,15,,3740.939697265625,854.5201416015625,91.4790834558628,3361.0273726464043,380930,20,-7210.0,7503.0,-5563.0,11853.0,-7192.0,7487.0,-5530.0,11809.0,True,1177.04,1393.28,733.95,866.95,False,False,none
2025-australian-grand-prix-r,2025,Australian Grand Prix,44.0,2096,marshal_sector,16,,6430.1123046875,-1370.0889892578125,29.552475582639428,3712.7161299550544,380930,20,-7210.0,7503.0,-5563.0,11853.0,-7192.0,7487.0,-5530.0,11809.0,True,1177.04,1393.28,733.95,866.95,False,False,none
2025-australian-grand-prix-r,2025,Australian Grand Prix,44.0,2097,marshal_sector,17,,7169.92822265625,-3368.44970703125,18.113525306458506,3941.8525782448237,380930,20,-7210.0,7503.0,-5563.0,11853.0,-7192.0,7487.0,-5530.0,11809.0,True,1177.04,1393.28,733.95,866.95,False,False,none
2025-australian-grand-prix-r,2025,Australian Grand Prix,44.0,2098,marshal_sector,18,,5941.14453125,-5404.3623046875,-75.4346269198602,4258.499149373286,380930,20,-7210.0,7503.0,-5563.0,11853.0,-7192.0,7487.0,-5530.0,11809.0,True,1177.04,1393.28,733.95,866.95,False,False,none
2025-australian-grand-prix-r,2025,Australian Grand Prix,44.0,2099,marshal_sector,19,,3919.87841796875,-3964.5810546875,29.374457223156586,4556.375845136175,380930,20,-7210.0,7503.0,-5563.0,11853.0,-7192.0,7487.0,-5530.0,11809.0,True,1177.04,1393.28,733.95,866.95,False,False,none
2025-australian-grand-prix-r,2025,Australian Grand Prix,44.0,2100,marshal_sector,20,,2894.992919921875,-4280.79541015625,-50.09435957210128,4706.20610513907,380930,20,-7210.0,7503.0,-5563.0,11853.0,-7192.0,7487.0,-5530.0,11809.0,True,1177.04,1393.28,733.95,866.95,False,False,none
2025-chinese-grand-prix-r,2025,Chinese Grand Prix,237.0,2101,corner,1,,-5247.443359375,-2414.479736328125,-122.95430080435021,577.2594444444444,398411,20,-6749.0,5403.0,-3627.0,7192.0,-6725.0,5386.0,-3612.0,7137.0,True,972.16,865.52,605.5500000000001,537.45,False,False,none
2025-chinese-grand-prix-r,2025,Chinese Grand Prix,237.0,2102,corner,2,,-5133.3388671875,-986.1815795898438,-83.20236298780449,741.6467525128761,398411,20,-6749.0,5403.0,-3627.0,7192.0,-6725.0,5386.0,-3612.0,7137.0,True,972.16,865.52,605.5500000000001,537.45,False,False,none
2025-chinese-grand-prix-r,2025,Chinese Grand Prix,237.0,2103,corner,3,,-4563.62158203125,-2055.360595703125,73.79008590491989,879.2595755080923,398411,20,-6749.0,5403.0,-3627.0,7192.0,-6725.0,5386.0,-3612.0,7137.0,True,972.16,865.52,605.5500000000001,537.45,False,False,none
2025-chinese-grand-prix-r,2025,Chinese Grand Prix,237.0,2104,corner,4,,-4096.869140625,-1006.836669921875,21.782231789704493,1020.5860276050806,398411,20,-6749.0,5403.0,-3627.0,7192.0,-6725.0,5386.0,-3612.0,7137.0,True,972.16,865.52,605.5500000000001,537.45,False,False,none
2025-chinese-grand-prix-r,2025,Chinese Grand Prix,237.0,2105,corner,5,,-6014.22705078125,1311.9625244140625,-150.57583559261988,1335.461886759936,398411,20,-6749.0,5403.0,-3627.0,7192.0,-6725.0,5386.0,-3612.0,7137.0,True,972.16,865.52,605.5500000000001,537.45,False,False,none
2025-chinese-grand-prix-r,2025,Chinese Grand Prix,237.0,2106,corner,6,,-6594.7578125,3667.179443359375,103.61731226810306,1571.2447174510376,398411,20,-6749.0,5403.0,-3627.0,7192.0,-6725.0,5386.0,-3612.0,7137.0,True,972.16,865.52,605.5500000000001,537.45,False,False,none
2025-chinese-grand-prix-r,2025,Chinese Grand Prix,237.0,2107,corner,7,,-3495.4052734375,611.8964233398438,94.16150313928429,2046.399166666666,398411,20,-6749.0,5403.0,-3627.0,7192.0,-6725.0,5386.0,-3612.0,7137.0,True,972.16,865.52,605.5500000000001,537.45,False,False,none
2025-chinese-grand-prix-r,2025,Chinese Grand Prix,237.0,2108,corner,8,,-1413.2674560546875,2477.544677734375,-90.46179179521728,2316.9114756448475,398411,20,-6749.0,5403.0,-3627.0,7192.0,-6725.0,5386.0,-3612.0,7137.0,True,972.16,865.52,605.5500000000001,537.45,False,False,none
2025-chinese-grand-prix-r,2025,Chinese Grand Prix,237.0,2109,corner,9,,-166.50686645507812,1202.739990234375,72.10546856627235,2506.0619528848006,398411,20,-6749.0,5403.0,-3627.0,7192.0,-6725.0,5386.0,-3612.0,7137.0,True,972.16,865.52,605.5500000000001,537.45,False,False,none
2025-chinese-grand-prix-r,2025,Chinese Grand Prix,237.0,2110,corner,10,,600.0055541992188,1968.2391357421875,-5.989765250345784,2620.2622010336677,398411,20,-6749.0,5403.0,-3627.0,7192.0,-6725.0,5386.0,-3612.0,7137.0,True,972.16,865.52,605.5500000000001,537.45,False,False,none
2025-chinese-grand-prix-r,2025,Chinese Grand Prix,237.0,2111,corner,11,,-1811.59228515625,6056.27783203125,75.79399678987842,3100.176772873322,398411,20,-6749.0,5403.0,-3627.0,7192.0,-6725.0,5386.0,-3612.0,7137.0,True,972.16,865.52,605.5500000000001,537.45,False,False,none
2025-chinese-grand-prix-r,2025,Chinese Grand Prix,237.0,2112,corner,12,,-2493.604248046875,5631.4306640625,-94.04726013490912,3173.449461895565,398411,20,-6749.0,5403.0,-3627.0,7192.0,-6725.0,5386.0,-3612.0,7137.0,True,972.16,865.52,605.5500000000001,537.45,False,False,none
2025-chinese-grand-prix-r,2025,Chinese Grand Prix,237.0,2113,corner,13,,-2345.06982421875,7168.982421875,104.39145809042388,3388.439936221356,398411,20,-6749.0,5403.0,-3627.0,7192.0,-6725.0,5386.0,-3612.0,7137.0,True,972.16,865.52,605.5500000000001,537.45,False,False,none
2025-chinese-grand-prix-r,2025,Chinese Grand Prix,237.0,2114,corner,14,,5434.50634765625,-3601.620361328125,-55.87044799728123,4744.093333333329,398411,20,-6749.0,5403.0,-3627.0,7192.0,-6725.0,5386.0,-3612.0,7137.0,True,972.16,865.52,605.5500000000001,537.45,False,False,none
2025-chinese-grand-prix-r,2025,Chinese Grand Prix,237.0,2115,corner,15,,4727.81494140625,-3281.814697265625,-131.7243656201638,4823.317033325471,398411,20,-6749.0,5403.0,-3627.0,7192.0,-6725.0,5386.0,-3612.0,7137.0,True,972.16,865.52,605.5500000000001,537.45,False,False,none
2025-chinese-grand-prix-r,2025,Chinese Grand Prix,237.0,2116,corner,16,,2978.087890625,-910.5693969726562,80.47928853000195,5110.726951919549,398411,20,-6749.0,5403.0,-3627.0,7192.0,-6725.0,5386.0,-3612.0,7137.0,True,972.16,865.52,605.5500000000001,537.45,False,False,none
2025-chinese-grand-prix-r,2025,Chinese Grand Prix,237.0,2117,marshal_light,1,,-3014.5029296875,-2222.774169921875,-77.46462919173246,348.79366337549567,398411,20,-6749.0,5403.0,-3627.0,7192.0,-6725.0,5386.0,-3612.0,7137.0,True,972.16,865.52,605.5500000000001,537.45,False,False,none
2025-chinese-grand-prix-r,2025,Chinese Grand Prix,237.0,2118,marshal_light,2,,-5657.0576171875,-1573.15087890625,176.05982524055318,653.1402993186796,398411,20,-6749.0,5403.0,-3627.0,7192.0,-6725.0,5386.0,-3612.0,7137.0,True,972.16,865.52,605.5500000000001,537.45,False,False,none
2025-chinese-grand-prix-r,2025,Chinese Grand Prix,237.0,2119,marshal_light,3,,-5133.3388671875,-986.1815795898438,96.44254273227936,741.6467525128761,398411,20,-6749.0,5403.0,-3627.0,7192.0,-6725.0,5386.0,-3612.0,7137.0,True,972.16,865.52,605.5500000000001,537.45,False,False,none
2025-chinese-grand-prix-r,2025,Chinese Grand Prix,237.0,2120,marshal_light,4,,-4795.509765625,-1839.6553955078125,-165.49443234181115,847.6798221530489,398411,20,-6749.0,5403.0,-3627.0,7192.0,-6725.0,5386.0,-3612.0,7137.0,True,972.16,865.52,605.5500000000001,537.45,False,False,none
2025-chinese-grand-prix-r,2025,Chinese Grand Prix,237.0,2121,marshal_light,5,,-4387.2978515625,-641.119384765625,40.541253383784365,1069.9798694421174,398411,20,-6749.0,5403.0,-3627.0,7192.0,-6725.0,5386.0,-3612.0,7137.0,True,972.16,865.52,605.5500000000001,537.45,False,False,none
2025-chinese-grand-prix-r,2025,Chinese Grand Prix,237.0,2122,marshal_light,6,,-6367.5029296875,2336.836669921875,-161.64686229109793,1441.1495098561404,398411,20,-6749.0,5403.0,-3627.0,7192.0,-6725.0,5386.0,-3612.0,7137.0,True,972.16,865.52,605.5500000000001,537.45,False,False,none
2025-chinese-grand-prix-r,2025,Chinese Grand Prix,237.0,2123,marshal_light,7,,-5857.30615234375,3159.1982421875,41.71706137650253,1671.0498458649056,398411,20,-6749.0,5403.0,-3627.0,7192.0,-6725.0,5386.0,-3612.0,7137.0,True,972.16,865.52,605.5500000000001,537.45,False,False,none
2025-chinese-grand-prix-r,2025,Chinese Grand Prix,237.0,2124,marshal_light,8,,-4812.36767578125,1403.352783203125,-150.75370960651898,1871.5780005247839,398411,20,-6749.0,5403.0,-3627.0,7192.0,-6725.0,5386.0,-3612.0,7137.0,True,972.16,865.52,605.5500000000001,537.45,False,False,none
2025-chinese-grand-prix-r,2025,Chinese Grand Prix,237.0,2125,marshal_light,9,,-2596.59912109375,1147.0638427734375,-32.38040896229338,2146.6346129057556,398411,20,-6749.0,5403.0,-3627.0,7192.0,-6725.0,5386.0,-3612.0,7137.0,True,972.16,865.52,605.5500000000001,537.45,False,False,none
2025-chinese-grand-prix-r,2025,Chinese Grand Prix,237.0,2126,marshal_light,10,,-1535.856689453125,2468.514892578125,99.44294202760864,2308.8237428620637,398411,20,-6749.0,5403.0,-3627.0,7192.0,-6725.0,5386.0,-3612.0,7137.0,True,972.16,865.52,605.5500000000001,537.45,False,False,none
2025-chinese-grand-prix-r,2025,Chinese Grand Prix,237.0,2127,marshal_light,11,,334.42730712890625,1544.810302734375,-38.573135552905704,2571.5768913123356,398411,20,-6749.0,5403.0,-3627.0,7192.0,-6725.0,5386.0,-3612.0,7137.0,True,972.16,865.52,605.5500000000001,537.45,False,False,none
2025-chinese-grand-prix-r,2025,Chinese Grand Prix,237.0,2128,marshal_light,12,,-351.7255554199219,3689.871826171875,30.645615012112973,2814.3638888888886,398411,20,-6749.0,5403.0,-3627.0,7192.0,-6725.0,5386.0,-3612.0,7137.0,True,972.16,865.52,605.5500000000001,537.45,False,False,none
2025-chinese-grand-prix-r,2025,Chinese Grand Prix,237.0,2129,marshal_light,13,,-1585.4490966796875,5782.74853515625,31.05279691425126,3063.615065511493,398411,20,-6749.0,5403.0,-3627.0,7192.0,-6725.0,5386.0,-3612.0,7137.0,True,972.16,865.52,605.5500000000001,537.45,False,False,none
2025-chinese-grand-prix-r,2025,Chinese Grand Prix,237.0,2130,marshal_light,14,,-2735.658935546875,5789.6591796875,-136.9870729096842,3199.296329954382,398411,20,-6749.0,5403.0,-3627.0,7192.0,-6725.0,5386.0,-3612.0,7137.0,True,972.16,865.52,605.5500000000001,537.45,False,False,none
2025-chinese-grand-prix-r,2025,Chinese Grand Prix,237.0,2131,marshal_light,15,,-2156.709716796875,7202.12255859375,93.27672744480553,3388.439936221356,398411,20,-6749.0,5403.0,-3627.0,7192.0,-6725.0,5386.0,-3612.0,7137.0,True,972.16,865.52,605.5500000000001,537.45,False,False,none
2025-chinese-grand-prix-r,2025,Chinese Grand Prix,237.0,2132,marshal_light,16,,286.37677001953125,4578.69384765625,32.518056924182346,3777.997162789615,398411,20,-6749.0,5403.0,-3627.0,7192.0,-6725.0,5386.0,-3612.0,7137.0,True,972.16,865.52,605.5500000000001,537.45,False,False,none
2025-chinese-grand-prix-r,2025,Chinese Grand Prix,237.0,2133,marshal_light,17,,3992.187255859375,-1217.580078125,32.405645099447064,4466.902971181314,398411,20,-6749.0,5403.0,-3627.0,7192.0,-6725.0,5386.0,-3612.0,7137.0,True,972.16,865.52,605.5500000000001,537.45,False,False,none
2025-chinese-grand-prix-r,2025,Chinese Grand Prix,237.0,2134,marshal_light,18,,4955.353515625,-3438.89453125,-122.51785372239694,4798.565771017213,398411,20,-6749.0,5403.0,-3627.0,7192.0,-6725.0,5386.0,-3612.0,7137.0,True,972.16,865.52,605.5500000000001,537.45,False,False,none
2025-chinese-grand-prix-r,2025,Chinese Grand Prix,237.0,2135,marshal_light,19,,3214.2294921875,-1170.845703125,34.68363492262749,5080.096307153127,398411,20,-6749.0,5403.0,-3627.0,7192.0,-6725.0,5386.0,-3612.0,7137.0,True,972.16,865.52,605.5500000000001,537.45,False,False,none
2025-chinese-grand-prix-r,2025,Chinese Grand Prix,237.0,2136,marshal_light,20,,705.8536376953125,-1411.0037841796875,-77.59656061393383,5349.128967861449,398411,20,-6749.0,5403.0,-3627.0,7192.0,-6725.0,5386.0,-3612.0,7137.0,True,972.16,865.52,605.5500000000001,537.45,False,False,none
2025-chinese-grand-prix-r,2025,Chinese Grand Prix,237.0,2137,marshal_sector,1,,-2977.054443359375,-2214.772216796875,-77.73299185369227,348.79366337549567,398411,20,-6749.0,5403.0,-3627.0,7192.0,-6725.0,5386.0,-3612.0,7137.0,True,972.16,865.52,605.5500000000001,537.45,False,False,none
2025-chinese-grand-prix-r,2025,Chinese Grand Prix,237.0,2138,marshal_sector,2,,-5659.64453125,-1653.9473876953125,178.5480562390498,653.1402993186796,398411,20,-6749.0,5403.0,-3627.0,7192.0,-6725.0,5386.0,-3612.0,7137.0,True,972.16,865.52,605.5500000000001,537.45,False,False,none
2025-chinese-grand-prix-r,2025,Chinese Grand Prix,237.0,2139,marshal_sector,3,,-4951.4921875,-994.15283203125,74.71517988074827,762.139935146093,398411,20,-6749.0,5403.0,-3627.0,7192.0,-6725.0,5386.0,-3612.0,7137.0,True,972.16,865.52,605.5500000000001,537.45,False,False,none
2025-chinese-grand-prix-r,2025,Chinese Grand Prix,237.0,2140,marshal_sector,4,,-4759.568359375,-1916.4329833984375,-146.41663365055402,854.7586344937766,398411,20,-6749.0,5403.0,-3627.0,7192.0,-6725.0,5386.0,-3612.0,7137.0,True,972.16,865.52,605.5500000000001,537.45,False,False,none
2025-chinese-grand-prix-r,2025,Chinese Grand Prix,237.0,2141,marshal_sector,5,,-4533.57080078125,-469.5692138671875,39.999433727697145,1092.2043112118536,398411,20,-6749.0,5403.0,-3627.0,7192.0,-6725.0,5386.0,-3612.0,7137.0,True,972.16,865.52,605.5500000000001,537.45,False,False,none
2025-chinese-grand-prix-r,2025,Chinese Grand Prix,237.0,2142,marshal_sector,6,,-6346.20751953125,2272.176025390625,-162.05627180496373,1425.4990643157412,398411,20,-6749.0,5403.0,-3627.0,7192.0,-6725.0,5386.0,-3612.0,7137.0,True,972.16,865.52,605.5500000000001,537.45,False,False,none
2025-chinese-grand-prix-r,2025,Chinese Grand Prix,237.0,2143,marshal_sector,7,,-5956.47412109375,3264.47412109375,45.020110441738495,1653.08278565707,398411,20,-6749.0,5403.0,-3627.0,7192.0,-6725.0,5386.0,-3612.0,7137.0,True,972.16,865.52,605.5500000000001,537.45,False,False,none
2025-chinese-grand-prix-r,2025,Chinese Grand Prix,237.0,2144,marshal_sector,8,,-4775.24560546875,1336.3626708984375,-150.44630601371423,1896.3744821072023,398411,20,-6749.0,5403.0,-3627.0,7192.0,-6725.0,5386.0,-3612.0,7137.0,True,972.16,865.52,605.5500000000001,537.45,False,False,none
2025-chinese-grand-prix-r,2025,Chinese Grand Prix,237.0,2145,marshal_sector,9,,-2639.325439453125,1088.792236328125,-38.19271434393579,2146.6346129057556,398411,20,-6749.0,5403.0,-3627.0,7192.0,-6725.0,5386.0,-3612.0,7137.0,True,972.16,865.52,605.5500000000001,537.45,False,False,none
2025-chinese-grand-prix-r,2025,Chinese Grand Prix,237.0,2146,marshal_sector,10,,-1527.4669189453125,2469.939453125,99.76204980054996,2308.8237428620637,398411,20,-6749.0,5403.0,-3627.0,7192.0,-6725.0,5386.0,-3612.0,7137.0,True,972.16,865.52,605.5500000000001,537.45,False,False,none
2025-chinese-grand-prix-r,2025,Chinese Grand Prix,237.0,2147,marshal_sector,11,,350.23388671875,1564.857666015625,-38.24396158563942,2578.170173080203,398411,20,-6749.0,5403.0,-3627.0,7192.0,-6725.0,5386.0,-3612.0,7137.0,True,972.16,865.52,605.5500000000001,537.45,False,False,none
2025-chinese-grand-prix-r,2025,Chinese Grand Prix,237.0,2148,marshal_sector,12,,-446.900634765625,3851.087646484375,30.144478818169187,2849.3574312173737,398411,20,-6749.0,5403.0,-3627.0,7192.0,-6725.0,5386.0,-3612.0,7137.0,True,972.16,865.52,605.5500000000001,537.45,False,False,none
2025-chinese-grand-prix-r,2025,Chinese Grand Prix,237.0,2149,marshal_sector,13,,-1725.2542724609375,6011.25439453125,37.93775826273901,3089.636183056725,398411,20,-6749.0,5403.0,-3627.0,7192.0,-6725.0,5386.0,-3612.0,7137.0,True,972.16,865.52,605.5500000000001,537.45,False,False,none
2025-chinese-grand-prix-r,2025,Chinese Grand Prix,237.0,2150,marshal_sector,14,,-2738.475341796875,5792.837890625,-138.3868569717219,3199.296329954382,398411,20,-6749.0,5403.0,-3627.0,7192.0,-6725.0,5386.0,-3612.0,7137.0,True,972.16,865.52,605.5500000000001,537.45,False,False,none
2025-chinese-grand-prix-r,2025,Chinese Grand Prix,237.0,2151,marshal_sector,15,,-2595.7861328125,7066.80859375,122.794160052001,3345.8604601342718,398411,20,-6749.0,5403.0,-3627.0,7192.0,-6725.0,5386.0,-3612.0,7137.0,True,972.16,865.52,605.5500000000001,537.45,False,False,none
2025-chinese-grand-prix-r,2025,Chinese Grand Prix,237.0,2152,marshal_sector,16,,876.97998046875,3653.43896484375,32.65107831091347,3885.5553551248004,398411,20,-6749.0,5403.0,-3627.0,7192.0,-6725.0,5386.0,-3612.0,7137.0,True,972.16,865.52,605.5500000000001,537.45,False,False,none
2025-chinese-grand-prix-r,2025,Chinese Grand Prix,237.0,2153,marshal_sector,17,,4502.4384765625,-2017.5289306640625,32.51995002805518,4555.936421809242,398411,20,-6749.0,5403.0,-3627.0,7192.0,-6725.0,5386.0,-3612.0,7137.0,True,972.16,865.52,605.5500000000001,537.45,False,False,none
2025-chinese-grand-prix-r,2025,Chinese Grand Prix,237.0,2154,marshal_sector,18,,4484.298828125,-2977.218017578125,-145.2165777153412,4852.025251406525,398411,20,-6749.0,5403.0,-3627.0,7192.0,-6725.0,5386.0,-3612.0,7137.0,True,972.16,865.52,605.5500000000001,537.45,False,False,none
2025-chinese-grand-prix-r,2025,Chinese Grand Prix,237.0,2155,marshal_sector,19,,3108.0703125,-1016.6923828125,36.89296298017951,5097.988454101455,398411,20,-6749.0,5403.0,-3627.0,7192.0,-6725.0,5386.0,-3612.0,7137.0,True,972.16,865.52,605.5500000000001,537.45,False,False,none
2025-chinese-grand-prix-r,2025,Chinese Grand Prix,237.0,2156,marshal_sector,20,,227.7899932861328,-1515.2366943359375,-77.59719836473337,5386.130860636388,398411,20,-6749.0,5403.0,-3627.0,7192.0,-6725.0,5386.0,-3612.0,7137.0,True,972.16,865.52,605.5500000000001,537.45,False,False,none
2025-japanese-grand-prix-r,2025,Japanese Grand Prix,49.0,2157,corner,1,,5954.5959774740895,-6043.797284217995,-359.8591867320418,690.9656974952729,379525,20,-13797.0,5963.0,-7008.0,3136.0,-13767.0,5910.0,-6978.0,3112.0,True,1580.8,811.52,983.85,504.5,False,False,none
2025-japanese-grand-prix-r,2025,Japanese Grand Prix,49.0,2158,corner,2,,5411.746104880109,-6985.870032582339,-81.20528371107957,818.2124492809093,379525,20,-13797.0,5963.0,-7008.0,3136.0,-13767.0,5910.0,-6978.0,3112.0,True,1580.8,811.52,983.85,504.5,False,False,none
2025-japanese-grand-prix-r,2025,Japanese Grand Prix,49.0,2159,corner,3,,3770.348047981657,-5370.929540536406,-131.30409040377555,1080.324563168693,379525,20,-13797.0,5963.0,-7008.0,3136.0,-13767.0,5910.0,-6978.0,3112.0,True,1580.8,811.52,983.85,504.5,False,False,none
2025-japanese-grand-prix-r,2025,Japanese Grand Prix,49.0,2160,corner,4,,2554.6165880721856,-4969.478669439493,-304.3435640806432,1196.9419565578753,379525,20,-13797.0,5963.0,-7008.0,3136.0,-13767.0,5910.0,-6978.0,3112.0,True,1580.8,811.52,983.85,504.5,False,False,none
2025-japanese-grand-prix-r,2025,Japanese Grand Prix,49.0,2161,corner,5,,1863.1226597549849,-3634.6854876662646,-131.39838896954797,1353.876313385485,379525,20,-13797.0,5963.0,-7008.0,3136.0,-13767.0,5910.0,-6978.0,3112.0,True,1580.8,811.52,983.85,504.5,False,False,none
2025-japanese-grand-prix-r,2025,Japanese Grand Prix,49.0,2162,corner,6,,343.85712481205337,-3137.3369407498194,-311.87967969172064,1540.501351491767,379525,20,-13797.0,5963.0,-7008.0,3136.0,-13767.0,5910.0,-6978.0,3112.0,True,1580.8,811.52,983.85,504.5,False,False,none
2025-japanese-grand-prix-r,2025,Japanese Grand Prix,49.0,2163,corner,7,,-615.7460759855876,-519.8197239235956,-106.45904451685772,1841.090752314456,379525,20,-13797.0,5963.0,-7008.0,3136.0,-13767.0,5910.0,-6978.0,3112.0,True,1580.8,811.52,983.85,504.5,False,False,none
2025-japanese-grand-prix-r,2025,Japanese Grand Prix,49.0,2164,corner,8,,-3936.654450370991,-2323.145349123679,-57.88888817950351,2260.102408055889,379525,20,-13797.0,5963.0,-7008.0,3136.0,-13767.0,5910.0,-6978.0,3112.0,True,1580.8,811.52,983.85,504.5,False,False,none
2025-japanese-grand-prix-r,2025,Japanese Grand Prix,49.0,2165,corner,9,,-5453.049411891635,-2538.2158787028984,-110.43184351822356,2410.945355047818,379525,20,-13797.0,5963.0,-7008.0,3136.0,-13767.0,5910.0,-6978.0,3112.0,True,1580.8,811.52,983.85,504.5,False,False,none
2025-japanese-grand-prix-r,2025,Japanese Grand Prix,49.0,2166,corner,10,,-6229.209841459328,449.90897792871783,-1.787031420163089,2722.6854568024437,379525,20,-13797.0,5963.0,-7008.0,3136.0,-13767.0,5910.0,-6978.0,3112.0,True,1580.8,811.52,983.85,504.5,False,False,none
2025-japanese-grand-prix-r,2025,Japanese Grand Prix,49.0,2167,corner,11,,-5964.645827643905,1876.7427270592411,-126.42301288127982,2877.9215202235837,379525,20,-13797.0,5963.0,-7008.0,3136.0,-13767.0,5910.0,-6978.0,3112.0,True,1580.8,811.52,983.85,504.5,False,False,none
2025-japanese-grand-prix-r,2025,Japanese Grand Prix,49.0,2168,corner,12,,-7552.525447521042,119.00061323765294,-237.2773642687454,3136.278974307042,379525,20,-13797.0,5963.0,-7008.0,3136.0,-13767.0,5910.0,-6978.0,3112.0,True,1580.8,811.52,983.85,504.5,False,False,none
2025-japanese-grand-prix-r,2025,Japanese Grand Prix,49.0,2169,corner,13,,-12335.806432804478,3018.43343123628,-125.951757458712,3771.353949400702,379525,20,-13797.0,5963.0,-7008.0,3136.0,-13767.0,5910.0,-6978.0,3112.0,True,1580.8,811.52,983.85,504.5,False,False,none
2025-japanese-grand-prix-r,2025,Japanese Grand Prix,49.0,2170,corner,14,,-13731.830146348011,2733.4255815621927,-201.69464756438072,3927.2561560944755,379525,20,-13797.0,5963.0,-7008.0,3136.0,-13767.0,5910.0,-6978.0,3112.0,True,1580.8,811.52,983.85,504.5,False,False,none
2025-japanese-grand-prix-r,2025,Japanese Grand Prix,49.0,2171,corner,15,,-4974.205292741207,-1679.8087305899478,-254.71239024835026,4955.242480104422,379525,20,-13797.0,5963.0,-7008.0,3136.0,-13767.0,5910.0,-6978.0,3112.0,True,1580.8,811.52,983.85,504.5,False,False,none
2025-japanese-grand-prix-r,2025,Japanese Grand Prix,49.0,2172,corner,16,,-1819.3270665623027,517.5898076307235,-293.9250164332062,5354.536743119882,379525,20,-13797.0,5963.0,-7008.0,3136.0,-13767.0,5910.0,-6978.0,3112.0,True,1580.8,811.52,983.85,504.5,False,False,none
2025-japanese-grand-prix-r,2025,Japanese Grand Prix,49.0,2173,corner,17,,-1184.012752766967,429.7002676291654,-50.27039270732172,5431.380169567095,379525,20,-13797.0,5963.0,-7008.0,3136.0,-13767.0,5910.0,-6978.0,3112.0,True,1580.8,811.52,983.85,504.5,False,False,none
2025-japanese-grand-prix-r,2025,Japanese Grand Prix,49.0,2174,corner,18,,332.7065004009637,616.534453144171,-291.6062103228687,5582.5340236679085,379525,20,-13797.0,5963.0,-7008.0,3136.0,-13767.0,5910.0,-6978.0,3112.0,True,1580.8,811.52,983.85,504.5,False,False,none
2025-japanese-grand-prix-r,2025,Japanese Grand Prix,49.0,2175,marshal_light,1,,1690.8559498966024,-638.2287986268752,-319.6882249643115,9.159179490549066,379525,20,-13797.0,5963.0,-7008.0,3136.0,-13767.0,5910.0,-6978.0,3112.0,True,1580.8,811.52,983.85,504.5,False,False,none
2025-japanese-grand-prix-r,2025,Japanese Grand Prix,49.0,2176,marshal_light,2,,5783.596809057111,-5462.065133553924,-326.48742150733244,654.1386217721141,379525,20,-13797.0,5963.0,-7008.0,3136.0,-13767.0,5910.0,-6978.0,3112.0,True,1580.8,811.52,983.85,504.5,False,False,none
2025-japanese-grand-prix-r,2025,Japanese Grand Prix,49.0,2177,marshal_light,3,,4811.098102755781,-6861.098122564498,-135.07124657303365,889.8289400909326,379525,20,-13797.0,5963.0,-7008.0,3136.0,-13767.0,5910.0,-6978.0,3112.0,True,1580.8,811.52,983.85,504.5,False,False,none
2025-japanese-grand-prix-r,2025,Japanese Grand Prix,49.0,2178,marshal_light,4,,3613.521255434671,-5257.354862228998,-300.36178091729045,1080.324563168693,379525,20,-13797.0,5963.0,-7008.0,3136.0,-13767.0,5910.0,-6978.0,3112.0,True,1580.8,811.52,983.85,504.5,False,False,none
2025-japanese-grand-prix-r,2025,Japanese Grand Prix,49.0,2179,marshal_light,5,,1815.810860288204,-3592.898830510386,-297.8678208770987,1353.876313385485,379525,20,-13797.0,5963.0,-7008.0,3136.0,-13767.0,5910.0,-6978.0,3112.0,True,1580.8,811.52,983.85,504.5,False,False,none
2025-japanese-grand-prix-r,2025,Japanese Grand Prix,49.0,2180,marshal_light,6,,198.33592922920434,-2984.2195022497726,-140.70769876047274,1540.501351491767,379525,20,-13797.0,5963.0,-7008.0,3136.0,-13767.0,5910.0,-6978.0,3112.0,True,1580.8,811.52,983.85,504.5,False,False,none
2025-japanese-grand-prix-r,2025,Japanese Grand Prix,49.0,2181,marshal_light,7,,298.9550743255859,-1117.3889415546212,-335.94853405832777,1725.6061298370385,379525,20,-13797.0,5963.0,-7008.0,3136.0,-13767.0,5910.0,-6978.0,3112.0,True,1580.8,811.52,983.85,504.5,False,False,none
2025-japanese-grand-prix-r,2025,Japanese Grand Prix,49.0,2182,marshal_light,8,,-1697.196338109684,-420.2406767977063,-260.36909250924435,1948.8846457967638,379525,20,-13797.0,5963.0,-7008.0,3136.0,-13767.0,5910.0,-6978.0,3112.0,True,1580.8,811.52,983.85,504.5,False,False,none
2025-japanese-grand-prix-r,2025,Japanese Grand Prix,49.0,2183,marshal_light,9,,-4279.213478571606,-2448.9919962220565,-80.38355282749092,2286.297245442381,379525,20,-13797.0,5963.0,-7008.0,3136.0,-13767.0,5910.0,-6978.0,3112.0,True,1580.8,811.52,983.85,504.5,False,False,none
2025-japanese-grand-prix-r,2025,Japanese Grand Prix,49.0,2184,marshal_light,10,,-5705.360349348954,-2278.8488459498544,-161.75620585813985,2438.938935033036,379525,20,-13797.0,5963.0,-7008.0,3136.0,-13767.0,5910.0,-6978.0,3112.0,True,1580.8,811.52,983.85,504.5,False,False,none
2025-japanese-grand-prix-r,2025,Japanese Grand Prix,49.0,2185,marshal_light,11,,-6223.72050648515,612.1482656665321,-2.135759852216836,2741.651928684833,379525,20,-13797.0,5963.0,-7008.0,3136.0,-13767.0,5910.0,-6978.0,3112.0,True,1580.8,811.52,983.85,504.5,False,False,none
2025-japanese-grand-prix-r,2025,Japanese Grand Prix,49.0,2186,marshal_light,12,,-6037.625361342689,1929.7278089568222,-295.37198484657756,2887.439232311137,379525,20,-13797.0,5963.0,-7008.0,3136.0,-13767.0,5910.0,-6978.0,3112.0,True,1580.8,811.52,983.85,504.5,False,False,none
2025-japanese-grand-prix-r,2025,Japanese Grand Prix,49.0,2187,marshal_light,13,,-7620.649284062519,74.8749494067365,-58.45023338084616,3136.278974307042,379525,20,-13797.0,5963.0,-7008.0,3136.0,-13767.0,5910.0,-6978.0,3112.0,True,1580.8,811.52,983.85,504.5,False,False,none
2025-japanese-grand-prix-r,2025,Japanese Grand Prix,49.0,2188,marshal_light,14,,-10755.257142558676,583.3344249225943,-126.8742374241748,3467.2811215133997,379525,20,-13797.0,5963.0,-7008.0,3136.0,-13767.0,5910.0,-6978.0,3112.0,True,1580.8,811.52,983.85,504.5,False,False,none
2025-japanese-grand-prix-r,2025,Japanese Grand Prix,49.0,2189,marshal_light,15,,-12499.786962773316,3090.3699592927733,-289.9373503965787,3787.8255655929956,379525,20,-13797.0,5963.0,-7008.0,3136.0,-13767.0,5910.0,-6978.0,3112.0,True,1580.8,811.52,983.85,504.5,False,False,none
2025-japanese-grand-prix-r,2025,Japanese Grand Prix,49.0,2190,marshal_light,16,,-13787.7216525387,2369.387644514549,-170.48767072508582,3961.457927733456,379525,20,-13797.0,5963.0,-7008.0,3136.0,-13767.0,5910.0,-6978.0,3112.0,True,1580.8,811.52,983.85,504.5,False,False,none
2025-japanese-grand-prix-r,2025,Japanese Grand Prix,49.0,2191,marshal_light,17,,-12375.140307810634,938.0009550703489,-122.28075701783212,4173.3484451699005,379525,20,-13797.0,5963.0,-7008.0,3136.0,-13767.0,5910.0,-6978.0,3112.0,True,1580.8,811.52,983.85,504.5,False,False,none
2025-japanese-grand-prix-r,2025,Japanese Grand Prix,49.0,2192,marshal_light,18,,-10189.779018898662,-164.94325370815068,-109.97743768916268,4384.600428064361,379525,20,-13797.0,5963.0,-7008.0,3136.0,-13767.0,5910.0,-6978.0,3112.0,True,1580.8,811.52,983.85,504.5,False,False,none
2025-japanese-grand-prix-r,2025,Japanese Grand Prix,49.0,2193,marshal_light,19,,-7499.143789451756,-1076.1814028766541,-109.13054598895644,4707.8676808068785,379525,20,-13797.0,5963.0,-7008.0,3136.0,-13767.0,5910.0,-6978.0,3112.0,True,1580.8,811.52,983.85,504.5,False,False,none
2025-japanese-grand-prix-r,2025,Japanese Grand Prix,49.0,2194,marshal_light,20,,-4733.288295368683,-1590.501070610529,-68.54467417926833,4985.763529986825,379525,20,-13797.0,5963.0,-7008.0,3136.0,-13767.0,5910.0,-6978.0,3112.0,True,1580.8,811.52,983.85,504.5,False,False,none
2025-japanese-grand-prix-r,2025,Japanese Grand Prix,49.0,2195,marshal_light,21,,-1984.0750685106657,530.7595368588704,-258.3308551004173,5338.221439628614,379525,20,-13797.0,5963.0,-7008.0,3136.0,-13767.0,5910.0,-6978.0,3112.0,True,1580.8,811.52,983.85,504.5,False,False,none
2025-japanese-grand-prix-r,2025,Japanese Grand Prix,49.0,2196,marshal_light,22,,-86.34861811588326,755.0412764847943,-284.60774336260204,5545.4749977794245,379525,20,-13797.0,5963.0,-7008.0,3136.0,-13767.0,5910.0,-6978.0,3112.0,True,1580.8,811.52,983.85,504.5,False,False,none
2025-japanese-grand-prix-r,2025,Japanese Grand Prix,49.0,2197,marshal_sector,1,,1749.5098908150958,-706.7328824413776,-319.4616452151194,23.128132328165776,379525,20,-13797.0,5963.0,-7008.0,3136.0,-13767.0,5910.0,-6978.0,3112.0,True,1580.8,811.52,983.85,504.5,False,False,none
2025-japanese-grand-prix-r,2025,Japanese Grand Prix,49.0,2198,marshal_sector,2,,5890.822449567522,-5655.136053808916,-343.93880142714977,664.3660918385704,379525,20,-13797.0,5963.0,-7008.0,3136.0,-13767.0,5910.0,-6978.0,3112.0,True,1580.8,811.52,983.85,504.5,False,False,none
2025-japanese-grand-prix-r,2025,Japanese Grand Prix,49.0,2199,marshal_sector,3,,4982.553266036042,-6958.944675202469,-107.9889391775148,868.9863247189082,379525,20,-13797.0,5963.0,-7008.0,3136.0,-13767.0,5910.0,-6978.0,3112.0,True,1580.8,811.52,983.85,504.5,False,False,none
2025-japanese-grand-prix-r,2025,Japanese Grand Prix,49.0,2200,marshal_sector,4,,3770.348047981657,-5370.929540536406,-131.46350371876667,1080.324563168693,379525,20,-13797.0,5963.0,-7008.0,3136.0,-13767.0,5910.0,-6978.0,3112.0,True,1580.8,811.52,983.85,504.5,False,False,none
2025-japanese-grand-prix-r,2025,Japanese Grand Prix,49.0,2201,marshal_sector,5,,1886.7641945822843,-3655.5991561083465,-311.621062922735,1353.876313385485,379525,20,-13797.0,5963.0,-7008.0,3136.0,-13767.0,5910.0,-6978.0,3112.0,True,1580.8,811.52,983.85,504.5,False,False,none
2025-japanese-grand-prix-r,2025,Japanese Grand Prix,49.0,2202,marshal_sector,6,,353.98197513445757,-3146.309291350124,-311.72832160786555,1540.501351491767,379525,20,-13797.0,5963.0,-7008.0,3136.0,-13767.0,5910.0,-6978.0,3112.0,True,1580.8,811.52,983.85,504.5,False,False,none
2025-japanese-grand-prix-r,2025,Japanese Grand Prix,49.0,2203,marshal_sector,7,,344.8259795585027,-1220.3645480024627,-337.68464072577757,1725.6061298370385,379525,20,-13797.0,5963.0,-7008.0,3136.0,-13767.0,5910.0,-6978.0,3112.0,True,1580.8,811.52,983.85,504.5,False,False,none
2025-japanese-grand-prix-r,2025,Japanese Grand Prix,49.0,2204,marshal_sector,8,,-1536.171947045641,-402.0811852709837,-268.08472452791784,1926.3797691891916,379525,20,-13797.0,5963.0,-7008.0,3136.0,-13767.0,5910.0,-6978.0,3112.0,True,1580.8,811.52,983.85,504.5,False,False,none
2025-japanese-grand-prix-r,2025,Japanese Grand Prix,49.0,2205,marshal_sector,9,,-4239.222910346761,-2442.075986186713,-80.30790304321363,2286.297245442381,379525,20,-13797.0,5963.0,-7008.0,3136.0,-13767.0,5910.0,-6978.0,3112.0,True,1580.8,811.52,983.85,504.5,False,False,none
2025-japanese-grand-prix-r,2025,Japanese Grand Prix,49.0,2206,marshal_sector,10,,-5607.722824037648,-2440.3049580904185,-137.7866522360635,2420.615293226712,379525,20,-13797.0,5963.0,-7008.0,3136.0,-13767.0,5910.0,-6978.0,3112.0,True,1580.8,811.52,983.85,504.5,False,False,none
2025-japanese-grand-prix-r,2025,Japanese Grand Prix,49.0,2207,marshal_sector,11,,-6229.209841459328,449.90897792871783,-2.3146621952769237,2722.6854568024437,379525,20,-13797.0,5963.0,-7008.0,3136.0,-13767.0,5910.0,-6978.0,3112.0,True,1580.8,811.52,983.85,504.5,False,False,none
2025-japanese-grand-prix-r,2025,Japanese Grand Prix,49.0,2208,marshal_sector,12,,-6082.609487015162,1931.3315804146173,-271.7865284964453,2887.439232311137,379525,20,-13797.0,5963.0,-7008.0,3136.0,-13767.0,5910.0,-6978.0,3112.0,True,1580.8,811.52,983.85,504.5,False,False,none
2025-japanese-grand-prix-r,2025,Japanese Grand Prix,49.0,2209,marshal_sector,13,,-7563.880971815579,111.64527306506625,-237.1937457727437,3136.278974307042,379525,20,-13797.0,5963.0,-7008.0,3136.0,-13767.0,5910.0,-6978.0,3112.0,True,1580.8,811.52,983.85,504.5,False,False,none
2025-japanese-grand-prix-r,2025,Japanese Grand Prix,49.0,2210,marshal_sector,14,,-10809.400279388077,623.8781591918382,-306.80917279756517,3489.8384081066024,379525,20,-13797.0,5963.0,-7008.0,3136.0,-13767.0,5910.0,-6978.0,3112.0,True,1580.8,811.52,983.85,504.5,False,False,none
2025-japanese-grand-prix-r,2025,Japanese Grand Prix,49.0,2211,marshal_sector,15,,-12457.333265359553,3075.178205142165,-289.92239469054243,3787.8255655929956,379525,20,-13797.0,5963.0,-7008.0,3136.0,-13767.0,5910.0,-6978.0,3112.0,True,1580.8,811.52,983.85,504.5,False,False,none
2025-japanese-grand-prix-r,2025,Japanese Grand Prix,49.0,2212,marshal_sector,16,,-13782.934849916808,2342.7596852308398,-169.34818857388237,3961.457927733456,379525,20,-13797.0,5963.0,-7008.0,3136.0,-13767.0,5910.0,-6978.0,3112.0,True,1580.8,811.52,983.85,504.5,False,False,none
2025-japanese-grand-prix-r,2025,Japanese Grand Prix,49.0,2213,marshal_sector,17,,-12386.56262326704,945.2478346581547,-122.39455637299613,4173.3484451699005,379525,20,-13797.0,5963.0,-7008.0,3136.0,-13767.0,5910.0,-6978.0,3112.0,True,1580.8,811.52,983.85,504.5,False,False,none
2025-japanese-grand-prix-r,2025,Japanese Grand Prix,49.0,2214,marshal_sector,18,,-10177.060736051335,-169.56271487458343,-109.85094394930718,4384.600428064361,379525,20,-13797.0,5963.0,-7008.0,3136.0,-13767.0,5910.0,-6978.0,3112.0,True,1580.8,811.52,983.85,504.5,False,False,none
2025-japanese-grand-prix-r,2025,Japanese Grand Prix,49.0,2215,marshal_sector,19,,-7417.936276827313,-1103.4887152800134,-108.29923552041498,4707.8676808068785,379525,20,-13797.0,5963.0,-7008.0,3136.0,-13767.0,5910.0,-6978.0,3112.0,True,1580.8,811.52,983.85,504.5,False,False,none
2025-japanese-grand-prix-r,2025,Japanese Grand Prix,49.0,2216,marshal_sector,20,,-4779.51709167988,-1608.478899648979,-68.92651962130947,4985.763529986825,379525,20,-13797.0,5963.0,-7008.0,3136.0,-13767.0,5910.0,-6978.0,3112.0,True,1580.8,811.52,983.85,504.5,False,False,none
2025-japanese-grand-prix-r,2025,Japanese Grand Prix,49.0,2217,marshal_sector,21,,-1948.1658540718488,534.1101770845671,-85.05880387959485,5338.221439628614,379525,20,-13797.0,5963.0,-7008.0,3136.0,-13767.0,5910.0,-6978.0,3112.0,True,1580.8,811.52,983.85,504.5,False,False,none
2025-japanese-grand-prix-r,2025,Japanese Grand Prix,49.0,2218,marshal_sector,22,,53.04888584899436,717.9129691644721,-289.6749028122397,5569.779487752893,379525,20,-13797.0,5963.0,-7008.0,3136.0,-13767.0,5910.0,-6978.0,3112.0,True,1580.8,811.52,983.85,504.5,False,False,none
2025-bahrain-grand-prix-r,2025,Bahrain Grand Prix,92.0,2219,corner,1,,42.40593929993702,8329.202564224179,-246.61531114606282,710.461194767805,436990,20,-5506.0,7500.0,-5208.0,8351.0,-577.0,7475.0,-3500.0,8325.0,True,1040.48,1084.72,402.6,591.25,False,False,none
2025-bahrain-grand-prix-r,2025,Bahrain Grand Prix,92.0,2220,corner,2,,820.7816212551479,7879.043840540197,-101.17746928558444,813.4934329140742,436990,20,-5506.0,7500.0,-5208.0,8351.0,-577.0,7475.0,-3500.0,8325.0,True,1040.48,1084.72,402.6,591.25,False,False,none
2025-bahrain-grand-prix-r,2025,Bahrain Grand Prix,92.0,2221,corner,3,,1912.969997301606,8065.44216673751,-261.39456176357044,921.3091743779455,436990,20,-5506.0,7500.0,-5208.0,8351.0,-577.0,7475.0,-3500.0,8325.0,True,1040.48,1084.72,402.6,591.25,False,False,none
2025-bahrain-grand-prix-r,2025,Bahrain Grand Prix,92.0,2222,corner,4,,7487.745292571566,6790.71071569364,-349.5990658655476,1509.0978300901807,436990,20,-5506.0,7500.0,-5208.0,8351.0,-577.0,7475.0,-3500.0,8325.0,True,1040.48,1084.72,402.6,591.25,False,False,none
2025-bahrain-grand-prix-r,2025,Bahrain Grand Prix,92.0,2223,corner,5,,5820.228442599813,4860.740936217904,-211.50159707799352,1780.8313007182085,436990,20,-5506.0,7500.0,-5208.0,8351.0,-577.0,7475.0,-3500.0,8325.0,True,1040.48,1084.72,402.6,591.25,False,False,none
2025-bahrain-grand-prix-r,2025,Bahrain Grand Prix,92.0,2224,corner,6,,5180.404120509692,4214.598861214608,-76.37444237537011,1881.1278319254698,436990,20,-5506.0,7500.0,-5208.0,8351.0,-577.0,7475.0,-3500.0,8325.0,True,1040.48,1084.72,402.6,591.25,False,False,none
2025-bahrain-grand-prix-r,2025,Bahrain Grand Prix,92.0,2225,corner,7,,4276.202937249183,4156.240630824386,-258.95337199513926,1966.8060882027694,436990,20,-5506.0,7500.0,-5208.0,8351.0,-577.0,7475.0,-3500.0,8325.0,True,1040.48,1084.72,402.6,591.25,False,False,none
2025-bahrain-grand-prix-r,2025,Bahrain Grand Prix,92.0,2226,corner,8,,2490.099010685538,2458.6003965290042,-114.65430945303928,2214.407348438014,436990,20,-5506.0,7500.0,-5208.0,8351.0,-577.0,7475.0,-3500.0,8325.0,True,1040.48,1084.72,402.6,591.25,False,False,none
2025-bahrain-grand-prix-r,2025,Bahrain Grand Prix,92.0,2227,corner,9,,2711.1552878922835,5950.242339493996,-344.90795562972295,2592.4130862470774,436990,20,-5506.0,7500.0,-5208.0,8351.0,-577.0,7475.0,-3500.0,8325.0,True,1040.48,1084.72,402.6,591.25,False,False,none
2025-bahrain-grand-prix-r,2025,Bahrain Grand Prix,92.0,2228,corner,10,,2100.132715648695,6613.999850943207,-270.0220000651102,2682.873942820874,436990,20,-5506.0,7500.0,-5208.0,8351.0,-577.0,7475.0,-3500.0,8325.0,True,1040.48,1084.72,402.6,591.25,False,False,none
2025-bahrain-grand-prix-r,2025,Bahrain Grand Prix,92.0,2229,corner,11,,2120.9852205176358,-663.9950720811103,-100.99967138579512,3450.621606842952,436990,20,-5506.0,7500.0,-5208.0,8351.0,-577.0,7475.0,-3500.0,8325.0,True,1040.48,1084.72,402.6,591.25,False,False,none
2025-bahrain-grand-prix-r,2025,Bahrain Grand Prix,92.0,2230,corner,12,,4981.251161545602,1603.7476220625608,-272.81282353019,3863.1473432493394,436990,20,-5506.0,7500.0,-5208.0,8351.0,-577.0,7475.0,-3500.0,8325.0,True,1040.48,1084.72,402.6,591.25,False,False,none
2025-bahrain-grand-prix-r,2025,Bahrain Grand Prix,92.0,2231,corner,13,,6665.934072283377,449.2756371061455,-358.727848261899,4071.533441479273,436990,20,-5506.0,7500.0,-5208.0,8351.0,-577.0,7475.0,-3500.0,8325.0,True,1040.48,1084.72,402.6,591.25,False,False,none
2025-bahrain-grand-prix-r,2025,Bahrain Grand Prix,92.0,2232,corner,14,,-145.4124578081196,-3472.8085483980503,-110.52153187970453,4879.685062201906,436990,20,-5506.0,7500.0,-5208.0,8351.0,-577.0,7475.0,-3500.0,8325.0,True,1040.48,1084.72,402.6,591.25,False,False,none
2025-bahrain-grand-prix-r,2025,Bahrain Grand Prix,92.0,2233,corner,15,,-552.8126057447134,-2803.66625094119,-169.0619991685993,4967.064627876455,436990,20,-5506.0,7500.0,-5208.0,8351.0,-577.0,7475.0,-3500.0,8325.0,True,1040.48,1084.72,402.6,591.25,False,False,none
2025-bahrain-grand-prix-r,2025,Bahrain Grand Prix,92.0,2234,marshal_light,1,,-403.03000998500465,819.261164974045,-182.6367112829576,5363.639580511922,436990,20,-5506.0,7500.0,-5208.0,8351.0,-577.0,7475.0,-3500.0,8325.0,True,1040.48,1084.72,402.6,591.25,False,False,none
2025-bahrain-grand-prix-r,2025,Bahrain Grand Prix,92.0,2235,marshal_light,2,,-170.99778031790402,6888.075335027975,-181.62051591776688,556.9048302852036,436990,20,-5506.0,7500.0,-5208.0,8351.0,-577.0,7475.0,-3500.0,8325.0,True,1040.48,1084.72,402.6,591.25,False,False,none
2025-bahrain-grand-prix-r,2025,Bahrain Grand Prix,92.0,2236,marshal_light,3,,2091.793057829815,8069.873587855994,-92.04195818622748,947.3111008177084,436990,20,-5506.0,7500.0,-5208.0,8351.0,-577.0,7475.0,-3500.0,8325.0,True,1040.48,1084.72,402.6,591.25,False,False,none
2025-bahrain-grand-prix-r,2025,Bahrain Grand Prix,92.0,2237,marshal_light,4,,6028.332907666913,7353.740539870238,-280.46599516994286,1337.9941245916257,436990,20,-5506.0,7500.0,-5208.0,8351.0,-577.0,7475.0,-3500.0,8325.0,True,1040.48,1084.72,402.6,591.25,False,False,none
2025-bahrain-grand-prix-r,2025,Bahrain Grand Prix,92.0,2238,marshal_light,5,,6384.228519856786,5548.195860866325,-229.17180464747236,1687.2476048507883,436990,20,-5506.0,7500.0,-5208.0,8351.0,-577.0,7475.0,-3500.0,8325.0,True,1040.48,1084.72,402.6,591.25,False,False,none
2025-bahrain-grand-prix-r,2025,Bahrain Grand Prix,92.0,2239,marshal_light,6,,5401.364201039349,4328.365400774586,-58.41295795206747,1839.3049255971937,436990,20,-5506.0,7500.0,-5208.0,8351.0,-577.0,7475.0,-3500.0,8325.0,True,1040.48,1084.72,402.6,591.25,False,False,none
2025-bahrain-grand-prix-r,2025,Bahrain Grand Prix,92.0,2240,marshal_light,7,,3886.937743331719,3990.0705223072882,-238.91245254314452,2003.2043957486972,436990,20,-5506.0,7500.0,-5208.0,8351.0,-577.0,7475.0,-3500.0,8325.0,True,1040.48,1084.72,402.6,591.25,False,False,none
2025-bahrain-grand-prix-r,2025,Bahrain Grand Prix,92.0,2241,marshal_light,8,,2977.381909185059,2780.529066116038,-35.812902111054086,2153.6118538521546,436990,20,-5506.0,7500.0,-5208.0,8351.0,-577.0,7475.0,-3500.0,8325.0,True,1040.48,1084.72,402.6,591.25,False,False,none
2025-bahrain-grand-prix-r,2025,Bahrain Grand Prix,92.0,2242,marshal_light,9,,2422.170415177221,3733.4396247471527,-192.41766840369243,2355.8382405683083,436990,20,-5506.0,7500.0,-5208.0,8351.0,-577.0,7475.0,-3500.0,8325.0,True,1040.48,1084.72,402.6,591.25,False,False,none
2025-bahrain-grand-prix-r,2025,Bahrain Grand Prix,92.0,2243,marshal_light,10,,2747.081713271386,5711.158081938169,-353.83327954835346,2568.868862522588,436990,20,-5506.0,7500.0,-5208.0,8351.0,-577.0,7475.0,-3500.0,8325.0,True,1040.48,1084.72,402.6,591.25,False,False,none
2025-bahrain-grand-prix-r,2025,Bahrain Grand Prix,92.0,2244,marshal_light,11,,1949.4701021690014,6521.582002552494,-214.74896784295356,2698.411890230918,436990,20,-5506.0,7500.0,-5208.0,8351.0,-577.0,7475.0,-3500.0,8325.0,True,1040.48,1084.72,402.6,591.25,False,False,none
2025-bahrain-grand-prix-r,2025,Bahrain Grand Prix,92.0,2245,marshal_light,12,,1520.8298997239015,383.5089041876711,-181.78686469600183,3318.8506174895037,436990,20,-5506.0,7500.0,-5208.0,8351.0,-577.0,7475.0,-3500.0,8325.0,True,1040.48,1084.72,402.6,591.25,False,False,none
2025-bahrain-grand-prix-r,2025,Bahrain Grand Prix,92.0,2246,marshal_light,13,,3059.362994921191,-227.62231451181333,-40.069300984325935,3565.0094882414937,436990,20,-5506.0,7500.0,-5208.0,8351.0,-577.0,7475.0,-3500.0,8325.0,True,1040.48,1084.72,402.6,591.25,False,False,none
2025-bahrain-grand-prix-r,2025,Bahrain Grand Prix,92.0,2247,marshal_light,14,,3622.008522268789,852.9589001229974,-205.6135075941714,3679.528769034735,436990,20,-5506.0,7500.0,-5208.0,8351.0,-577.0,7475.0,-3500.0,8325.0,True,1040.48,1084.72,402.6,591.25,False,False,none
2025-bahrain-grand-prix-r,2025,Bahrain Grand Prix,92.0,2248,marshal_light,15,,6222.549043997545,1091.2384305516446,-297.1567728734184,3986.431878254516,436990,20,-5506.0,7500.0,-5208.0,8351.0,-577.0,7475.0,-3500.0,8325.0,True,1040.48,1084.72,402.6,591.25,False,False,none
2025-bahrain-grand-prix-r,2025,Bahrain Grand Prix,92.0,2249,marshal_light,16,,5396.067390780536,-632.0962632961691,-63.18342342055837,4242.320040886819,436990,20,-5506.0,7500.0,-5208.0,8351.0,-577.0,7475.0,-3500.0,8325.0,True,1040.48,1084.72,402.6,591.25,False,False,none
2025-bahrain-grand-prix-r,2025,Bahrain Grand Prix,92.0,2250,marshal_light,17,,1241.7943976307283,-2937.0449851141466,-61.13013350607116,4722.964694792966,436990,20,-5506.0,7500.0,-5208.0,8351.0,-577.0,7475.0,-3500.0,8325.0,True,1040.48,1084.72,402.6,591.25,False,False,none
2025-bahrain-grand-prix-r,2025,Bahrain Grand Prix,92.0,2251,marshal_light,18,,-565.125813434976,-2116.9214344282173,-182.79352242222498,5035.9485070888595,436990,20,-5506.0,7500.0,-5208.0,8351.0,-577.0,7475.0,-3500.0,8325.0,True,1040.48,1084.72,402.6,591.25,False,False,none
2025-bahrain-grand-prix-r,2025,Bahrain Grand Prix,92.0,2252,marshal_sector,1,,-393.18516682077734,1019.2457202941487,-183.0193522317992,5363.639580511922,436990,20,-5506.0,7500.0,-5208.0,8351.0,-577.0,7475.0,-3500.0,8325.0,True,1040.48,1084.72,402.6,591.25,False,False,none
2025-bahrain-grand-prix-r,2025,Bahrain Grand Prix,92.0,2253,marshal_sector,2,,-175.14318122269333,6721.273251192856,-181.66119035347916,547.0875856145775,436990,20,-5506.0,7500.0,-5208.0,8351.0,-577.0,7475.0,-3500.0,8325.0,True,1040.48,1084.72,402.6,591.25,False,False,none
2025-bahrain-grand-prix-r,2025,Bahrain Grand Prix,92.0,2254,marshal_sector,3,,2029.2699640665694,8072.488918922307,-92.26309259790793,933.5834340222527,436990,20,-5506.0,7500.0,-5208.0,8351.0,-577.0,7475.0,-3500.0,8325.0,True,1040.48,1084.72,402.6,591.25,False,False,none
2025-bahrain-grand-prix-r,2025,Bahrain Grand Prix,92.0,2255,marshal_sector,4,,5938.043810050906,7370.224849062551,-280.3649430533857,1337.9941245916257,436990,20,-5506.0,7500.0,-5208.0,8351.0,-577.0,7475.0,-3500.0,8325.0,True,1040.48,1084.72,402.6,591.25,False,False,none
2025-bahrain-grand-prix-r,2025,Bahrain Grand Prix,92.0,2256,marshal_sector,5,,6513.70075718814,5653.428139987438,-232.0687219607804,1671.4152007114917,436990,20,-5506.0,7500.0,-5208.0,8351.0,-577.0,7475.0,-3500.0,8325.0,True,1040.48,1084.72,402.6,591.25,False,False,none
2025-bahrain-grand-prix-r,2025,Bahrain Grand Prix,92.0,2257,marshal_sector,6,,5440.095702712174,4352.899291471682,-48.64079641349707,1839.3049255971937,436990,20,-5506.0,7500.0,-5208.0,8351.0,-577.0,7475.0,-3500.0,8325.0,True,1040.48,1084.72,402.6,591.25,False,False,none
2025-bahrain-grand-prix-r,2025,Bahrain Grand Prix,92.0,2258,marshal_sector,7,,3821.9524501325113,3945.006672204502,-231.59160600099403,2003.2043957486972,436990,20,-5506.0,7500.0,-5208.0,8351.0,-577.0,7475.0,-3500.0,8325.0,True,1040.48,1084.72,402.6,591.25,False,False,none
2025-bahrain-grand-prix-r,2025,Bahrain Grand Prix,92.0,2259,marshal_sector,8,,2911.010730493452,2694.7684765991303,-39.20325400614672,2161.824653410651,436990,20,-5506.0,7500.0,-5208.0,8351.0,-577.0,7475.0,-3500.0,8325.0,True,1040.48,1084.72,402.6,591.25,False,False,none
2025-bahrain-grand-prix-r,2025,Bahrain Grand Prix,92.0,2260,marshal_sector,9,,2442.776275183394,3827.134557864317,-191.0153709566126,2373.179495512098,436990,20,-5506.0,7500.0,-5208.0,8351.0,-577.0,7475.0,-3500.0,8325.0,True,1040.48,1084.72,402.6,591.25,False,False,none
2025-bahrain-grand-prix-r,2025,Bahrain Grand Prix,92.0,2261,marshal_sector,10,,2738.529117390359,5781.550810709912,-352.99822736448704,2568.868862522588,436990,20,-5506.0,7500.0,-5208.0,8351.0,-577.0,7475.0,-3500.0,8325.0,True,1040.48,1084.72,402.6,591.25,False,False,none
2025-bahrain-grand-prix-r,2025,Bahrain Grand Prix,92.0,2262,marshal_sector,11,,1949.4775333144244,6521.591324302724,-212.61674325961508,2698.411890230918,436990,20,-5506.0,7500.0,-5208.0,8351.0,-577.0,7475.0,-3500.0,8325.0,True,1040.48,1084.72,402.6,591.25,False,False,none
2025-bahrain-grand-prix-r,2025,Bahrain Grand Prix,92.0,2263,marshal_sector,12,,1517.9999047156216,158.3593602877404,-179.82846090152225,3343.437002237706,436990,20,-5506.0,7500.0,-5208.0,8351.0,-577.0,7475.0,-3500.0,8325.0,True,1040.48,1084.72,402.6,591.25,False,False,none
2025-bahrain-grand-prix-r,2025,Bahrain Grand Prix,92.0,2264,marshal_sector,13,,3148.505677394127,-112.14799183818741,-34.68452563647804,3580.6664602699448,436990,20,-5506.0,7500.0,-5208.0,8351.0,-577.0,7475.0,-3500.0,8325.0,True,1040.48,1084.72,402.6,591.25,False,False,none
2025-bahrain-grand-prix-r,2025,Bahrain Grand Prix,92.0,2265,marshal_sector,14,,3614.7748700455236,837.9162998259405,-205.63886118048757,3679.528769034735,436990,20,-5506.0,7500.0,-5208.0,8351.0,-577.0,7475.0,-3500.0,8325.0,True,1040.48,1084.72,402.6,591.25,False,False,none
2025-bahrain-grand-prix-r,2025,Bahrain Grand Prix,92.0,2266,marshal_sector,15,,6110.804921443389,1147.5976263942807,-296.589707129005,3972.6428510890914,436990,20,-5506.0,7500.0,-5208.0,8351.0,-577.0,7475.0,-3500.0,8325.0,True,1040.48,1084.72,402.6,591.25,False,False,none
2025-bahrain-grand-prix-r,2025,Bahrain Grand Prix,92.0,2267,marshal_sector,16,,5307.27870034297,-678.3114166110222,-61.88621689972388,4267.308949316165,436990,20,-5506.0,7500.0,-5208.0,8351.0,-577.0,7475.0,-3500.0,8325.0,True,1040.48,1084.72,402.6,591.25,False,False,none
2025-bahrain-grand-prix-r,2025,Bahrain Grand Prix,92.0,2268,marshal_sector,17,,1046.0055701188567,-3048.4253521873234,-60.88207277098843,4750.720247020783,436990,20,-5506.0,7500.0,-5208.0,8351.0,-577.0,7475.0,-3500.0,8325.0,True,1040.48,1084.72,402.6,591.25,False,False,none
2025-bahrain-grand-prix-r,2025,Bahrain Grand Prix,92.0,2269,marshal_sector,18,,-564.9093331818426,-2112.755204310328,-183.19816335548714,5035.9485070888595,436990,20,-5506.0,7500.0,-5208.0,8351.0,-577.0,7475.0,-3500.0,8325.0,True,1040.48,1084.72,402.6,591.25,False,False,none
2025-saudi-arabian-grand-prix-r,2025,Saudi Arabian Grand Prix,104.0,2270,corner,1,,-2908.523056214108,4757.490498091253,69.13662878898232,473.41005554463106,336779,20,-5795.0,25.0,-5642.0,21798.0,-5787.0,6.0,-5609.0,21753.0,True,500.0,2195.2000000000003,289.65000000000003,1368.1000000000001,False,False,none
2025-saudi-arabian-grand-prix-r,2025,Saudi Arabian Grand Prix,104.0,2271,corner,2,,-3463.1717202600994,4834.551790013647,40.81141650006943,537.8123063439361,336779,20,-5795.0,25.0,-5642.0,21798.0,-5787.0,6.0,-5609.0,21753.0,True,500.0,2195.2000000000003,289.65000000000003,1368.1000000000001,False,False,none
2025-saudi-arabian-grand-prix-r,2025,Saudi Arabian Grand Prix,104.0,2272,corner,3,,-3333.3247695142136,6205.801601139092,-3.557132416786196,671.6024206989126,336779,20,-5795.0,25.0,-5642.0,21798.0,-5787.0,6.0,-5609.0,21753.0,True,500.0,2195.2000000000003,289.65000000000003,1368.1000000000001,False,False,none
2025-saudi-arabian-grand-prix-r,2025,Saudi Arabian Grand Prix,104.0,2273,corner,4,,-3726.8753781951586,9192.730296885,47.148851941157076,983.0807602787055,336779,20,-5795.0,25.0,-5642.0,21798.0,-5787.0,6.0,-5609.0,21753.0,True,500.0,2195.2000000000003,289.65000000000003,1368.1000000000001,False,False,none
2025-saudi-arabian-grand-prix-r,2025,Saudi Arabian Grand Prix,104.0,2274,corner,5,,-4503.338061486339,9863.121848255349,22.80346716811735,1087.4977538046917,336779,20,-5795.0,25.0,-5642.0,21798.0,-5787.0,6.0,-5609.0,21753.0,True,500.0,2195.2000000000003,289.65000000000003,1368.1000000000001,False,False,none
2025-saudi-arabian-grand-prix-r,2025,Saudi Arabian Grand Prix,104.0,2275,corner,6,,-4285.277170059697,11311.588157372298,-17.739135074836348,1221.5059738120551,336779,20,-5795.0,25.0,-5642.0,21798.0,-5787.0,6.0,-5609.0,21753.0,True,500.0,2195.2000000000003,289.65000000000003,1368.1000000000001,False,False,none
2025-saudi-arabian-grand-prix-r,2025,Saudi Arabian Grand Prix,104.0,2276,corner,7,,-4405.375789032021,12447.507360095766,22.025440260194003,1338.5825888398729,336779,20,-5795.0,25.0,-5642.0,21798.0,-5787.0,6.0,-5609.0,21753.0,True,500.0,2195.2000000000003,289.65000000000003,1368.1000000000001,False,False,none
2025-saudi-arabian-grand-prix-r,2025,Saudi Arabian Grand Prix,104.0,2277,corner,8,,-4926.6524289887675,12948.264921924423,28.39364193520494,1426.0155856990789,336779,20,-5795.0,25.0,-5642.0,21798.0,-5787.0,6.0,-5609.0,21753.0,True,500.0,2195.2000000000003,289.65000000000003,1368.1000000000001,False,False,none
2025-saudi-arabian-grand-prix-r,2025,Saudi Arabian Grand Prix,104.0,2278,corner,9,,-4851.685765788991,14451.23927618633,141.24659981410446,1569.234002841971,336779,20,-5795.0,25.0,-5642.0,21798.0,-5787.0,6.0,-5609.0,21753.0,True,500.0,2195.2000000000003,289.65000000000003,1368.1000000000001,False,False,none
2025-saudi-arabian-grand-prix-r,2025,Saudi Arabian Grand Prix,104.0,2279,corner,10,,-4049.885091566999,15075.214007695733,-33.91941351687294,1679.1952913096663,336779,20,-5795.0,25.0,-5642.0,21798.0,-5787.0,6.0,-5609.0,21753.0,True,500.0,2195.2000000000003,289.65000000000003,1368.1000000000001,False,False,none
2025-saudi-arabian-grand-prix-r,2025,Saudi Arabian Grand Prix,104.0,2280,corner,11,,-3793.6155931845055,16049.942225670482,-14.63405531867106,1781.5199843952244,336779,20,-5795.0,25.0,-5642.0,21798.0,-5787.0,6.0,-5609.0,21753.0,True,500.0,2195.2000000000003,289.65000000000003,1368.1000000000001,False,False,none
2025-saudi-arabian-grand-prix-r,2025,Saudi Arabian Grand Prix,104.0,2281,corner,12,,-3573.7348764062713,16904.96513044109,-9.142795149235376,1857.9401524678012,336779,20,-5795.0,25.0,-5642.0,21798.0,-5787.0,6.0,-5609.0,21753.0,True,500.0,2195.2000000000003,289.65000000000003,1368.1000000000001,False,False,none
2025-saudi-arabian-grand-prix-r,2025,Saudi Arabian Grand Prix,104.0,2282,corner,13,,-4317.586218963094,21791.136106267713,102.44055797680988,2390.5116231136344,336779,20,-5795.0,25.0,-5642.0,21798.0,-5787.0,6.0,-5609.0,21753.0,True,500.0,2195.2000000000003,289.65000000000003,1368.1000000000001,False,False,none
2025-saudi-arabian-grand-prix-r,2025,Saudi Arabian Grand Prix,104.0,2283,corner,14,,-4128.693808130403,18964.562668757066,-173.05277545528216,2703.306221232473,336779,20,-5795.0,25.0,-5642.0,21798.0,-5787.0,6.0,-5609.0,21753.0,True,500.0,2195.2000000000003,289.65000000000003,1368.1000000000001,False,False,none
2025-saudi-arabian-grand-prix-r,2025,Saudi Arabian Grand Prix,104.0,2284,corner,15,,-4524.771575373783,16996.49388114333,-204.52800951234912,2900.8003511734955,336779,20,-5795.0,25.0,-5642.0,21798.0,-5787.0,6.0,-5609.0,21753.0,True,500.0,2195.2000000000003,289.65000000000003,1368.1000000000001,False,False,none
2025-saudi-arabian-grand-prix-r,2025,Saudi Arabian Grand Prix,104.0,2285,corner,16,,-4900.2146767086415,15776.132943023345,140.97019409517907,3035.2313403803046,336779,20,-5795.0,25.0,-5642.0,21798.0,-5787.0,6.0,-5609.0,21753.0,True,500.0,2195.2000000000003,289.65000000000003,1368.1000000000001,False,False,none
2025-saudi-arabian-grand-prix-r,2025,Saudi Arabian Grand Prix,104.0,2286,corner,17,,-5687.898927810389,15233.132054777167,-210.22979994929267,3143.608089947144,336779,20,-5795.0,25.0,-5642.0,21798.0,-5787.0,6.0,-5609.0,21753.0,True,500.0,2195.2000000000003,289.65000000000003,1368.1000000000001,False,False,none
2025-saudi-arabian-grand-prix-r,2025,Saudi Arabian Grand Prix,104.0,2287,corner,18,,-5575.506518373531,13034.768132909623,-160.33138124745375,3366.42679435634,336779,20,-5795.0,25.0,-5642.0,21798.0,-5787.0,6.0,-5609.0,21753.0,True,500.0,2195.2000000000003,289.65000000000003,1368.1000000000001,False,False,none
2025-saudi-arabian-grand-prix-r,2025,Saudi Arabian Grand Prix,104.0,2288,corner,19,,-4995.647738092284,11155.10295548154,-175.76376667524812,3576.5093820239126,336779,20,-5795.0,25.0,-5642.0,21798.0,-5787.0,6.0,-5609.0,21753.0,True,500.0,2195.2000000000003,289.65000000000003,1368.1000000000001,False,False,none
2025-saudi-arabian-grand-prix-r,2025,Saudi Arabian Grand Prix,104.0,2289,corner,20,,-4663.182729865367,9118.43162273858,-156.8365303890967,3781.9454222705695,336779,20,-5795.0,25.0,-5642.0,21798.0,-5787.0,6.0,-5609.0,21753.0,True,500.0,2195.2000000000003,289.65000000000003,1368.1000000000001,False,False,none
2025-saudi-arabian-grand-prix-r,2025,Saudi Arabian Grand Prix,104.0,2290,corner,21,,-3883.815484557315,7285.573383855088,-171.2512867068793,3966.7406549264333,336779,20,-5795.0,25.0,-5642.0,21798.0,-5787.0,6.0,-5609.0,21753.0,True,500.0,2195.2000000000003,289.65000000000003,1368.1000000000001,False,False,none
2025-saudi-arabian-grand-prix-r,2025,Saudi Arabian Grand Prix,104.0,2291,corner,22,,-3912.876567276061,4866.397794696875,-168.83778606792842,4216.134913004041,336779,20,-5795.0,25.0,-5642.0,21798.0,-5787.0,6.0,-5609.0,21753.0,True,500.0,2195.2000000000003,289.65000000000003,1368.1000000000001,False,False,none
2025-saudi-arabian-grand-prix-r,2025,Saudi Arabian Grand Prix,104.0,2292,corner,23,,-3409.812556762191,4155.133314899098,-134.08095044212348,4303.204601323824,336779,20,-5795.0,25.0,-5642.0,21798.0,-5787.0,6.0,-5609.0,21753.0,True,500.0,2195.2000000000003,289.65000000000003,1368.1000000000001,False,False,none
2025-saudi-arabian-grand-prix-r,2025,Saudi Arabian Grand Prix,104.0,2293,corner,24,,-3104.1254266500055,2806.184304442164,-188.77163719765326,4451.865409039052,336779,20,-5795.0,25.0,-5642.0,21798.0,-5787.0,6.0,-5609.0,21753.0,True,500.0,2195.2000000000003,289.65000000000003,1368.1000000000001,False,False,none
2025-saudi-arabian-grand-prix-r,2025,Saudi Arabian Grand Prix,104.0,2294,corner,25,,-4073.934794761703,93.77447360417227,-183.33071234860574,4740.465882606173,336779,20,-5795.0,25.0,-5642.0,21798.0,-5787.0,6.0,-5609.0,21753.0,True,500.0,2195.2000000000003,289.65000000000003,1368.1000000000001,False,False,none
2025-saudi-arabian-grand-prix-r,2025,Saudi Arabian Grand Prix,104.0,2295,corner,26,,-3097.992407379881,-3343.273850025347,-144.71499434218612,5103.826514754437,336779,20,-5795.0,25.0,-5642.0,21798.0,-5787.0,6.0,-5609.0,21753.0,True,500.0,2195.2000000000003,289.65000000000003,1368.1000000000001,False,False,none
2025-saudi-arabian-grand-prix-r,2025,Saudi Arabian Grand Prix,104.0,2296,corner,27,,-126.0020350712939,-5554.263009208047,-50.14775596432159,5472.636977391345,336779,20,-5795.0,25.0,-5642.0,21798.0,-5787.0,6.0,-5609.0,21753.0,True,500.0,2195.2000000000003,289.65000000000003,1368.1000000000001,False,False,none
2025-saudi-arabian-grand-prix-r,2025,Saudi Arabian Grand Prix,104.0,2297,marshal_light,1,,-1291.000003877149,216.00009714430962,-158.97907911337097,6072.552448328065,336779,20,-5795.0,25.0,-5642.0,21798.0,-5787.0,6.0,-5609.0,21753.0,True,500.0,2195.2000000000003,289.65000000000003,1368.1000000000001,False,False,none
2025-saudi-arabian-grand-prix-r,2025,Saudi Arabian Grand Prix,104.0,2298,marshal_light,2,,-2537.8466991620057,3956.515828842339,15.229727650253672,382.98159355592094,336779,20,-5795.0,25.0,-5642.0,21798.0,-5787.0,6.0,-5609.0,21753.0,True,500.0,2195.2000000000003,289.65000000000003,1368.1000000000001,False,False,none
2025-saudi-arabian-grand-prix-r,2025,Saudi Arabian Grand Prix,104.0,2299,marshal_light,3,,-3401.1214932205503,5738.37031859992,-13.27078493176392,622.294990942669,336779,20,-5795.0,25.0,-5642.0,21798.0,-5787.0,6.0,-5609.0,21753.0,True,500.0,2195.2000000000003,289.65000000000003,1368.1000000000001,False,False,none
2025-saudi-arabian-grand-prix-r,2025,Saudi Arabian Grand Prix,104.0,2300,marshal_light,4,,-3624.587264900437,8839.184186413064,3.364503084512897,933.9032375369688,336779,20,-5795.0,25.0,-5642.0,21798.0,-5787.0,6.0,-5609.0,21753.0,True,500.0,2195.2000000000003,289.65000000000003,1368.1000000000001,False,False,none
2025-saudi-arabian-grand-prix-r,2025,Saudi Arabian Grand Prix,104.0,2301,marshal_light,5,,-4597.6918013574195,10309.212951630367,4.005262742634578,1133.561047404302,336779,20,-5795.0,25.0,-5642.0,21798.0,-5787.0,6.0,-5609.0,21753.0,True,500.0,2195.2000000000003,289.65000000000003,1368.1000000000001,False,False,none
2025-saudi-arabian-grand-prix-r,2025,Saudi Arabian Grand Prix,104.0,2302,marshal_light,6,,-4785.04107085138,12803.0272272904,-123.40545617544265,1394.1651237410135,336779,20,-5795.0,25.0,-5642.0,21798.0,-5787.0,6.0,-5609.0,21753.0,True,500.0,2195.2000000000003,289.65000000000003,1368.1000000000001,False,False,none
2025-saudi-arabian-grand-prix-r,2025,Saudi Arabian Grand Prix,104.0,2303,marshal_light,7,,-3874.72445665939,15686.481246001642,-9.543217138267469,1727.688462134834,336779,20,-5795.0,25.0,-5642.0,21798.0,-5787.0,6.0,-5609.0,21753.0,True,500.0,2195.2000000000003,289.65000000000003,1368.1000000000001,False,False,none
2025-saudi-arabian-grand-prix-r,2025,Saudi Arabian Grand Prix,104.0,2304,marshal_light,8,,-3556.468927931447,20484.471647228835,5.112440477147274,2220.1349585923604,336779,20,-5795.0,25.0,-5642.0,21798.0,-5787.0,6.0,-5609.0,21753.0,True,500.0,2195.2000000000003,289.65000000000003,1368.1000000000001,False,False,none
2025-saudi-arabian-grand-prix-r,2025,Saudi Arabian Grand Prix,104.0,2305,marshal_light,9,,-4754.6021965651935,20501.21282053306,16.072863279514507,2535.8495062614866,336779,20,-5795.0,25.0,-5642.0,21798.0,-5787.0,6.0,-5609.0,21753.0,True,500.0,2195.2000000000003,289.65000000000003,1368.1000000000001,False,False,none
2025-saudi-arabian-grand-prix-r,2025,Saudi Arabian Grand Prix,104.0,2306,marshal_light,10,,-4242.5665452053745,17649.376805425833,-17.962137162906966,2842.2440138434326,336779,20,-5795.0,25.0,-5642.0,21798.0,-5787.0,6.0,-5609.0,21753.0,True,500.0,2195.2000000000003,289.65000000000003,1368.1000000000001,False,False,none
2025-saudi-arabian-grand-prix-r,2025,Saudi Arabian Grand Prix,104.0,2307,marshal_light,11,,-5789.4411328611695,14647.196543463051,-182.20462982930744,3212.026948907326,336779,20,-5795.0,25.0,-5642.0,21798.0,-5787.0,6.0,-5609.0,21753.0,True,500.0,2195.2000000000003,289.65000000000003,1368.1000000000001,False,False,none
2025-saudi-arabian-grand-prix-r,2025,Saudi Arabian Grand Prix,104.0,2308,marshal_light,12,,-5100.740512496313,11780.818322710375,13.963294281241879,3501.9336684606055,336779,20,-5795.0,25.0,-5642.0,21798.0,-5787.0,6.0,-5609.0,21753.0,True,500.0,2195.2000000000003,289.65000000000003,1368.1000000000001,False,False,none
2025-saudi-arabian-grand-prix-r,2025,Saudi Arabian Grand Prix,104.0,2309,marshal_light,13,,-4780.882008103577,9421.066408920422,-162.10276025593325,3745.7508136553497,336779,20,-5795.0,25.0,-5642.0,21798.0,-5787.0,6.0,-5609.0,21753.0,True,500.0,2195.2000000000003,289.65000000000003,1368.1000000000001,False,False,none
2025-saudi-arabian-grand-prix-r,2025,Saudi Arabian Grand Prix,104.0,2310,marshal_light,14,,-3857.3106726203955,5516.63875023131,-188.68946872384205,4138.45534229099,336779,20,-5795.0,25.0,-5642.0,21798.0,-5787.0,6.0,-5609.0,21753.0,True,500.0,2195.2000000000003,289.65000000000003,1368.1000000000001,False,False,none
2025-saudi-arabian-grand-prix-r,2025,Saudi Arabian Grand Prix,104.0,2311,marshal_light,15,,-3141.162647347398,3653.933995103597,11.840848976209934,4364.00386064393,336779,20,-5795.0,25.0,-5642.0,21798.0,-5787.0,6.0,-5609.0,21753.0,True,500.0,2195.2000000000003,289.65000000000003,1368.1000000000001,False,False,none
2025-saudi-arabian-grand-prix-r,2025,Saudi Arabian Grand Prix,104.0,2312,marshal_light,16,,-3432.62053377489,1989.4371297794223,-207.04754989852765,4543.663802440379,336779,20,-5795.0,25.0,-5642.0,21798.0,-5787.0,6.0,-5609.0,21753.0,True,500.0,2195.2000000000003,289.65000000000003,1368.1000000000001,False,False,none
2025-saudi-arabian-grand-prix-r,2025,Saudi Arabian Grand Prix,104.0,2313,marshal_light,17,,-4048.397723692279,-530.7813867614932,-172.11474681961263,4795.860473951291,336779,20,-5795.0,25.0,-5642.0,21798.0,-5787.0,6.0,-5609.0,21753.0,True,500.0,2195.2000000000003,289.65000000000003,1368.1000000000001,False,False,none
2025-saudi-arabian-grand-prix-r,2025,Saudi Arabian Grand Prix,104.0,2314,marshal_light,18,,-2825.140160499185,-3681.478297910102,42.75140244710765,5127.702608038213,336779,20,-5795.0,25.0,-5642.0,21798.0,-5787.0,6.0,-5609.0,21753.0,True,500.0,2195.2000000000003,289.65000000000003,1368.1000000000001,False,False,none
2025-saudi-arabian-grand-prix-r,2025,Saudi Arabian Grand Prix,104.0,2315,marshal_light,19,,-1027.189409142221,-5240.259422582414,-125.58951384692448,5380.5761557277,336779,20,-5795.0,25.0,-5642.0,21798.0,-5787.0,6.0,-5609.0,21753.0,True,500.0,2195.2000000000003,289.65000000000003,1368.1000000000001,False,False,none
2025-saudi-arabian-grand-prix-r,2025,Saudi Arabian Grand Prix,104.0,2316,marshal_light,20,,-33.327868324224255,-4863.852923415368,14.84684571967108,5543.918195431322,336779,20,-5795.0,25.0,-5642.0,21798.0,-5787.0,6.0,-5609.0,21753.0,True,500.0,2195.2000000000003,289.65000000000003,1368.1000000000001,False,False,none
2025-saudi-arabian-grand-prix-r,2025,Saudi Arabian Grand Prix,104.0,2317,marshal_light,21,,-480.6244732430541,-2790.7412224933087,13.537264163206906,5754.16848051144,336779,20,-5795.0,25.0,-5642.0,21798.0,-5787.0,6.0,-5609.0,21753.0,True,500.0,2195.2000000000003,289.65000000000003,1368.1000000000001,False,False,none
2025-saudi-arabian-grand-prix-r,2025,Saudi Arabian Grand Prix,104.0,2318,marshal_sector,1,,-1291.000003877149,216.00009714430962,-160.08161591868787,6072.552448328065,336779,20,-5795.0,25.0,-5642.0,21798.0,-5787.0,6.0,-5609.0,21753.0,True,500.0,2195.2000000000003,289.65000000000003,1368.1000000000001,False,False,none
2025-saudi-arabian-grand-prix-r,2025,Saudi Arabian Grand Prix,104.0,2319,marshal_sector,2,,-2578.888987028903,4103.767893323747,15.127710002191833,408.92129904074073,336779,20,-5795.0,25.0,-5642.0,21798.0,-5787.0,6.0,-5609.0,21753.0,True,500.0,2195.2000000000003,289.65000000000003,1368.1000000000001,False,False,none
2025-saudi-arabian-grand-prix-r,2025,Saudi Arabian Grand Prix,104.0,2320,marshal_sector,3,,-3372.24106208826,5878.714848878686,-10.698695209337625,640.0069745245904,336779,20,-5795.0,25.0,-5642.0,21798.0,-5787.0,6.0,-5609.0,21753.0,True,500.0,2195.2000000000003,289.65000000000003,1368.1000000000001,False,False,none
2025-saudi-arabian-grand-prix-r,2025,Saudi Arabian Grand Prix,104.0,2321,marshal_sector,4,,-3638.963144680895,8976.824373467743,9.021663358623542,946.0535326037384,336779,20,-5795.0,25.0,-5642.0,21798.0,-5787.0,6.0,-5609.0,21753.0,True,500.0,2195.2000000000003,289.65000000000003,1368.1000000000001,False,False,none
2025-saudi-arabian-grand-prix-r,2025,Saudi Arabian Grand Prix,104.0,2322,marshal_sector,5,,-4602.204800602082,10385.49951662682,1.9845808976252073,1144.317892114247,336779,20,-5795.0,25.0,-5642.0,21798.0,-5787.0,6.0,-5609.0,21753.0,True,500.0,2195.2000000000003,289.65000000000003,1368.1000000000001,False,False,none
2025-saudi-arabian-grand-prix-r,2025,Saudi Arabian Grand Prix,104.0,2323,marshal_sector,6,,-4931.138432678421,12956.700229041528,-152.15501673853754,1426.0155856990789,336779,20,-5795.0,25.0,-5642.0,21798.0,-5787.0,6.0,-5609.0,21753.0,True,500.0,2195.2000000000003,289.65000000000003,1368.1000000000001,False,False,none
2025-saudi-arabian-grand-prix-r,2025,Saudi Arabian Grand Prix,104.0,2324,marshal_sector,7,,-3862.5402386398882,15757.09575199735,-9.840372109156082,1748.0823419623594,336779,20,-5795.0,25.0,-5642.0,21798.0,-5787.0,6.0,-5609.0,21753.0,True,500.0,2195.2000000000003,289.65000000000003,1368.1000000000001,False,False,none
2025-saudi-arabian-grand-prix-r,2025,Saudi Arabian Grand Prix,104.0,2325,marshal_sector,8,,-3563.32721905552,20555.798987575054,5.522969190966158,2236.0842751890373,336779,20,-5795.0,25.0,-5642.0,21798.0,-5787.0,6.0,-5609.0,21753.0,True,500.0,2195.2000000000003,289.65000000000003,1368.1000000000001,False,False,none
2025-saudi-arabian-grand-prix-r,2025,Saudi Arabian Grand Prix,104.0,2326,marshal_sector,9,,-4787.846115230398,20659.928357119556,7.784283920432756,2525.0492673466115,336779,20,-5795.0,25.0,-5642.0,21798.0,-5787.0,6.0,-5609.0,21753.0,True,500.0,2195.2000000000003,289.65000000000003,1368.1000000000001,False,False,none
2025-saudi-arabian-grand-prix-r,2025,Saudi Arabian Grand Prix,104.0,2327,marshal_sector,10,,-4184.890966899258,17831.529679443123,-13.272763140245882,2822.418107661644,336779,20,-5795.0,25.0,-5642.0,21798.0,-5787.0,6.0,-5609.0,21753.0,True,500.0,2195.2000000000003,289.65000000000003,1368.1000000000001,False,False,none
2025-saudi-arabian-grand-prix-r,2025,Saudi Arabian Grand Prix,104.0,2328,marshal_sector,11,,-5779.488320590856,14790.142832951102,-184.8098927609404,3184.0239344172464,336779,20,-5795.0,25.0,-5642.0,21798.0,-5787.0,6.0,-5609.0,21753.0,True,500.0,2195.2000000000003,289.65000000000003,1368.1000000000001,False,False,none
2025-saudi-arabian-grand-prix-r,2025,Saudi Arabian Grand Prix,104.0,2329,marshal_sector,12,,-5132.909292327659,11900.771398148037,16.187324509992187,3477.3897829066973,336779,20,-5795.0,25.0,-5642.0,21798.0,-5787.0,6.0,-5609.0,21753.0,True,500.0,2195.2000000000003,289.65000000000003,1368.1000000000001,False,False,none
2025-saudi-arabian-grand-prix-r,2025,Saudi Arabian Grand Prix,104.0,2330,marshal_sector,13,,-4803.278430554008,9494.137737937928,-163.42892175446462,3740.5539558841933,336779,20,-5795.0,25.0,-5642.0,21798.0,-5787.0,6.0,-5609.0,21753.0,True,500.0,2195.2000000000003,289.65000000000003,1368.1000000000001,False,False,none
2025-saudi-arabian-grand-prix-r,2025,Saudi Arabian Grand Prix,104.0,2331,marshal_sector,14,,-3834.8281784876694,5682.283887256607,-185.76712266693508,4138.45534229099,336779,20,-5795.0,25.0,-5642.0,21798.0,-5787.0,6.0,-5609.0,21753.0,True,500.0,2195.2000000000003,289.65000000000003,1368.1000000000001,False,False,none
2025-saudi-arabian-grand-prix-r,2025,Saudi Arabian Grand Prix,104.0,2332,marshal_sector,15,,-3177.838956415292,3787.2665965243723,21.79228339586453,4350.859756093307,336779,20,-5795.0,25.0,-5642.0,21798.0,-5787.0,6.0,-5609.0,21753.0,True,500.0,2195.2000000000003,289.65000000000003,1368.1000000000001,False,False,none
2025-saudi-arabian-grand-prix-r,2025,Saudi Arabian Grand Prix,104.0,2333,marshal_sector,16,,-3365.886435883208,2121.6366807542236,-206.46787591613636,4523.898199850214,336779,20,-5795.0,25.0,-5642.0,21798.0,-5787.0,6.0,-5609.0,21753.0,True,500.0,2195.2000000000003,289.65000000000003,1368.1000000000001,False,False,none
2025-saudi-arabian-grand-prix-r,2025,Saudi Arabian Grand Prix,104.0,2334,marshal_sector,17,,-4058.039283343774,-445.3879913736382,-173.74826694554767,4795.860473951291,336779,20,-5795.0,25.0,-5642.0,21798.0,-5787.0,6.0,-5609.0,21753.0,True,500.0,2195.2000000000003,289.65000000000003,1368.1000000000001,False,False,none
2025-saudi-arabian-grand-prix-r,2025,Saudi Arabian Grand Prix,104.0,2335,marshal_sector,18,,-2871.85813783956,-3627.1491794918275,40.340890626667786,5127.702608038213,336779,20,-5795.0,25.0,-5642.0,21798.0,-5787.0,6.0,-5609.0,21753.0,True,500.0,2195.2000000000003,289.65000000000003,1368.1000000000001,False,False,none
2025-saudi-arabian-grand-prix-r,2025,Saudi Arabian Grand Prix,104.0,2336,marshal_sector,19,,-1027.189409142221,-5240.259422582414,-125.05395053410211,5380.5761557277,336779,20,-5795.0,25.0,-5642.0,21798.0,-5787.0,6.0,-5609.0,21753.0,True,500.0,2195.2000000000003,289.65000000000003,1368.1000000000001,False,False,none
2025-saudi-arabian-grand-prix-r,2025,Saudi Arabian Grand Prix,104.0,2337,marshal_sector,20,,-75.49763681782133,-4672.6190535386995,12.44661482848948,5573.449200952035,336779,20,-5795.0,25.0,-5642.0,21798.0,-5787.0,6.0,-5609.0,21753.0,True,500.0,2195.2000000000003,289.65000000000003,1368.1000000000001,False,False,none
2025-saudi-arabian-grand-prix-r,2025,Saudi Arabian Grand Prix,104.0,2338,marshal_sector,21,,-540.3497079102599,-2534.983386383301,13.316934572770066,5792.105307937906,336779,20,-5795.0,25.0,-5642.0,21798.0,-5787.0,6.0,-5609.0,21753.0,True,500.0,2195.2000000000003,289.65000000000003,1368.1000000000001,False,False,none
2025-miami-grand-prix-r,2025,Miami Grand Prix,2.0,2339,corner,1,,5000.369793483242,-1839.8522404781493,13.105267748793366,371.1309626755057,362855,20,-4420.0,10566.0,-4795.0,1081.0,-4397.0,10555.0,-4777.0,1068.0,True,1198.88,500.0,747.6,292.25,False,False,none
2025-miami-grand-prix-r,2025,Miami Grand Prix,2.0,2340,corner,2,,4462.642212325851,-2689.7583956578064,-204.28272131554675,481.02955400544454,362855,20,-4420.0,10566.0,-4795.0,1081.0,-4397.0,10555.0,-4777.0,1068.0,True,1198.88,500.0,747.6,292.25,False,False,none
2025-miami-grand-prix-r,2025,Miami Grand Prix,2.0,2341,corner,3,,4309.500670688195,-3575.67295168473,-26.05420127632257,560.8527470245921,362855,20,-4420.0,10566.0,-4795.0,1081.0,-4397.0,10555.0,-4777.0,1068.0,True,1198.88,500.0,747.6,292.25,False,False,none
2025-miami-grand-prix-r,2025,Miami Grand Prix,2.0,2342,corner,4,,-676.0693652512309,-2600.6091257160274,98.59121328981095,1123.9665753638894,362855,20,-4420.0,10566.0,-4795.0,1081.0,-4397.0,10555.0,-4777.0,1068.0,True,1198.88,500.0,747.6,292.25,False,False,none
2025-miami-grand-prix-r,2025,Miami Grand Prix,2.0,2343,corner,5,,-1907.3326955178982,-3176.9562439254723,-88.84133007407493,1254.7870621724321,362855,20,-4420.0,10566.0,-4795.0,1081.0,-4397.0,10555.0,-4777.0,1068.0,True,1198.88,500.0,747.6,292.25,False,False,none
2025-miami-grand-prix-r,2025,Miami Grand Prix,2.0,2344,corner,6,,-3137.5593907383045,-2430.703374495633,76.7596891131636,1409.716742515942,362855,20,-4420.0,10566.0,-4795.0,1081.0,-4397.0,10555.0,-4777.0,1068.0,True,1198.88,500.0,747.6,292.25,False,False,none
2025-miami-grand-prix-r,2025,Miami Grand Prix,2.0,2345,corner,7,,-4269.134881984064,-3061.383489615324,-206.14602841635806,1533.8762265668915,362855,20,-4420.0,10566.0,-4795.0,1081.0,-4397.0,10555.0,-4777.0,1068.0,True,1198.88,500.0,747.6,292.25,False,False,none
2025-miami-grand-prix-r,2025,Miami Grand Prix,2.0,2346,corner,8,,-4102.85861495594,-3929.779531894037,-103.47547732876453,1632.264709844777,362855,20,-4420.0,10566.0,-4795.0,1081.0,-4397.0,10555.0,-4777.0,1068.0,True,1198.88,500.0,747.6,292.25,False,False,none
2025-miami-grand-prix-r,2025,Miami Grand Prix,2.0,2347,corner,9,,1099.937315405985,-4144.409317682837,-103.85433294911317,2164.5657174695675,362855,20,-4420.0,10566.0,-4795.0,1081.0,-4397.0,10555.0,-4777.0,1068.0,True,1198.88,500.0,747.6,292.25,False,False,none
2025-miami-grand-prix-r,2025,Miami Grand Prix,2.0,2348,corner,10,,3806.3527998616332,-4793.668301112775,-89.35439995404974,2439.3843744861574,362855,20,-4420.0,10566.0,-4795.0,1081.0,-4397.0,10555.0,-4777.0,1068.0,True,1198.88,500.0,747.6,292.25,False,False,none
2025-miami-grand-prix-r,2025,Miami Grand Prix,2.0,2349,corner,11,,9665.021110379748,-2550.919180644675,-14.93577695515648,3064.6252910482044,362855,20,-4420.0,10566.0,-4795.0,1081.0,-4397.0,10555.0,-4777.0,1068.0,True,1198.88,500.0,747.6,292.25,False,False,none
2025-miami-grand-prix-r,2025,Miami Grand Prix,2.0,2350,corner,12,,9121.664811212708,-1632.476629886879,-190.68247210100918,3190.361986864857,362855,20,-4420.0,10566.0,-4795.0,1081.0,-4397.0,10555.0,-4777.0,1068.0,True,1198.88,500.0,747.6,292.25,False,False,none
2025-miami-grand-prix-r,2025,Miami Grand Prix,2.0,2351,corner,13,,10178.349780215427,-1114.2869760280732,-65.47564941450844,3311.265373342355,362855,20,-4420.0,10566.0,-4795.0,1081.0,-4397.0,10555.0,-4777.0,1068.0,True,1198.88,500.0,747.6,292.25,False,False,none
2025-miami-grand-prix-r,2025,Miami Grand Prix,2.0,2352,corner,14,,10550.674337648416,-506.2839966977317,12.80443445178615,3385.98193899594,362855,20,-4420.0,10566.0,-4795.0,1081.0,-4397.0,10555.0,-4777.0,1068.0,True,1198.88,500.0,747.6,292.25,False,False,none
2025-miami-grand-prix-r,2025,Miami Grand Prix,2.0,2353,corner,15,,10423.83331142524,-365.12324260597416,-150.4254968779324,3408.955338411355,362855,20,-4420.0,10566.0,-4795.0,1081.0,-4397.0,10555.0,-4777.0,1068.0,True,1198.88,500.0,747.6,292.25,False,False,none
2025-miami-grand-prix-r,2025,Miami Grand Prix,2.0,2354,corner,16,,10488.330955116391,520.3380238835039,26.564442806433156,3502.8901986947917,362855,20,-4420.0,10566.0,-4795.0,1081.0,-4397.0,10555.0,-4777.0,1068.0,True,1198.88,500.0,747.6,292.25,False,False,none
2025-miami-grand-prix-r,2025,Miami Grand Prix,2.0,2355,corner,17,,-2590.1974394339068,924.3686299701099,-197.70238483941122,4811.5134157532175,362855,20,-4420.0,10566.0,-4795.0,1081.0,-4397.0,10555.0,-4777.0,1068.0,True,1198.88,500.0,747.6,292.25,False,False,none
2025-miami-grand-prix-r,2025,Miami Grand Prix,2.0,2356,corner,18,,-1584.2044787404711,167.169604298188,-93.53368255106844,4963.557857381866,362855,20,-4420.0,10566.0,-4795.0,1081.0,-4397.0,10555.0,-4777.0,1068.0,True,1198.88,500.0,747.6,292.25,False,False,none
2025-miami-grand-prix-r,2025,Miami Grand Prix,2.0,2357,corner,19,,428.83100056233343,623.5196314303143,-94.33128150175669,5162.3166030886405,362855,20,-4420.0,10566.0,-4795.0,1081.0,-4397.0,10555.0,-4777.0,1068.0,True,1198.88,500.0,747.6,292.25,False,False,none
2025-miami-grand-prix-r,2025,Miami Grand Prix,2.0,2358,marshal_light,1,,4997.957173703629,-1831.876604165387,23.24805610824682,371.1309626755057,362855,20,-4420.0,10566.0,-4795.0,1081.0,-4397.0,10555.0,-4777.0,1068.0,True,1198.88,500.0,747.6,292.25,False,False,none
2025-miami-grand-prix-r,2025,Miami Grand Prix,2.0,2359,marshal_light,2,,4511.520511539388,-2597.2187311371863,146.1485002042901,468.86696152653883,362855,20,-4420.0,10566.0,-4795.0,1081.0,-4397.0,10555.0,-4777.0,1068.0,True,1198.88,500.0,747.6,292.25,False,False,none
2025-miami-grand-prix-r,2025,Miami Grand Prix,2.0,2360,marshal_light,3,,4327.19899532014,-3537.7567482945706,-19.19396110403489,560.8527470245921,362855,20,-4420.0,10566.0,-4795.0,1081.0,-4397.0,10555.0,-4777.0,1068.0,True,1198.88,500.0,747.6,292.25,False,False,none
2025-miami-grand-prix-r,2025,Miami Grand Prix,2.0,2361,marshal_light,4,,-647.0913399390502,-2596.1671217309804,90.07404441999982,1123.9665753638894,362855,20,-4420.0,10566.0,-4795.0,1081.0,-4397.0,10555.0,-4777.0,1068.0,True,1198.88,500.0,747.6,292.25,False,False,none
2025-miami-grand-prix-r,2025,Miami Grand Prix,2.0,2362,marshal_light,5,,-1873.8392260589271,-3176.0745164122286,-87.25959480954108,1254.7870621724321,362855,20,-4420.0,10566.0,-4795.0,1081.0,-4397.0,10555.0,-4777.0,1068.0,True,1198.88,500.0,747.6,292.25,False,False,none
2025-miami-grand-prix-r,2025,Miami Grand Prix,2.0,2363,marshal_light,6,,-3081.2194955373425,-2446.9368035744365,73.39379190852074,1382.549846630411,362855,20,-4420.0,10566.0,-4795.0,1081.0,-4397.0,10555.0,-4777.0,1068.0,True,1198.88,500.0,747.6,292.25,False,False,none
2025-miami-grand-prix-r,2025,Miami Grand Prix,2.0,2364,marshal_light,7,,-4229.050767166637,-2983.101286473612,-209.5138053434215,1533.8762265668915,362855,20,-4420.0,10566.0,-4795.0,1081.0,-4397.0,10555.0,-4777.0,1068.0,True,1198.88,500.0,747.6,292.25,False,False,none
2025-miami-grand-prix-r,2025,Miami Grand Prix,2.0,2365,marshal_light,8,,-4086.55923136568,-3933.647160981905,-103.04993499227005,1632.264709844777,362855,20,-4420.0,10566.0,-4795.0,1081.0,-4397.0,10555.0,-4777.0,1068.0,True,1198.88,500.0,747.6,292.25,False,False,none
2025-miami-grand-prix-r,2025,Miami Grand Prix,2.0,2366,marshal_light,9,,1124.3363091631634,-4150.421866306782,-104.17659812148966,2164.5657174695675,362855,20,-4420.0,10566.0,-4795.0,1081.0,-4397.0,10555.0,-4777.0,1068.0,True,1198.88,500.0,747.6,292.25,False,False,none
2025-miami-grand-prix-r,2025,Miami Grand Prix,2.0,2367,marshal_light,10,,3898.4841158438603,-4792.627182158717,-89.30325334034013,2439.3843744861574,362855,20,-4420.0,10566.0,-4795.0,1081.0,-4397.0,10555.0,-4777.0,1068.0,True,1198.88,500.0,747.6,292.25,False,False,none
2025-miami-grand-prix-r,2025,Miami Grand Prix,2.0,2368,marshal_light,11,,9677.97299332446,-2485.3110302253635,-2.209133327697984,3092.1598101061804,362855,20,-4420.0,10566.0,-4795.0,1081.0,-4397.0,10555.0,-4777.0,1068.0,True,1198.88,500.0,747.6,292.25,False,False,none
2025-miami-grand-prix-r,2025,Miami Grand Prix,2.0,2369,marshal_light,12,,9140.866008230416,-1542.4674449145018,-196.08943685523633,3200.057019247262,362855,20,-4420.0,10566.0,-4795.0,1081.0,-4397.0,10555.0,-4777.0,1068.0,True,1198.88,500.0,747.6,292.25,False,False,none
2025-miami-grand-prix-r,2025,Miami Grand Prix,2.0,2370,marshal_light,13,,10182.07385268481,-1112.3778018181606,-62.739549358182856,3311.265373342355,362855,20,-4420.0,10566.0,-4795.0,1081.0,-4397.0,10555.0,-4777.0,1068.0,True,1198.88,500.0,747.6,292.25,False,False,none
2025-miami-grand-prix-r,2025,Miami Grand Prix,2.0,2371,marshal_light,14,,10547.20714841317,-498.6562712726445,25.71166460966417,3385.98193899594,362855,20,-4420.0,10566.0,-4795.0,1081.0,-4397.0,10555.0,-4777.0,1068.0,True,1198.88,500.0,747.6,292.25,False,False,none
2025-miami-grand-prix-r,2025,Miami Grand Prix,2.0,2372,marshal_light,15,,10407.489981897303,-335.87639314693115,-156.4368431063108,3414.7801769508246,362855,20,-4420.0,10566.0,-4795.0,1081.0,-4397.0,10555.0,-4777.0,1068.0,True,1198.88,500.0,747.6,292.25,False,False,none
2025-miami-grand-prix-r,2025,Miami Grand Prix,2.0,2373,marshal_light,16,,10467.019726911996,556.3294712497441,38.71174201538648,3508.4822216397156,362855,20,-4420.0,10566.0,-4795.0,1081.0,-4397.0,10555.0,-4777.0,1068.0,True,1198.88,500.0,747.6,292.25,False,False,none
2025-miami-grand-prix-r,2025,Miami Grand Prix,2.0,2374,marshal_light,17,,-2590.1974394339068,924.3686299701099,-207.11890135197746,4811.5134157532175,362855,20,-4420.0,10566.0,-4795.0,1081.0,-4397.0,10555.0,-4777.0,1068.0,True,1198.88,500.0,747.6,292.25,False,False,none
2025-miami-grand-prix-r,2025,Miami Grand Prix,2.0,2375,marshal_light,18,,-1592.5547397242626,167.8120645619756,-94.34042821261917,4963.557857381866,362855,20,-4420.0,10566.0,-4795.0,1081.0,-4397.0,10555.0,-4777.0,1068.0,True,1198.88,500.0,747.6,292.25,False,False,none
2025-miami-grand-prix-r,2025,Miami Grand Prix,2.0,2376,marshal_light,19,,478.96239027630145,619.9570060999004,-94.12286918909055,5184.591871911035,362855,20,-4420.0,10566.0,-4795.0,1081.0,-4397.0,10555.0,-4777.0,1068.0,True,1198.88,500.0,747.6,292.25,False,False,none
2025-miami-grand-prix-r,2025,Miami Grand Prix,2.0,2377,marshal_sector,1,,2803.3987981021296,-478.80618962986046,58.00010505595321,112.03876535782526,362855,20,-4420.0,10566.0,-4795.0,1081.0,-4397.0,10555.0,-4777.0,1068.0,True,1198.88,500.0,747.6,292.25,False,False,none
2025-miami-grand-prix-r,2025,Miami Grand Prix,2.0,2378,marshal_sector,2,,4617.257508946059,-1506.088225048306,61.24635373582045,327.6863805747263,362855,20,-4420.0,10566.0,-4795.0,1081.0,-4397.0,10555.0,-4777.0,1068.0,True,1198.88,500.0,747.6,292.25,False,False,none
2025-miami-grand-prix-r,2025,Miami Grand Prix,2.0,2379,marshal_sector,3,,4456.171055373532,-2709.653010828286,-17.91093587722867,481.02955400544454,362855,20,-4420.0,10566.0,-4795.0,1081.0,-4397.0,10555.0,-4777.0,1068.0,True,1198.88,500.0,747.6,292.25,False,False,none
2025-miami-grand-prix-r,2025,Miami Grand Prix,2.0,2380,marshal_sector,4,,3514.326544051583,-4182.512344740386,-71.65652312663332,681.0472289230739,362855,20,-4420.0,10566.0,-4795.0,1081.0,-4397.0,10555.0,-4777.0,1068.0,True,1198.88,500.0,747.6,292.25,False,False,none
2025-miami-grand-prix-r,2025,Miami Grand Prix,2.0,2381,marshal_sector,5,,1648.8043395873856,-3853.7150502365357,-122.87850901388938,877.4535660370314,362855,20,-4420.0,10566.0,-4795.0,1081.0,-4397.0,10555.0,-4777.0,1068.0,True,1198.88,500.0,747.6,292.25,False,False,none
2025-miami-grand-prix-r,2025,Miami Grand Prix,2.0,2382,marshal_sector,6,,-128.30653991748932,-2738.775733689044,-117.70956008966621,1073.7194002172337,362855,20,-4420.0,10566.0,-4795.0,1081.0,-4397.0,10555.0,-4777.0,1068.0,True,1198.88,500.0,747.6,292.25,False,False,none
2025-miami-grand-prix-r,2025,Miami Grand Prix,2.0,2383,marshal_sector,7,,-3170.8549185949987,-2427.392236675971,85.22209702069824,1409.716742515942,362855,20,-4420.0,10566.0,-4795.0,1081.0,-4397.0,10555.0,-4777.0,1068.0,True,1198.88,500.0,747.6,292.25,False,False,none
2025-miami-grand-prix-r,2025,Miami Grand Prix,2.0,2384,marshal_sector,8,,-4149.705896985557,-3912.3433710527734,-114.59151927887854,1632.264709844777,362855,20,-4420.0,10566.0,-4795.0,1081.0,-4397.0,10555.0,-4777.0,1068.0,True,1198.88,500.0,747.6,292.25,False,False,none
2025-miami-grand-prix-r,2025,Miami Grand Prix,2.0,2385,marshal_sector,9,,-2553.342889208936,-4015.7226035617423,72.08178591076071,1793.2902038870616,362855,20,-4420.0,10566.0,-4795.0,1081.0,-4397.0,10555.0,-4777.0,1068.0,True,1198.88,500.0,747.6,292.25,False,False,none
2025-miami-grand-prix-r,2025,Miami Grand Prix,2.0,2386,marshal_sector,10,,526.4584826336404,-4088.233649307478,89.41359402381273,2108.7554801858405,362855,20,-4420.0,10566.0,-4795.0,1081.0,-4397.0,10555.0,-4777.0,1068.0,True,1198.88,500.0,747.6,292.25,False,False,none
2025-miami-grand-prix-r,2025,Miami Grand Prix,2.0,2387,marshal_sector,11,,4350.028328369526,-4768.599976217229,-84.7942717570709,2486.3019193355085,362855,20,-4420.0,10566.0,-4795.0,1081.0,-4397.0,10555.0,-4777.0,1068.0,True,1198.88,500.0,747.6,292.25,False,False,none
2025-miami-grand-prix-r,2025,Miami Grand Prix,2.0,2388,marshal_sector,12,,8872.11257422371,-3191.8127337970427,-62.04050017161049,2981.0336937070447,362855,20,-4420.0,10566.0,-4795.0,1081.0,-4397.0,10555.0,-4777.0,1068.0,True,1198.88,500.0,747.6,292.25,False,False,none
2025-miami-grand-prix-r,2025,Miami Grand Prix,2.0,2389,marshal_sector,13,,9505.668689100446,-2220.2873768411337,49.32020015920982,3114.9357966251882,362855,20,-4420.0,10566.0,-4795.0,1081.0,-4397.0,10555.0,-4777.0,1068.0,True,1198.88,500.0,747.6,292.25,False,False,none
2025-miami-grand-prix-r,2025,Miami Grand Prix,2.0,2390,marshal_sector,14,,9794.509221480319,-1197.4228367127662,-88.85517025342142,3270.1787534267596,362855,20,-4420.0,10566.0,-4795.0,1081.0,-4397.0,10555.0,-4777.0,1068.0,True,1198.88,500.0,747.6,292.25,False,False,none
2025-miami-grand-prix-r,2025,Miami Grand Prix,2.0,2391,marshal_sector,15,,10550.906697066988,-585.5380706144956,-3.309013042477517,3377.771406258993,362855,20,-4420.0,10566.0,-4795.0,1081.0,-4397.0,10555.0,-4777.0,1068.0,True,1198.88,500.0,747.6,292.25,False,False,none
2025-miami-grand-prix-r,2025,Miami Grand Prix,2.0,2392,marshal_sector,16,,10509.999513652534,384.96492462559263,0.3545388708608712,3488.836142224232,362855,20,-4420.0,10566.0,-4795.0,1081.0,-4397.0,10555.0,-4777.0,1068.0,True,1198.88,500.0,747.6,292.25,False,False,none
2025-miami-grand-prix-r,2025,Miami Grand Prix,2.0,2393,marshal_sector,17,,2079.953309642433,905.0761640205983,88.6675591422101,4344.51967640373,362855,20,-4420.0,10566.0,-4795.0,1081.0,-4397.0,10555.0,-4777.0,1068.0,True,1198.88,500.0,747.6,292.25,False,False,none
2025-miami-grand-prix-r,2025,Miami Grand Prix,2.0,2394,marshal_sector,18,,-2236.023053672653,1077.7389850888403,94.31787856754198,4775.18457563387,362855,20,-4420.0,10566.0,-4795.0,1081.0,-4397.0,10555.0,-4777.0,1068.0,True,1198.88,500.0,747.6,292.25,False,False,none
2025-miami-grand-prix-r,2025,Miami Grand Prix,2.0,2395,marshal_sector,19,,-1894.2499472827622,246.1673534720312,-110.11498057466295,4917.859184918072,362855,20,-4420.0,10566.0,-4795.0,1081.0,-4397.0,10555.0,-4777.0,1068.0,True,1198.88,500.0,747.6,292.25,False,False,none
2025-miami-grand-prix-r,2025,Miami Grand Prix,2.0,2396,marshal_sector,20,,-22.539872289684354,602.3514891089849,-82.13234055613526,5130.09700903487,362855,20,-4420.0,10566.0,-4795.0,1081.0,-4397.0,10555.0,-4777.0,1068.0,True,1198.88,500.0,747.6,292.25,False,False,none
2025-emilia-romagna-grand-prix-r,2025,Emilia Romagna Grand Prix,0.0,2397,corner,1,,-4002.5498661460833,-1659.2946044991618,-97.82392870469776,258.6155227381268,400409,20,-14916.0,3191.0,-10396.0,-358.0,-14892.0,3170.0,-10387.0,-376.0,True,1448.56,803.04,903.1,500.55,False,False,none
2025-emilia-romagna-grand-prix-r,2025,Emilia Romagna Grand Prix,0.0,2398,corner,2,,-10194.152086855822,-1797.2700204435946,111.88313377257879,874.7563222493422,400409,20,-14916.0,3191.0,-10396.0,-358.0,-14892.0,3170.0,-10387.0,-376.0,True,1448.56,803.04,903.1,500.55,False,False,none
2025-emilia-romagna-grand-prix-r,2025,Emilia Romagna Grand Prix,0.0,2399,corner,3,,-10487.442618448618,-2314.6945517724075,-30.15716702996394,943.4033271179383,400409,20,-14916.0,3191.0,-10396.0,-358.0,-14892.0,3170.0,-10387.0,-376.0,True,1448.56,803.04,903.1,500.55,False,False,none
2025-emilia-romagna-grand-prix-r,2025,Emilia Romagna Grand Prix,0.0,2400,corner,4,,-11612.711556602806,-3147.8826331294936,140.59195787354795,1079.4889520480656,400409,20,-14916.0,3191.0,-10396.0,-358.0,-14892.0,3170.0,-10387.0,-376.0,True,1448.56,803.04,903.1,500.55,False,False,none
2025-emilia-romagna-grand-prix-r,2025,Emilia Romagna Grand Prix,0.0,2401,corner,5,,-13160.352086037015,-7153.475069517273,-178.31172884591876,1500.6845023317123,400409,20,-14916.0,3191.0,-10396.0,-358.0,-14892.0,3170.0,-10387.0,-376.0,True,1448.56,803.04,903.1,500.55,False,False,none
2025-emilia-romagna-grand-prix-r,2025,Emilia Romagna Grand Prix,0.0,2402,corner,6,,-13043.750758589213,-8102.168121445727,-21.4386519733737,1612.6496885651613,400409,20,-14916.0,3191.0,-10396.0,-358.0,-14892.0,3170.0,-10387.0,-376.0,True,1448.56,803.04,903.1,500.55,False,False,none
2025-emilia-romagna-grand-prix-r,2025,Emilia Romagna Grand Prix,0.0,2403,corner,7,,-14871.735794051183,-10110.13631173347,-171.05139602443612,1895.3988622819213,400409,20,-14916.0,3191.0,-10396.0,-358.0,-14892.0,3170.0,-10387.0,-376.0,True,1448.56,803.04,903.1,500.55,False,False,none
2025-emilia-romagna-grand-prix-r,2025,Emilia Romagna Grand Prix,0.0,2404,corner,8,,-11074.14236341196,-9919.316626373356,90.9730095125042,2284.407354668393,400409,20,-14916.0,3191.0,-10396.0,-358.0,-14892.0,3170.0,-10387.0,-376.0,True,1448.56,803.04,903.1,500.55,False,False,none
2025-emilia-romagna-grand-prix-r,2025,Emilia Romagna Grand Prix,0.0,2405,corner,9,,-8677.443388922406,-9848.486839053796,-41.148155207078,2538.1076138076996,400409,20,-14916.0,3191.0,-10396.0,-358.0,-14892.0,3170.0,-10387.0,-376.0,True,1448.56,803.04,903.1,500.55,False,False,none
2025-emilia-romagna-grand-prix-r,2025,Emilia Romagna Grand Prix,0.0,2406,corner,10,,-8237.282519977727,-8597.52562471613,-180.56795042522023,2676.417717322029,400409,20,-14916.0,3191.0,-10396.0,-358.0,-14892.0,3170.0,-10387.0,-376.0,True,1448.56,803.04,903.1,500.55,False,False,none
2025-emilia-romagna-grand-prix-r,2025,Emilia Romagna Grand Prix,0.0,2407,corner,11,,-8627.001765725101,-6142.266366985422,-191.14447209022003,2930.712254294549,400409,20,-14916.0,3191.0,-10396.0,-358.0,-14892.0,3170.0,-10387.0,-376.0,True,1448.56,803.04,903.1,500.55,False,False,none
2025-emilia-romagna-grand-prix-r,2025,Emilia Romagna Grand Prix,0.0,2408,corner,12,,-8140.502538082326,-5357.265931568226,115.09022178802522,3023.9534022745306,400409,20,-14916.0,3191.0,-10396.0,-358.0,-14892.0,3170.0,-10387.0,-376.0,True,1448.56,803.04,903.1,500.55,False,False,none
2025-emilia-romagna-grand-prix-r,2025,Emilia Romagna Grand Prix,0.0,2409,corner,13,,-7328.02827991963,-5441.099711541869,-90.97901268389123,3087.6095977408504,400409,20,-14916.0,3191.0,-10396.0,-358.0,-14892.0,3170.0,-10387.0,-376.0,True,1448.56,803.04,903.1,500.55,False,False,none
2025-emilia-romagna-grand-prix-r,2025,Emilia Romagna Grand Prix,0.0,2410,corner,14,,-3203.535205733467,-5287.1526108486405,64.02888553347759,3530.5951555263327,400409,20,-14916.0,3191.0,-10396.0,-358.0,-14892.0,3170.0,-10387.0,-376.0,True,1448.56,803.04,903.1,500.55,False,False,none
2025-emilia-romagna-grand-prix-r,2025,Emilia Romagna Grand Prix,0.0,2411,corner,15,,-2813.3766286096075,-5561.05664668873,-96.25082233626188,3578.8512403758436,400409,20,-14916.0,3191.0,-10396.0,-358.0,-14892.0,3170.0,-10387.0,-376.0,True,1448.56,803.04,903.1,500.55,False,False,none
2025-emilia-romagna-grand-prix-r,2025,Emilia Romagna Grand Prix,0.0,2412,corner,16,,1549.6159178222933,-2360.470641944083,-51.56989885889029,4122.38153472012,400409,20,-14916.0,3191.0,-10396.0,-358.0,-14892.0,3170.0,-10387.0,-376.0,True,1448.56,803.04,903.1,500.55,False,False,none
2025-emilia-romagna-grand-prix-r,2025,Emilia Romagna Grand Prix,0.0,2413,corner,17,,3183.621546926235,-1411.8382518196768,-7.579908469050402,4316.325086694913,400409,20,-14916.0,3191.0,-10396.0,-358.0,-14892.0,3170.0,-10387.0,-376.0,True,1448.56,803.04,903.1,500.55,False,False,none
2025-emilia-romagna-grand-prix-r,2025,Emilia Romagna Grand Prix,0.0,2414,corner,18,,2461.8283511989794,-336.4552654753461,86.24746693674015,4456.096574205472,400409,20,-14916.0,3191.0,-10396.0,-358.0,-14892.0,3170.0,-10387.0,-376.0,True,1448.56,803.04,903.1,500.55,False,False,none
2025-emilia-romagna-grand-prix-r,2025,Emilia Romagna Grand Prix,0.0,2415,corner,19,,-395.8334440528106,-1491.902321353356,-73.50537254412396,4763.199941149015,400409,20,-14916.0,3191.0,-10396.0,-358.0,-14892.0,3170.0,-10387.0,-376.0,True,1448.56,803.04,903.1,500.55,False,False,none
2025-emilia-romagna-grand-prix-r,2025,Emilia Romagna Grand Prix,0.0,2416,marshal_light,1,,-1480.3706396746493,-1602.7750975272356,94.3619754171813,0.3061359456622387,400409,20,-14916.0,3191.0,-10396.0,-358.0,-14892.0,3170.0,-10387.0,-376.0,True,1448.56,803.04,903.1,500.55,False,False,none
2025-emilia-romagna-grand-prix-r,2025,Emilia Romagna Grand Prix,0.0,2417,marshal_light,2,,-3628.2399320881673,-1692.9566552066572,-90.91082162603851,194.48139368059304,400409,20,-14916.0,3191.0,-10396.0,-358.0,-14892.0,3170.0,-10387.0,-376.0,True,1448.56,803.04,903.1,500.55,False,False,none
2025-emilia-romagna-grand-prix-r,2025,Emilia Romagna Grand Prix,0.0,2418,marshal_light,3,,-6503.213224356802,-1229.9999332124025,89.87633132902688,507.60483767924313,400409,20,-14916.0,3191.0,-10396.0,-358.0,-14892.0,3170.0,-10387.0,-376.0,True,1448.56,803.04,903.1,500.55,False,False,none
2025-emilia-romagna-grand-prix-r,2025,Emilia Romagna Grand Prix,0.0,2419,marshal_light,4,,-8902.84071935323,-1444.973197288156,99.32386144332267,738.2022978684435,400409,20,-14916.0,3191.0,-10396.0,-358.0,-14892.0,3170.0,-10387.0,-376.0,True,1448.56,803.04,903.1,500.55,False,False,none
2025-emilia-romagna-grand-prix-r,2025,Emilia Romagna Grand Prix,0.0,2420,marshal_light,5,,-11658.645588519206,-3203.5573338467484,141.25758450063665,1079.4889520480656,400409,20,-14916.0,3191.0,-10396.0,-358.0,-14892.0,3170.0,-10387.0,-376.0,True,1448.56,803.04,903.1,500.55,False,False,none
2025-emilia-romagna-grand-prix-r,2025,Emilia Romagna Grand Prix,0.0,2421,marshal_light,6,,-12822.096692744082,-6178.709087511204,-201.99723444617706,1416.4902296436665,400409,20,-14916.0,3191.0,-10396.0,-358.0,-14892.0,3170.0,-10387.0,-376.0,True,1448.56,803.04,903.1,500.55,False,False,none
2025-emilia-romagna-grand-prix-r,2025,Emilia Romagna Grand Prix,0.0,2422,marshal_light,7,,-13058.62284739832,-8137.11953298713,-27.15244502939711,1612.6496885651613,400409,20,-14916.0,3191.0,-10396.0,-358.0,-14892.0,3170.0,-10387.0,-376.0,True,1448.56,803.04,903.1,500.55,False,False,none
2025-emilia-romagna-grand-prix-r,2025,Emilia Romagna Grand Prix,0.0,2423,marshal_light,8,,-14343.791589538778,-9326.144156127042,134.7115494339557,1784.7813236582078,400409,20,-14916.0,3191.0,-10396.0,-358.0,-14892.0,3170.0,-10387.0,-376.0,True,1448.56,803.04,903.1,500.55,False,False,none
2025-emilia-romagna-grand-prix-r,2025,Emilia Romagna Grand Prix,0.0,2424,marshal_light,9,,-11476.061276113058,-9941.227921067893,95.56560352639406,2244.1743682943325,400409,20,-14916.0,3191.0,-10396.0,-358.0,-14892.0,3170.0,-10387.0,-376.0,True,1448.56,803.04,903.1,500.55,False,False,none
2025-emilia-romagna-grand-prix-r,2025,Emilia Romagna Grand Prix,0.0,2425,marshal_light,10,,-9209.084081212295,-10069.989187115387,-89.8078430144225,2471.4239066597725,400409,20,-14916.0,3191.0,-10396.0,-358.0,-14892.0,3170.0,-10387.0,-376.0,True,1448.56,803.04,903.1,500.55,False,False,none
2025-emilia-romagna-grand-prix-r,2025,Emilia Romagna Grand Prix,0.0,2426,marshal_light,11,,-8237.05169469188,-8570.933371916359,-0.34914948219619646,2676.417717322029,400409,20,-14916.0,3191.0,-10396.0,-358.0,-14892.0,3170.0,-10387.0,-376.0,True,1448.56,803.04,903.1,500.55,False,False,none
2025-emilia-romagna-grand-prix-r,2025,Emilia Romagna Grand Prix,0.0,2427,marshal_light,12,,-8586.57442327428,-6726.37812955705,-167.64007359436224,2864.9876718527767,400409,20,-14916.0,3191.0,-10396.0,-358.0,-14892.0,3170.0,-10387.0,-376.0,True,1448.56,803.04,903.1,500.55,False,False,none
2025-emilia-romagna-grand-prix-r,2025,Emilia Romagna Grand Prix,0.0,2428,marshal_light,13,,-6458.181936737044,-5438.001597849499,-86.7780998114448,3198.6176298045384,400409,20,-14916.0,3191.0,-10396.0,-358.0,-14892.0,3170.0,-10387.0,-376.0,True,1448.56,803.04,903.1,500.55,False,False,none
2025-emilia-romagna-grand-prix-r,2025,Emilia Romagna Grand Prix,0.0,2429,marshal_light,14,,-4288.770824057525,-5346.353234225681,94.34123112347056,3413.274794664318,400409,20,-14916.0,3191.0,-10396.0,-358.0,-14892.0,3170.0,-10387.0,-376.0,True,1448.56,803.04,903.1,500.55,False,False,none
2025-emilia-romagna-grand-prix-r,2025,Emilia Romagna Grand Prix,0.0,2430,marshal_light,15,,-1389.5395950253824,-4932.76802051964,-65.38525081210878,3738.8202020434264,400409,20,-14916.0,3191.0,-10396.0,-358.0,-14892.0,3170.0,-10387.0,-376.0,True,1448.56,803.04,903.1,500.55,False,False,none
2025-emilia-romagna-grand-prix-r,2025,Emilia Romagna Grand Prix,0.0,2431,marshal_light,16,,493.62691170686685,-3488.032078325884,138.07953753314396,3970.591437379748,400409,20,-14916.0,3191.0,-10396.0,-358.0,-14892.0,3170.0,-10387.0,-376.0,True,1448.56,803.04,903.1,500.55,False,False,none
2025-emilia-romagna-grand-prix-r,2025,Emilia Romagna Grand Prix,0.0,2432,marshal_light,17,,2608.6263088068736,-1848.890099673184,-68.9752749879178,4241.645093129705,400409,20,-14916.0,3191.0,-10396.0,-358.0,-14892.0,3170.0,-10387.0,-376.0,True,1448.56,803.04,903.1,500.55,False,False,none
2025-emilia-romagna-grand-prix-r,2025,Emilia Romagna Grand Prix,0.0,2433,marshal_light,18,,2974.4237750313114,-706.7655456954208,30.681325255396636,4392.658087084734,400409,20,-14916.0,3191.0,-10396.0,-358.0,-14892.0,3170.0,-10387.0,-376.0,True,1448.56,803.04,903.1,500.55,False,False,none
2025-emilia-romagna-grand-prix-r,2025,Emilia Romagna Grand Prix,0.0,2434,marshal_light,19,,1503.4028602948893,-719.4389999147988,-68.12250235987443,4565.929258597448,400409,20,-14916.0,3191.0,-10396.0,-358.0,-14892.0,3170.0,-10387.0,-376.0,True,1448.56,803.04,903.1,500.55,False,False,none
2025-emilia-romagna-grand-prix-r,2025,Emilia Romagna Grand Prix,0.0,2435,marshal_sector,1,,-1476.58019942397,-1602.5168715508107,93.93830391852103,0.3061359456622387,400409,20,-14916.0,3191.0,-10396.0,-358.0,-14892.0,3170.0,-10387.0,-376.0,True,1448.56,803.04,903.1,500.55,False,False,none
2025-emilia-romagna-grand-prix-r,2025,Emilia Romagna Grand Prix,0.0,2436,marshal_sector,2,,-3810.2322075051834,-1682.4179764741443,-93.88726564306037,228.9553979424908,400409,20,-14916.0,3191.0,-10396.0,-358.0,-14892.0,3170.0,-10387.0,-376.0,True,1448.56,803.04,903.1,500.55,False,False,none
2025-emilia-romagna-grand-prix-r,2025,Emilia Romagna Grand Prix,0.0,2437,marshal_sector,3,,-6381.647537716535,-1230.0003123017977,89.98385569677332,490.7628203031093,400409,20,-14916.0,3191.0,-10396.0,-358.0,-14892.0,3170.0,-10387.0,-376.0,True,1448.56,803.04,903.1,500.55,False,False,none
2025-emilia-romagna-grand-prix-r,2025,Emilia Romagna Grand Prix,0.0,2438,marshal_sector,4,,-8790.129017325075,-1428.1682660078914,97.96180966313855,738.2022978684435,400409,20,-14916.0,3191.0,-10396.0,-358.0,-14892.0,3170.0,-10387.0,-376.0,True,1448.56,803.04,903.1,500.55,False,False,none
2025-emilia-romagna-grand-prix-r,2025,Emilia Romagna Grand Prix,0.0,2439,marshal_sector,5,,-11600.604112151897,-3133.246485721009,140.5154411736624,1079.4889520480656,400409,20,-14916.0,3191.0,-10396.0,-358.0,-14892.0,3170.0,-10387.0,-376.0,True,1448.56,803.04,903.1,500.55,False,False,none
2025-emilia-romagna-grand-prix-r,2025,Emilia Romagna Grand Prix,0.0,2440,marshal_sector,6,,-12764.694714027086,-6029.841794126028,-201.15157344060157,1388.185389564002,400409,20,-14916.0,3191.0,-10396.0,-358.0,-14892.0,3170.0,-10387.0,-376.0,True,1448.56,803.04,903.1,500.55,False,False,none
2025-emilia-romagna-grand-prix-r,2025,Emilia Romagna Grand Prix,0.0,2441,marshal_sector,7,,-13064.279450294716,-8147.004958787951,-30.2502267588105,1612.6496885651613,400409,20,-14916.0,3191.0,-10396.0,-358.0,-14892.0,3170.0,-10387.0,-376.0,True,1448.56,803.04,903.1,500.55,False,False,none
2025-emilia-romagna-grand-prix-r,2025,Emilia Romagna Grand Prix,0.0,2442,marshal_sector,8,,-14311.429475563422,-9294.035601498408,134.42560223014993,1784.7813236582078,400409,20,-14916.0,3191.0,-10396.0,-358.0,-14892.0,3170.0,-10387.0,-376.0,True,1448.56,803.04,903.1,500.55,False,False,none
2025-emilia-romagna-grand-prix-r,2025,Emilia Romagna Grand Prix,0.0,2443,marshal_sector,9,,-11426.908256768085,-9936.449327085738,95.58377991896221,2263.4114768006516,400409,20,-14916.0,3191.0,-10396.0,-358.0,-14892.0,3170.0,-10387.0,-376.0,True,1448.56,803.04,903.1,500.55,False,False,none
2025-emilia-romagna-grand-prix-r,2025,Emilia Romagna Grand Prix,0.0,2444,marshal_sector,10,,-9338.169592669914,-10066.418698432597,-92.38707555374526,2471.4239066597725,400409,20,-14916.0,3191.0,-10396.0,-358.0,-14892.0,3170.0,-10387.0,-376.0,True,1448.56,803.04,903.1,500.55,False,False,none
2025-emilia-romagna-grand-prix-r,2025,Emilia Romagna Grand Prix,0.0,2445,marshal_sector,11,,-8238.008489366635,-8536.76115891168,2.0930426060611325,2697.634038909679,400409,20,-14916.0,3191.0,-10396.0,-358.0,-14892.0,3170.0,-10387.0,-376.0,True,1448.56,803.04,903.1,500.55,False,False,none
2025-emilia-romagna-grand-prix-r,2025,Emilia Romagna Grand Prix,0.0,2446,marshal_sector,12,,-8593.081034381677,-6696.6922786412415,-167.49108306373373,2864.9876718527767,400409,20,-14916.0,3191.0,-10396.0,-358.0,-14892.0,3170.0,-10387.0,-376.0,True,1448.56,803.04,903.1,500.55,False,False,none
2025-emilia-romagna-grand-prix-r,2025,Emilia Romagna Grand Prix,0.0,2447,marshal_sector,13,,-6773.458917664247,-5440.0000311061995,-89.99162874176575,3166.974975523226,400409,20,-14916.0,3191.0,-10396.0,-358.0,-14892.0,3170.0,-10387.0,-376.0,True,1448.56,803.04,903.1,500.55,False,False,none
2025-emilia-romagna-grand-prix-r,2025,Emilia Romagna Grand Prix,0.0,2448,marshal_sector,14,,-4269.837584740293,-5344.812336359883,94.60806277385548,3413.274794664318,400409,20,-14916.0,3191.0,-10396.0,-358.0,-14892.0,3170.0,-10387.0,-376.0,True,1448.56,803.04,903.1,500.55,False,False,none
2025-emilia-romagna-grand-prix-r,2025,Emilia Romagna Grand Prix,0.0,2449,marshal_sector,15,,-1444.831718056801,-4958.010015698561,-65.5213976943329,3738.8202020434264,400409,20,-14916.0,3191.0,-10396.0,-358.0,-14892.0,3170.0,-10387.0,-376.0,True,1448.56,803.04,903.1,500.55,False,False,none
2025-emilia-romagna-grand-prix-r,2025,Emilia Romagna Grand Prix,0.0,2450,marshal_sector,16,,402.6609329952644,-3590.1543282135626,138.26956547885803,3951.672133181679,400409,20,-14916.0,3191.0,-10396.0,-358.0,-14892.0,3170.0,-10387.0,-376.0,True,1448.56,803.04,903.1,500.55,False,False,none
2025-emilia-romagna-grand-prix-r,2025,Emilia Romagna Grand Prix,0.0,2451,marshal_sector,17,,2506.4624108523712,-1890.03948830247,-67.53295446864664,4218.91281689495,400409,20,-14916.0,3191.0,-10396.0,-358.0,-14892.0,3170.0,-10387.0,-376.0,True,1448.56,803.04,903.1,500.55,False,False,none
2025-emilia-romagna-grand-prix-r,2025,Emilia Romagna Grand Prix,0.0,2452,marshal_sector,18,,2871.5107123312373,-561.0526979242368,39.08818004961829,4411.9709569464,400409,20,-14916.0,3191.0,-10396.0,-358.0,-14892.0,3170.0,-10387.0,-376.0,True,1448.56,803.04,903.1,500.55,False,False,none
2025-emilia-romagna-grand-prix-r,2025,Emilia Romagna Grand Prix,0.0,2453,marshal_sector,19,,1363.3967933669956,-778.5064322919134,-67.15306342702345,4565.929258597448,400409,20,-14916.0,3191.0,-10396.0,-358.0,-14892.0,3170.0,-10387.0,-376.0,True,1448.56,803.04,903.1,500.55,False,False,none
2025-monaco-grand-prix-r,2025,Monaco Grand Prix,315.0,2454,corner,1,,-7381.10693359375,-4719.94921875,140.3846313043515,186.47118357827648,429303,20,-7682.0,-184.0,-9833.0,-168.0,-7666.0,-189.0,-9768.0,-184.0,True,599.84,773.2,373.85,479.20000000000005,False,False,none
2025-monaco-grand-prix-r,2025,Monaco Grand Prix,315.0,2455,corner,2,,-3634.549072265625,-3769.346435546875,103.01511724015117,581.6877352191703,429303,20,-7682.0,-184.0,-9833.0,-168.0,-7666.0,-189.0,-9768.0,-184.0,True,599.84,773.2,373.85,479.20000000000005,False,False,none
2025-monaco-grand-prix-r,2025,Monaco Grand Prix,315.0,2456,corner,3,,-2275.6494140625,-3071.90087890625,168.94984234500842,744.1495037256332,429303,20,-7682.0,-184.0,-9833.0,-168.0,-7666.0,-189.0,-9768.0,-184.0,True,599.84,773.2,373.85,479.20000000000005,False,False,none
2025-monaco-grand-prix-r,2025,Monaco Grand Prix,315.0,2457,corner,4,,-2745.11328125,-1956.1094970703125,-174.39625672702851,873.2021397504703,429303,20,-7682.0,-184.0,-9833.0,-168.0,-7666.0,-189.0,-9768.0,-184.0,True,599.84,773.2,373.85,479.20000000000005,False,False,none
2025-monaco-grand-prix-r,2025,Monaco Grand Prix,315.0,2458,corner,5,,-1422.224853515625,-197.89369201660156,76.19105663205922,1102.7625342684466,429303,20,-7682.0,-184.0,-9833.0,-168.0,-7666.0,-189.0,-9768.0,-184.0,True,599.84,773.2,373.85,479.20000000000005,False,False,none
2025-monaco-grand-prix-r,2025,Monaco Grand Prix,315.0,2459,corner,6,,-797.2467651367188,-1127.089111328125,-85.86275308686861,1222.9243270463878,429303,20,-7682.0,-184.0,-9833.0,-168.0,-7666.0,-189.0,-9768.0,-184.0,True,599.84,773.2,373.85,479.20000000000005,False,False,none
2025-monaco-grand-prix-r,2025,Monaco Grand Prix,315.0,2460,corner,7,,-1016.8847045898438,-477.5965576171875,-14.461416055118015,1304.1834808989304,429303,20,-7682.0,-184.0,-9833.0,-168.0,-7666.0,-189.0,-9768.0,-184.0,True,599.84,773.2,373.85,479.20000000000005,False,False,none
2025-monaco-grand-prix-r,2025,Monaco Grand Prix,315.0,2461,corner,8,,-271.22930908203125,-251.0789794921875,44.79949514192601,1389.6916391961954,429303,20,-7682.0,-184.0,-9833.0,-168.0,-7666.0,-189.0,-9768.0,-184.0,True,599.84,773.2,373.85,479.20000000000005,False,False,none
2025-monaco-grand-prix-r,2025,Monaco Grand Prix,315.0,2462,corner,9,,-1126.0921630859375,-3321.8916015625,125.0997533777758,1714.8200894630243,429303,20,-7682.0,-184.0,-9833.0,-168.0,-7666.0,-189.0,-9768.0,-184.0,True,599.84,773.2,373.85,479.20000000000005,False,False,none
2025-monaco-grand-prix-r,2025,Monaco Grand Prix,315.0,2463,corner,10,,-4159.9892578125,-4441.59521484375,144.84561051048868,2047.8027403441852,429303,20,-7682.0,-184.0,-9833.0,-168.0,-7666.0,-189.0,-9768.0,-184.0,True,599.84,773.2,373.85,479.20000000000005,False,False,none
2025-monaco-grand-prix-r,2025,Monaco Grand Prix,315.0,2464,corner,11,,-4579.203125,-4621.61669921875,-103.72939595631462,2103.3776163480798,429303,20,-7682.0,-184.0,-9833.0,-168.0,-7666.0,-189.0,-9768.0,-184.0,True,599.84,773.2,373.85,479.20000000000005,False,False,none
2025-monaco-grand-prix-r,2025,Monaco Grand Prix,315.0,2465,corner,12,,-6814.4267578125,-4914.705078125,-54.9625873658003,2326.6812501623535,429303,20,-7682.0,-184.0,-9833.0,-168.0,-7666.0,-189.0,-9768.0,-184.0,True,599.84,773.2,373.85,479.20000000000005,False,False,none
2025-monaco-grand-prix-r,2025,Monaco Grand Prix,315.0,2466,corner,13,,-7167.99951171875,-6327.60107421875,-155.76249696113177,2486.321000083083,429303,20,-7682.0,-184.0,-9833.0,-168.0,-7666.0,-189.0,-9768.0,-184.0,True,599.84,773.2,373.85,479.20000000000005,False,False,none
2025-monaco-grand-prix-r,2025,Monaco Grand Prix,315.0,2467,corner,14,,-6992.05419921875,-6563.8642578125,21.944069983276485,2524.9276450127313,429303,20,-7682.0,-184.0,-9833.0,-168.0,-7666.0,-189.0,-9768.0,-184.0,True,599.84,773.2,373.85,479.20000000000005,False,False,none
2025-monaco-grand-prix-r,2025,Monaco Grand Prix,315.0,2468,corner,15,,-6752.3818359375,-7870.388671875,-10.762562523217996,2647.0922471743875,429303,20,-7682.0,-184.0,-9833.0,-168.0,-7666.0,-189.0,-9768.0,-184.0,True,599.84,773.2,373.85,479.20000000000005,False,False,none
2025-monaco-grand-prix-r,2025,Monaco Grand Prix,315.0,2469,corner,16,,-6875.2265625,-8042.5830078125,153.79114079774385,2679.071386198223,429303,20,-7682.0,-184.0,-9833.0,-168.0,-7666.0,-189.0,-9768.0,-184.0,True,599.84,773.2,373.85,479.20000000000005,False,False,none
2025-monaco-grand-prix-r,2025,Monaco Grand Prix,315.0,2470,corner,17,,-6723.556640625,-8744.119140625,27.71185341167223,2740.7571532453007,429303,20,-7682.0,-184.0,-9833.0,-168.0,-7666.0,-189.0,-9768.0,-184.0,True,599.84,773.2,373.85,479.20000000000005,False,False,none
2025-monaco-grand-prix-r,2025,Monaco Grand Prix,315.0,2471,corner,18,,-5928.0,-9572.421875,-7.508149364344431,2860.9975296387747,429303,20,-7682.0,-184.0,-9833.0,-168.0,-7666.0,-189.0,-9768.0,-184.0,True,599.84,773.2,373.85,479.20000000000005,False,False,none
2025-monaco-grand-prix-r,2025,Monaco Grand Prix,315.0,2472,corner,19,,-6718.7294921875,-9704.8701171875,-137.085449208191,2950.0329178629277,429303,20,-7682.0,-184.0,-9833.0,-168.0,-7666.0,-189.0,-9768.0,-184.0,True,599.84,773.2,373.85,479.20000000000005,False,False,none
2025-monaco-grand-prix-r,2025,Monaco Grand Prix,315.0,2473,marshal_light,1,,-7645.49169921875,-6873.95556640625,-175.9738186795469,3247.2164362749677,429303,20,-7682.0,-184.0,-9833.0,-168.0,-7666.0,-189.0,-9768.0,-184.0,True,599.84,773.2,373.85,479.20000000000005,False,False,none
2025-monaco-grand-prix-r,2025,Monaco Grand Prix,315.0,2474,marshal_light,2,,-7587.99853515625,-5363.27294921875,168.876377829847,121.64684760057604,429303,20,-7682.0,-184.0,-9833.0,-168.0,-7666.0,-189.0,-9768.0,-184.0,True,599.84,773.2,373.85,479.20000000000005,False,False,none
2025-monaco-grand-prix-r,2025,Monaco Grand Prix,315.0,2475,marshal_light,3,,-5332.49072265625,-4260.33984375,-78.73467122983254,406.60488735310815,429303,20,-7682.0,-184.0,-9833.0,-168.0,-7666.0,-189.0,-9768.0,-184.0,True,599.84,773.2,373.85,479.20000000000005,False,False,none
2025-monaco-grand-prix-r,2025,Monaco Grand Prix,315.0,2476,marshal_light,4,,-3822.232666015625,-3818.19287109375,108.10556659275017,558.0395500268788,429303,20,-7682.0,-184.0,-9833.0,-168.0,-7666.0,-189.0,-9768.0,-184.0,True,599.84,773.2,373.85,479.20000000000005,False,False,none
2025-monaco-grand-prix-r,2025,Monaco Grand Prix,315.0,2477,marshal_light,5,,-2288.78173828125,-3137.037109375,-11.365811120207791,744.1495037256332,429303,20,-7682.0,-184.0,-9833.0,-168.0,-7666.0,-189.0,-9768.0,-184.0,True,599.84,773.2,373.85,479.20000000000005,False,False,none
2025-monaco-grand-prix-r,2025,Monaco Grand Prix,315.0,2478,marshal_light,6,,-2741.660888671875,-1854.304931640625,168.6875169650877,884.0466125319799,429303,20,-7682.0,-184.0,-9833.0,-168.0,-7666.0,-189.0,-9768.0,-184.0,True,599.84,773.2,373.85,479.20000000000005,False,False,none
2025-monaco-grand-prix-r,2025,Monaco Grand Prix,315.0,2479,marshal_light,7,,-1691.2279052734375,-377.4324951171875,138.7705229756043,1070.831092389579,429303,20,-7682.0,-184.0,-9833.0,-168.0,-7666.0,-189.0,-9768.0,-184.0,True,599.84,773.2,373.85,479.20000000000005,False,False,none
2025-monaco-grand-prix-r,2025,Monaco Grand Prix,315.0,2480,marshal_light,8,,-915.7832641601562,-1080.649169921875,-136.0327123307099,1208.1784588823452,429303,20,-7682.0,-184.0,-9833.0,-168.0,-7666.0,-189.0,-9768.0,-184.0,True,599.84,773.2,373.85,479.20000000000005,False,False,none
2025-monaco-grand-prix-r,2025,Monaco Grand Prix,315.0,2481,marshal_light,9,,-1018.2889404296875,-482.5111999511719,163.33141867587548,1304.1834808989304,429303,20,-7682.0,-184.0,-9833.0,-168.0,-7666.0,-189.0,-9768.0,-184.0,True,599.84,773.2,373.85,479.20000000000005,False,False,none
2025-monaco-grand-prix-r,2025,Monaco Grand Prix,315.0,2482,marshal_light,10,,-575.129150390625,-212.4531707763672,100.63620961387517,1361.1904944883652,429303,20,-7682.0,-184.0,-9833.0,-168.0,-7666.0,-189.0,-9768.0,-184.0,True,599.84,773.2,373.85,479.20000000000005,False,False,none
2025-monaco-grand-prix-r,2025,Monaco Grand Prix,315.0,2483,marshal_light,11,,-239.89097595214844,-978.4373779296875,-5.890636412723841,1467.424724432107,429303,20,-7682.0,-184.0,-9833.0,-168.0,-7666.0,-189.0,-9768.0,-184.0,True,599.84,773.2,373.85,479.20000000000005,False,False,none
2025-monaco-grand-prix-r,2025,Monaco Grand Prix,315.0,2484,marshal_light,12,,-938.8284301757812,-3148.656982421875,-39.528693115083925,1691.4473536738037,429303,20,-7682.0,-184.0,-9833.0,-168.0,-7666.0,-189.0,-9768.0,-184.0,True,599.84,773.2,373.85,479.20000000000005,False,False,none
2025-monaco-grand-prix-r,2025,Monaco Grand Prix,315.0,2485,marshal_light,13,,-3260.216552734375,-4273.74658203125,-79.28508111931072,1961.4900179572437,429303,20,-7682.0,-184.0,-9833.0,-168.0,-7666.0,-189.0,-9768.0,-184.0,True,599.84,773.2,373.85,479.20000000000005,False,False,none
2025-monaco-grand-prix-r,2025,Monaco Grand Prix,315.0,2486,marshal_light,14,,-5282.45263671875,-4672.9931640625,96.82080994818273,2170.5658443369434,429303,20,-7682.0,-184.0,-9833.0,-168.0,-7666.0,-189.0,-9768.0,-184.0,True,599.84,773.2,373.85,479.20000000000005,False,False,none
2025-monaco-grand-prix-r,2025,Monaco Grand Prix,315.0,2487,marshal_light,15,,-7218.17041015625,-5987.18310546875,176.0463064115089,2458.482827728089,429303,20,-7682.0,-184.0,-9833.0,-168.0,-7666.0,-189.0,-9768.0,-184.0,True,599.84,773.2,373.85,479.20000000000005,False,False,none
2025-monaco-grand-prix-r,2025,Monaco Grand Prix,315.0,2488,marshal_light,16,,-6746.0,-7753.173828125,0.04037109766412843,2634.740852454957,429303,20,-7682.0,-184.0,-9833.0,-168.0,-7666.0,-189.0,-9768.0,-184.0,True,599.84,773.2,373.85,479.20000000000005,False,False,none
2025-monaco-grand-prix-r,2025,Monaco Grand Prix,315.0,2489,marshal_light,17,,-6364.14208984375,-9177.9072265625,-129.12079444485397,2801.7815604136817,429303,20,-7682.0,-184.0,-9833.0,-168.0,-7666.0,-189.0,-9768.0,-184.0,True,599.84,773.2,373.85,479.20000000000005,False,False,none
2025-monaco-grand-prix-r,2025,Monaco Grand Prix,315.0,2490,marshal_light,18,,-6542.3583984375,-9763.498046875,-94.53758021760575,2931.8057876321204,429303,20,-7682.0,-184.0,-9833.0,-168.0,-7666.0,-189.0,-9768.0,-184.0,True,599.84,773.2,373.85,479.20000000000005,False,False,none
2025-monaco-grand-prix-r,2025,Monaco Grand Prix,315.0,2491,marshal_light,19,,-7367.52587890625,-8253.1455078125,-164.12023842489288,3114.113067958553,429303,20,-7682.0,-184.0,-9833.0,-168.0,-7666.0,-189.0,-9768.0,-184.0,True,599.84,773.2,373.85,479.20000000000005,False,False,none
2025-monaco-grand-prix-r,2025,Monaco Grand Prix,315.0,2492,marshal_sector,1,,-7651.708984375,-6792.41650390625,-176.46430856192504,3264.7758145588336,429303,20,-7682.0,-184.0,-9833.0,-168.0,-7666.0,-189.0,-9768.0,-184.0,True,599.84,773.2,373.85,479.20000000000005,False,False,none
2025-monaco-grand-prix-r,2025,Monaco Grand Prix,315.0,2493,marshal_sector,2,,-7577.8359375,-5313.1806640625,168.74306455049762,125.03201209132021,429303,20,-7682.0,-184.0,-9833.0,-168.0,-7666.0,-189.0,-9768.0,-184.0,True,599.84,773.2,373.85,479.20000000000005,False,False,none
2025-monaco-grand-prix-r,2025,Monaco Grand Prix,315.0,2494,marshal_sector,3,,-5337.5087890625,-4261.31298828125,-78.75016305963199,406.60488735310815,429303,20,-7682.0,-184.0,-9833.0,-168.0,-7666.0,-189.0,-9768.0,-184.0,True,599.84,773.2,373.85,479.20000000000005,False,False,none
2025-monaco-grand-prix-r,2025,Monaco Grand Prix,315.0,2495,marshal_sector,4,,-3802.84619140625,-3811.698486328125,109.05228380085687,558.0395500268788,429303,20,-7682.0,-184.0,-9833.0,-168.0,-7666.0,-189.0,-9768.0,-184.0,True,599.84,773.2,373.85,479.20000000000005,False,False,none
2025-monaco-grand-prix-r,2025,Monaco Grand Prix,315.0,2496,marshal_sector,5,,-2280.7001953125,-3096.953369140625,-11.507449361594343,744.1495037256332,429303,20,-7682.0,-184.0,-9833.0,-168.0,-7666.0,-189.0,-9768.0,-184.0,True,599.84,773.2,373.85,479.20000000000005,False,False,none
2025-monaco-grand-prix-r,2025,Monaco Grand Prix,315.0,2497,marshal_sector,6,,-2746.83984375,-1905.0372314453125,175.13473087715624,884.0466125319799,429303,20,-7682.0,-184.0,-9833.0,-168.0,-7666.0,-189.0,-9768.0,-184.0,True,599.84,773.2,373.85,479.20000000000005,False,False,none
2025-monaco-grand-prix-r,2025,Monaco Grand Prix,315.0,2498,marshal_sector,7,,-1701.20703125,-389.0749206542969,141.52915674349433,1070.831092389579,429303,20,-7682.0,-184.0,-9833.0,-168.0,-7666.0,-189.0,-9768.0,-184.0,True,599.84,773.2,373.85,479.20000000000005,False,False,none
2025-monaco-grand-prix-r,2025,Monaco Grand Prix,315.0,2499,marshal_sector,8,,-884.8056030273438,-1106.9359130859375,-116.62982860177543,1210.7335994761756,429303,20,-7682.0,-184.0,-9833.0,-168.0,-7666.0,-189.0,-9768.0,-184.0,True,599.84,773.2,373.85,479.20000000000005,False,False,none
2025-monaco-grand-prix-r,2025,Monaco Grand Prix,315.0,2500,marshal_sector,9,,-1029.0,-521.7724609375,-171.85193139670085,1297.1728618659054,429303,20,-7682.0,-184.0,-9833.0,-168.0,-7666.0,-189.0,-9768.0,-184.0,True,599.84,773.2,373.85,479.20000000000005,False,False,none
2025-monaco-grand-prix-r,2025,Monaco Grand Prix,315.0,2501,marshal_sector,10,,-529.7435302734375,-205.01153564453125,94.75288277119472,1361.1904944883652,429303,20,-7682.0,-184.0,-9833.0,-168.0,-7666.0,-189.0,-9768.0,-184.0,True,599.84,773.2,373.85,479.20000000000005,False,False,none
2025-monaco-grand-prix-r,2025,Monaco Grand Prix,315.0,2502,marshal_sector,11,,-247.17433166503906,-1065.0001220703125,-3.8916273197958526,1478.3692363521716,429303,20,-7682.0,-184.0,-9833.0,-168.0,-7666.0,-189.0,-9768.0,-184.0,True,599.84,773.2,373.85,479.20000000000005,False,False,none
2025-monaco-grand-prix-r,2025,Monaco Grand Prix,315.0,2503,marshal_sector,12,,-994.9605102539062,-3208.025390625,-48.24935399257966,1714.8200894630243,429303,20,-7682.0,-184.0,-9833.0,-168.0,-7666.0,-189.0,-9768.0,-184.0,True,599.84,773.2,373.85,479.20000000000005,False,False,none
2025-monaco-grand-prix-r,2025,Monaco Grand Prix,315.0,2504,marshal_sector,13,,-3300.4013671875,-4281.31103515625,-79.63624458329572,1961.4900179572437,429303,20,-7682.0,-184.0,-9833.0,-168.0,-7666.0,-189.0,-9768.0,-184.0,True,599.84,773.2,373.85,479.20000000000005,False,False,none
2025-monaco-grand-prix-r,2025,Monaco Grand Prix,315.0,2505,marshal_sector,14,,-5247.0595703125,-4667.74951171875,-81.1781468666594,2170.5658443369434,429303,20,-7682.0,-184.0,-9833.0,-168.0,-7666.0,-189.0,-9768.0,-184.0,True,599.84,773.2,373.85,479.20000000000005,False,False,none
2025-monaco-grand-prix-r,2025,Monaco Grand Prix,315.0,2506,marshal_sector,15,,-7211.8193359375,-5869.83203125,175.60638027155414,2442.4112334690153,429303,20,-7682.0,-184.0,-9833.0,-168.0,-7666.0,-189.0,-9768.0,-184.0,True,599.84,773.2,373.85,479.20000000000005,False,False,none
2025-monaco-grand-prix-r,2025,Monaco Grand Prix,315.0,2507,marshal_sector,16,,-6746.0,-7758.28515625,-0.6086226756478406,2634.740852454957,429303,20,-7682.0,-184.0,-9833.0,-168.0,-7666.0,-189.0,-9768.0,-184.0,True,599.84,773.2,373.85,479.20000000000005,False,False,none
2025-monaco-grand-prix-r,2025,Monaco Grand Prix,315.0,2508,marshal_sector,17,,-6379.60009765625,-9164.525390625,49.353602807936426,2801.7815604136817,429303,20,-7682.0,-184.0,-9833.0,-168.0,-7666.0,-189.0,-9768.0,-184.0,True,599.84,773.2,373.85,479.20000000000005,False,False,none
2025-monaco-grand-prix-r,2025,Monaco Grand Prix,315.0,2509,marshal_sector,18,,-6465.84765625,-9767.0,-88.65650132934277,2925.8681490005642,429303,20,-7682.0,-184.0,-9833.0,-168.0,-7666.0,-189.0,-9768.0,-184.0,True,599.84,773.2,373.85,479.20000000000005,False,False,none
2025-monaco-grand-prix-r,2025,Monaco Grand Prix,315.0,2510,marshal_sector,19,,-7368.9658203125,-8248.2412109375,-163.3713782125735,3114.113067958553,429303,20,-7682.0,-184.0,-9833.0,-168.0,-7666.0,-189.0,-9768.0,-184.0,True,599.84,773.2,373.85,479.20000000000005,False,False,none
2025-spanish-grand-prix-r,2025,Spanish Grand Prix,303.0,2511,corner,1,,-3102.4705973153305,-6966.730800740276,-68.8993899041057,815.6073074943856,388975,19,-6733.0,2886.0,-7455.0,4141.0,-6716.0,2848.0,-7430.0,4103.0,True,769.52,927.6800000000001,478.20000000000005,576.65,False,False,none
2025-spanish-grand-prix-r,2025,Spanish Grand Prix,303.0,2512,corner,2,,-3874.7583230391156,-6783.703176678725,-280.50076395537997,887.2126984117004,388975,19,-6733.0,2886.0,-7455.0,4141.0,-6716.0,2848.0,-7430.0,4103.0,True,769.52,927.6800000000001,478.20000000000005,576.65,False,False,none
2025-spanish-grand-prix-r,2025,Spanish Grand Prix,303.0,2513,corner,3,,-6195.325832683519,-7289.139507704795,-119.44019417308891,1148.7722551126576,388975,19,-6733.0,2886.0,-7455.0,4141.0,-6716.0,2848.0,-7430.0,4103.0,True,769.52,927.6800000000001,478.20000000000005,576.65,False,False,none
2025-spanish-grand-prix-r,2025,Spanish Grand Prix,303.0,2514,corner,4,,-4426.529400725318,-2915.92815508894,-299.8502116752963,1727.1939985355996,388975,19,-6733.0,2886.0,-7455.0,4141.0,-6716.0,2848.0,-7430.0,4103.0,True,769.52,927.6800000000001,478.20000000000005,576.65,False,False,none
2025-spanish-grand-prix-r,2025,Spanish Grand Prix,303.0,2515,corner,5,,-4542.259294075855,-6165.090488463807,-244.87246530888558,2160.77211537912,388975,19,-6733.0,2886.0,-7455.0,4141.0,-6716.0,2848.0,-7430.0,4103.0,True,769.52,927.6800000000001,478.20000000000005,576.65,False,False,none
2025-spanish-grand-prix-r,2025,Spanish Grand Prix,303.0,2516,corner,6,,-2919.047113239949,-5303.979987824779,-49.40879337476423,2337.219040341585,388975,19,-6733.0,2886.0,-7455.0,4141.0,-6716.0,2848.0,-7430.0,4103.0,True,769.52,927.6800000000001,478.20000000000005,576.65,False,False,none
2025-spanish-grand-prix-r,2025,Spanish Grand Prix,303.0,2517,corner,7,,-2085.696726119249,-3887.2126692798247,-345.91597826102355,2510.6412776939123,388975,19,-6733.0,2886.0,-7455.0,4141.0,-6716.0,2848.0,-7430.0,4103.0,True,769.52,927.6800000000001,478.20000000000005,576.65,False,False,none
2025-spanish-grand-prix-r,2025,Spanish Grand Prix,303.0,2518,corner,8,,-2706.3344852401556,-3238.04087867866,-144.8408914632198,2609.0243507087293,388975,19,-6733.0,2886.0,-7455.0,4141.0,-6716.0,2848.0,-7430.0,4103.0,True,769.52,927.6800000000001,478.20000000000005,576.65,False,False,none
2025-spanish-grand-prix-r,2025,Spanish Grand Prix,303.0,2519,corner,9,,-3399.618785137742,-746.8769695595092,-201.63831408978086,2866.955270414652,388975,19,-6733.0,2886.0,-7455.0,4141.0,-6716.0,2848.0,-7430.0,4103.0,True,769.52,927.6800000000001,478.20000000000005,576.65,False,False,none
2025-spanish-grand-prix-r,2025,Spanish Grand Prix,303.0,2520,corner,10,,1428.3820141701494,2292.7810928036356,-342.50296791471146,3459.3238772095465,388975,19,-6733.0,2886.0,-7455.0,4141.0,-6716.0,2848.0,-7430.0,4103.0,True,769.52,927.6800000000001,478.20000000000005,576.65,False,False,none
2025-spanish-grand-prix-r,2025,Spanish Grand Prix,303.0,2521,corner,11,,142.23921186556618,2415.562978813626,-55.51605895562858,3611.409690665781,388975,19,-6733.0,2886.0,-7455.0,4141.0,-6716.0,2848.0,-7430.0,4103.0,True,769.52,927.6800000000001,478.20000000000005,576.65,False,False,none
2025-spanish-grand-prix-r,2025,Spanish Grand Prix,303.0,2522,corner,12,,-842.6948558408556,2193.1318681426874,-127.85336281470802,3736.3274983282367,388975,19,-6733.0,2886.0,-7455.0,4141.0,-6716.0,2848.0,-7430.0,4103.0,True,769.52,927.6800000000001,478.20000000000005,576.65,False,False,none
2025-spanish-grand-prix-r,2025,Spanish Grand Prix,303.0,2523,corner,13,,538.1157727828859,4122.028999634798,-255.98300625823205,4020.6004569739994,388975,19,-6733.0,2886.0,-7455.0,4141.0,-6716.0,2848.0,-7430.0,4103.0,True,769.52,927.6800000000001,478.20000000000005,576.65,False,False,none
2025-spanish-grand-prix-r,2025,Spanish Grand Prix,303.0,2524,corner,14,,2881.013214318282,2459.7294748811983,-353.6644628431238,4317.011548152507,388975,19,-6733.0,2886.0,-7455.0,4141.0,-6716.0,2848.0,-7430.0,4103.0,True,769.52,927.6800000000001,478.20000000000005,576.65,False,False,none
2025-spanish-grand-prix-r,2025,Spanish Grand Prix,303.0,2525,marshal_light,1,,1669.8766606315771,205.3949385551157,-32.866717705286476,4582.96324769624,388975,19,-6733.0,2886.0,-7455.0,4141.0,-6716.0,2848.0,-7430.0,4103.0,True,769.52,927.6800000000001,478.20000000000005,576.65,False,False,none
2025-spanish-grand-prix-r,2025,Spanish Grand Prix,303.0,2526,marshal_light,2,,-1907.3831485146914,-5318.122557835104,-30.191260315682086,607.1876244756523,388975,19,-6733.0,2886.0,-7455.0,4141.0,-6716.0,2848.0,-7430.0,4103.0,True,769.52,927.6800000000001,478.20000000000005,576.65,False,False,none
2025-spanish-grand-prix-r,2025,Spanish Grand Prix,303.0,2527,marshal_light,3,,-4518.109074720456,-6976.284256978866,-237.43427992484982,968.8269500165351,388975,19,-6733.0,2886.0,-7455.0,4141.0,-6716.0,2848.0,-7430.0,4103.0,True,769.52,927.6800000000001,478.20000000000005,576.65,False,False,none
2025-spanish-grand-prix-r,2025,Spanish Grand Prix,303.0,2528,marshal_light,4,,-5776.726499542321,-7437.530370780632,-98.95822736485599,1101.7030799287613,388975,19,-6733.0,2886.0,-7455.0,4141.0,-6716.0,2848.0,-7430.0,4103.0,True,769.52,927.6800000000001,478.20000000000005,576.65,False,False,none
2025-spanish-grand-prix-r,2025,Spanish Grand Prix,303.0,2529,marshal_light,5,,-5854.32789770727,-4055.3561526717867,-210.66686220210616,1514.336586617474,388975,19,-6733.0,2886.0,-7455.0,4141.0,-6716.0,2848.0,-7430.0,4103.0,True,769.52,927.6800000000001,478.20000000000005,576.65,False,False,none
2025-spanish-grand-prix-r,2025,Spanish Grand Prix,303.0,2530,marshal_light,6,,-4277.046786183949,-3032.953114009598,-317.6230422409857,1746.2724454722202,388975,19,-6733.0,2886.0,-7455.0,4141.0,-6716.0,2848.0,-7430.0,4103.0,True,769.52,927.6800000000001,478.20000000000005,576.65,False,False,none
2025-spanish-grand-prix-r,2025,Spanish Grand Prix,303.0,2531,marshal_light,7,,-4595.948533805567,-4809.287796454907,-215.90910226616515,1941.8170143684908,388975,19,-6733.0,2886.0,-7455.0,4141.0,-6716.0,2848.0,-7430.0,4103.0,True,769.52,927.6800000000001,478.20000000000005,576.65,False,False,none
2025-spanish-grand-prix-r,2025,Spanish Grand Prix,303.0,2532,marshal_light,8,,-2461.7658400697965,-4778.902755821052,-35.58005843249401,2414.8211013263035,388975,19,-6733.0,2886.0,-7455.0,4141.0,-6716.0,2848.0,-7430.0,4103.0,True,769.52,927.6800000000001,478.20000000000005,576.65,False,False,none
2025-spanish-grand-prix-r,2025,Spanish Grand Prix,303.0,2533,marshal_light,9,,-2741.940227175624,-3175.7074783796347,-334.40536312598977,2609.0243507087293,388975,19,-6733.0,2886.0,-7455.0,4141.0,-6716.0,2848.0,-7430.0,4103.0,True,769.52,927.6800000000001,478.20000000000005,576.65,False,False,none
2025-spanish-grand-prix-r,2025,Spanish Grand Prix,303.0,2534,marshal_light,10,,-3420.765750796023,-1636.1288478556269,-156.9286707800377,2782.7016974120265,388975,19,-6733.0,2886.0,-7455.0,4141.0,-6716.0,2848.0,-7430.0,4103.0,True,769.52,927.6800000000001,478.20000000000005,576.65,False,False,none
2025-spanish-grand-prix-r,2025,Spanish Grand Prix,303.0,2535,marshal_light,11,,-2633.0743227516587,-99.95737901038615,-244.90619513231314,2985.9149809172345,388975,19,-6733.0,2886.0,-7455.0,4141.0,-6716.0,2848.0,-7430.0,4103.0,True,769.52,927.6800000000001,478.20000000000005,576.65,False,False,none
2025-spanish-grand-prix-r,2025,Spanish Grand Prix,303.0,2536,marshal_light,12,,144.475372057836,1289.4494135381528,-61.971403900246685,3285.9537035473013,388975,19,-6733.0,2886.0,-7455.0,4141.0,-6716.0,2848.0,-7430.0,4103.0,True,769.52,927.6800000000001,478.20000000000005,576.65,False,False,none
2025-spanish-grand-prix-r,2025,Spanish Grand Prix,303.0,2537,marshal_light,13,,-171.32266589446908,2218.798882604819,-244.69806187880937,3663.544690490668,388975,19,-6733.0,2886.0,-7455.0,4141.0,-6716.0,2848.0,-7430.0,4103.0,True,769.52,927.6800000000001,478.20000000000005,576.65,False,False,none
2025-spanish-grand-prix-r,2025,Spanish Grand Prix,303.0,2538,marshal_light,14,,-1023.4453450600209,2432.765787672734,-162.1767884381619,3760.1107022642723,388975,19,-6733.0,2886.0,-7455.0,4141.0,-6716.0,2848.0,-7430.0,4103.0,True,769.52,927.6800000000001,478.20000000000005,576.65,False,False,none
2025-spanish-grand-prix-r,2025,Spanish Grand Prix,303.0,2539,marshal_light,15,,-70.67439809525695,3775.056378651834,-230.1719011813732,3937.780308699003,388975,19,-6733.0,2886.0,-7455.0,4141.0,-6716.0,2848.0,-7430.0,4103.0,True,769.52,927.6800000000001,478.20000000000005,576.65,False,False,none
2025-spanish-grand-prix-r,2025,Spanish Grand Prix,303.0,2540,marshal_light,16,,2262.4558216316645,3379.504910175572,-304.1770491696392,4198.1801204549065,388975,19,-6733.0,2886.0,-7455.0,4141.0,-6716.0,2848.0,-7430.0,4103.0,True,769.52,927.6800000000001,478.20000000000005,576.65,False,False,none
2025-spanish-grand-prix-r,2025,Spanish Grand Prix,303.0,2541,marshal_sector,1,,1511.860334139204,-39.70808696920176,-32.79003475612933,4600.494393064957,388975,19,-6733.0,2886.0,-7455.0,4141.0,-6716.0,2848.0,-7430.0,4103.0,True,769.52,927.6800000000001,478.20000000000005,576.65,False,False,none
2025-spanish-grand-prix-r,2025,Spanish Grand Prix,303.0,2542,marshal_sector,2,,-1974.1392613264923,-5433.399896507606,-29.97496929160053,626.0222270514059,388975,19,-6733.0,2886.0,-7455.0,4141.0,-6716.0,2848.0,-7430.0,4103.0,True,769.52,927.6800000000001,478.20000000000005,576.65,False,False,none
2025-spanish-grand-prix-r,2025,Spanish Grand Prix,303.0,2543,marshal_sector,3,,-4609.3471085465535,-7040.548477354771,-54.06517179373003,980.2806183186934,388975,19,-6733.0,2886.0,-7455.0,4141.0,-6716.0,2848.0,-7430.0,4103.0,True,769.52,927.6800000000001,478.20000000000005,576.65,False,False,none
2025-spanish-grand-prix-r,2025,Spanish Grand Prix,303.0,2544,marshal_sector,4,,-5843.748496661112,-7424.0969457201345,-283.3184939066493,1122.4883169711661,388975,19,-6733.0,2886.0,-7455.0,4141.0,-6716.0,2848.0,-7430.0,4103.0,True,769.52,927.6800000000001,478.20000000000005,576.65,False,False,none
2025-spanish-grand-prix-r,2025,Spanish Grand Prix,303.0,2545,marshal_sector,5,,-5924.383852964412,-4172.870377302516,-210.8480291474207,1498.693864068834,388975,19,-6733.0,2886.0,-7455.0,4141.0,-6716.0,2848.0,-7430.0,4103.0,True,769.52,927.6800000000001,478.20000000000005,576.65,False,False,none
2025-spanish-grand-prix-r,2025,Spanish Grand Prix,303.0,2546,marshal_sector,6,,-4244.727800043895,-3071.6242077696033,-140.07086124342186,1746.2724454722202,388975,19,-6733.0,2886.0,-7455.0,4141.0,-6716.0,2848.0,-7430.0,4103.0,True,769.52,927.6800000000001,478.20000000000005,576.65,False,False,none
2025-spanish-grand-prix-r,2025,Spanish Grand Prix,303.0,2547,marshal_sector,7,,-4570.566052075637,-4774.326791024405,-36.16942523538637,1941.8170143684908,388975,19,-6733.0,2886.0,-7455.0,4141.0,-6716.0,2848.0,-7430.0,4103.0,True,769.52,927.6800000000001,478.20000000000005,576.65,False,False,none
2025-spanish-grand-prix-r,2025,Spanish Grand Prix,303.0,2548,marshal_sector,8,,-2564.2860373416015,-4922.460426531707,-38.51268326688307,2400.4908733788443,388975,19,-6733.0,2886.0,-7455.0,4141.0,-6716.0,2848.0,-7430.0,4103.0,True,769.52,927.6800000000001,478.20000000000005,576.65,False,False,none
2025-spanish-grand-prix-r,2025,Spanish Grand Prix,303.0,2549,marshal_sector,9,,-2606.988310235802,-3370.263710469712,-319.01756718678496,2579.930973635704,388975,19,-6733.0,2886.0,-7455.0,4141.0,-6716.0,2848.0,-7430.0,4103.0,True,769.52,927.6800000000001,478.20000000000005,576.65,False,False,none
2025-spanish-grand-prix-r,2025,Spanish Grand Prix,303.0,2550,marshal_sector,10,,-3387.9155842700875,-1708.1689224423646,-333.40859305955337,2771.326314706353,388975,19,-6733.0,2886.0,-7455.0,4141.0,-6716.0,2848.0,-7430.0,4103.0,True,769.52,927.6800000000001,478.20000000000005,576.65,False,False,none
2025-spanish-grand-prix-r,2025,Spanish Grand Prix,303.0,2551,marshal_sector,11,,-2600.3861136883556,-84.8704789122637,-65.51635413783345,2985.9149809172345,388975,19,-6733.0,2886.0,-7455.0,4141.0,-6716.0,2848.0,-7430.0,4103.0,True,769.52,927.6800000000001,478.20000000000005,576.65,False,False,none
2025-spanish-grand-prix-r,2025,Spanish Grand Prix,303.0,2552,marshal_sector,12,,377.26416988585197,1411.430252657332,-62.801586271593806,3315.0413439400427,388975,19,-6733.0,2886.0,-7455.0,4141.0,-6716.0,2848.0,-7430.0,4103.0,True,769.52,927.6800000000001,478.20000000000005,576.65,False,False,none
2025-spanish-grand-prix-r,2025,Spanish Grand Prix,303.0,2553,marshal_sector,13,,-5.545074035623884,2312.791376965788,-236.87986382668691,3635.9937971177646,388975,19,-6733.0,2886.0,-7455.0,4141.0,-6716.0,2848.0,-7430.0,4103.0,True,769.52,927.6800000000001,478.20000000000005,576.65,False,False,none
2025-spanish-grand-prix-r,2025,Spanish Grand Prix,303.0,2554,marshal_sector,14,,-1039.4281509715775,2495.4656370199564,-348.17800570476993,3769.1687816328786,388975,19,-6733.0,2886.0,-7455.0,4141.0,-6716.0,2848.0,-7430.0,4103.0,True,769.52,927.6800000000001,478.20000000000005,576.65,False,False,none
2025-spanish-grand-prix-r,2025,Spanish Grand Prix,303.0,2555,marshal_sector,15,,-12.478558813129439,3823.3279232382447,-50.22394771364259,3937.780308699003,388975,19,-6733.0,2886.0,-7455.0,4141.0,-6716.0,2848.0,-7430.0,4103.0,True,769.52,927.6800000000001,478.20000000000005,576.65,False,False,none
2025-spanish-grand-prix-r,2025,Spanish Grand Prix,303.0,2556,marshal_sector,16,,2136.217555710698,3462.74167210654,-123.16329448217249,4175.374784994918,388975,19,-6733.0,2886.0,-7455.0,4141.0,-6716.0,2848.0,-7430.0,4103.0,True,769.52,927.6800000000001,478.20000000000005,576.65,False,False,none
2025-canadian-grand-prix-r,2025,Canadian Grand Prix,62.0,2557,corner,1,,3314.213623046875,-1317.8548583984375,-165.7042232224879,222.06463414701784,407524,20,-2450.0,3899.0,-2275.0,16764.0,-2445.0,3876.0,-2268.0,16747.0,True,507.92,1523.1200000000001,316.05,950.75,False,False,none
2025-canadian-grand-prix-r,2025,Canadian Grand Prix,62.0,2558,corner,2,,3856.566650390625,-2073.48876953125,-22.292628506519133,323.86612139327974,407524,20,-2450.0,3899.0,-2275.0,16764.0,-2445.0,3876.0,-2268.0,16747.0,True,507.92,1523.1200000000001,316.05,950.75,False,False,none
2025-canadian-grand-prix-r,2025,Canadian Grand Prix,62.0,2559,corner,3,,740.00048828125,-608.991943359375,-158.88211146259871,694.4735876558325,407524,20,-2450.0,3899.0,-2275.0,16764.0,-2445.0,3876.0,-2268.0,16747.0,True,507.92,1523.1200000000001,316.05,950.75,False,False,none
2025-canadian-grand-prix-r,2025,Canadian Grand Prix,62.0,2560,corner,4,,746.3623046875,-42.99305725097656,10.981968146091017,771.5160795744348,407524,20,-2450.0,3899.0,-2275.0,16764.0,-2445.0,3876.0,-2268.0,16747.0,True,507.92,1523.1200000000001,316.05,950.75,False,False,none
2025-canadian-grand-prix-r,2025,Canadian Grand Prix,62.0,2561,corner,5,,-724.0447387695312,1618.9674072265625,29.69970797495177,976.8876013314615,407524,20,-2450.0,3899.0,-2275.0,16764.0,-2445.0,3876.0,-2268.0,16747.0,True,507.92,1523.1200000000001,316.05,950.75,False,False,none
2025-canadian-grand-prix-r,2025,Canadian Grand Prix,62.0,2562,corner,6,,-993.9166259765625,3790.888671875,27.68189480956655,1201.444165437971,407524,20,-2450.0,3899.0,-2275.0,16764.0,-2445.0,3876.0,-2268.0,16747.0,True,507.92,1523.1200000000001,316.05,950.75,False,False,none
2025-canadian-grand-prix-r,2025,Canadian Grand Prix,62.0,2563,corner,7,,-1783.8714599609375,4016.30078125,-117.80501466388415,1279.001378194831,407524,20,-2450.0,3899.0,-2275.0,16764.0,-2445.0,3876.0,-2268.0,16747.0,True,507.92,1523.1200000000001,316.05,950.75,False,False,none
2025-canadian-grand-prix-r,2025,Canadian Grand Prix,62.0,2564,corner,8,,-1785.4404296875,10539.7060546875,118.5937331062827,1987.8794843455148,407524,20,-2450.0,3899.0,-2275.0,16764.0,-2445.0,3876.0,-2268.0,16747.0,True,507.92,1523.1200000000001,316.05,950.75,False,False,none
2025-canadian-grand-prix-r,2025,Canadian Grand Prix,62.0,2565,corner,9,,-1140.2919921875,10976.314453125,-28.30519809467008,2063.418759782068,407524,20,-2450.0,3899.0,-2275.0,16764.0,-2445.0,3876.0,-2268.0,16747.0,True,507.92,1523.1200000000001,316.05,950.75,False,False,none
2025-canadian-grand-prix-r,2025,Canadian Grand Prix,62.0,2566,corner,10,,-711.50537109375,16759.564453125,97.79649538436189,2648.015573995588,407524,20,-2450.0,3899.0,-2275.0,16764.0,-2445.0,3876.0,-2268.0,16747.0,True,507.92,1523.1200000000001,316.05,950.75,False,False,none
2025-canadian-grand-prix-r,2025,Canadian Grand Prix,62.0,2567,corner,11,,-374.8269958496094,15840.400390625,9.36772122115067,2761.4881456132503,407524,20,-2450.0,3899.0,-2275.0,16764.0,-2445.0,3876.0,-2268.0,16747.0,True,507.92,1523.1200000000001,316.05,950.75,False,False,none
2025-canadian-grand-prix-r,2025,Canadian Grand Prix,62.0,2568,corner,12,,975.87255859375,12421.1728515625,-161.17004277640703,3133.302404732116,407524,20,-2450.0,3899.0,-2275.0,16764.0,-2445.0,3876.0,-2268.0,16747.0,True,507.92,1523.1200000000001,316.05,950.75,False,False,none
2025-canadian-grand-prix-r,2025,Canadian Grand Prix,62.0,2569,corner,13,,2586.933349609375,5440.8330078125,-21.168127295710576,3823.774764877405,407524,20,-2450.0,3899.0,-2275.0,16764.0,-2445.0,3876.0,-2268.0,16747.0,True,507.92,1523.1200000000001,316.05,950.75,False,False,none
2025-canadian-grand-prix-r,2025,Canadian Grand Prix,62.0,2570,corner,14,,2435.436279296875,5153.82958984375,157.077799192522,3849.052928581389,407524,20,-2450.0,3899.0,-2275.0,16764.0,-2445.0,3876.0,-2268.0,16747.0,True,507.92,1523.1200000000001,316.05,950.75,False,False,none
2025-canadian-grand-prix-r,2025,Canadian Grand Prix,62.0,2571,marshal_light,1,,3353.0,920.0,12.894578202379641,2.2256077376054844,407524,20,-2450.0,3899.0,-2275.0,16764.0,-2445.0,3876.0,-2268.0,16747.0,True,507.92,1523.1200000000001,316.05,950.75,False,False,none
2025-canadian-grand-prix-r,2025,Canadian Grand Prix,62.0,2572,marshal_light,2,,3498.90283203125,-2272.3466796875,-88.32989817544153,372.3298788849678,407524,20,-2450.0,3899.0,-2275.0,16764.0,-2445.0,3876.0,-2268.0,16747.0,True,507.92,1523.1200000000001,316.05,950.75,False,False,none
2025-canadian-grand-prix-r,2025,Canadian Grand Prix,62.0,2573,marshal_light,3,,1662.2669677734375,-1507.206298828125,-128.27566231965025,575.3611754574,407524,20,-2450.0,3899.0,-2275.0,16764.0,-2445.0,3876.0,-2268.0,16747.0,True,507.92,1523.1200000000001,316.05,950.75,False,False,none
2025-canadian-grand-prix-r,2025,Canadian Grand Prix,62.0,2574,marshal_light,4,,677.2483520507812,125.60184478759766,28.002158650512413,771.5160795744348,407524,20,-2450.0,3899.0,-2275.0,16764.0,-2445.0,3876.0,-2268.0,16747.0,True,507.92,1523.1200000000001,316.05,950.75,False,False,none
2025-canadian-grand-prix-r,2025,Canadian Grand Prix,62.0,2575,marshal_light,5,,-774.033935546875,1715.0845947265625,-158.15847537256528,976.8876013314615,407524,20,-2450.0,3899.0,-2275.0,16764.0,-2445.0,3876.0,-2268.0,16747.0,True,507.92,1523.1200000000001,316.05,950.75,False,False,none
2025-canadian-grand-prix-r,2025,Canadian Grand Prix,62.0,2576,marshal_light,6,,-924.5342407226562,3112.103759765625,-3.2830471080031276,1136.6173020155954,407524,20,-2450.0,3899.0,-2275.0,16764.0,-2445.0,3876.0,-2268.0,16747.0,True,507.92,1523.1200000000001,316.05,950.75,False,False,none
2025-canadian-grand-prix-r,2025,Canadian Grand Prix,62.0,2577,marshal_light,7,,-2157.23095703125,4442.89794921875,-157.39499215981778,1353.7877232395292,407524,20,-2450.0,3899.0,-2275.0,16764.0,-2445.0,3876.0,-2268.0,16747.0,True,507.92,1523.1200000000001,316.05,950.75,False,False,none
2025-canadian-grand-prix-r,2025,Canadian Grand Prix,62.0,2578,marshal_light,8,,-2445.88525390625,7373.7392578125,178.7952462699762,1636.6388809203022,407524,20,-2450.0,3899.0,-2275.0,16764.0,-2445.0,3876.0,-2268.0,16747.0,True,507.92,1523.1200000000001,316.05,950.75,False,False,none
2025-canadian-grand-prix-r,2025,Canadian Grand Prix,62.0,2579,marshal_light,9,,-2088.798095703125,9766.3857421875,166.30887601711618,1898.363786052721,407524,20,-2450.0,3899.0,-2275.0,16764.0,-2445.0,3876.0,-2268.0,16747.0,True,507.92,1523.1200000000001,316.05,950.75,False,False,none
2025-canadian-grand-prix-r,2025,Canadian Grand Prix,62.0,2580,marshal_light,10,,-975.0516967773438,11434.00390625,-14.753596828251151,2102.3381618915314,407524,20,-2450.0,3899.0,-2275.0,16764.0,-2445.0,3876.0,-2268.0,16747.0,True,507.92,1523.1200000000001,316.05,950.75,False,False,none
2025-canadian-grand-prix-r,2025,Canadian Grand Prix,62.0,2581,marshal_light,11,,-635.7164916992188,15341.7001953125,-167.8728705098132,2514.592953950567,407524,20,-2450.0,3899.0,-2275.0,16764.0,-2445.0,3876.0,-2268.0,16747.0,True,507.92,1523.1200000000001,316.05,950.75,False,False,none
2025-canadian-grand-prix-r,2025,Canadian Grand Prix,62.0,2582,marshal_light,12,,-207.7078399658203,15280.560546875,22.616629788231453,2823.403808304099,407524,20,-2450.0,3899.0,-2275.0,16764.0,-2445.0,3876.0,-2268.0,16747.0,True,507.92,1523.1200000000001,316.05,950.75,False,False,none
2025-canadian-grand-prix-r,2025,Canadian Grand Prix,62.0,2583,marshal_light,13,,1093.7620849609375,12049.96875,-163.63569841304485,3168.8352062220088,407524,20,-2450.0,3899.0,-2275.0,16764.0,-2445.0,3876.0,-2268.0,16747.0,True,507.92,1523.1200000000001,316.05,950.75,False,False,none
2025-canadian-grand-prix-r,2025,Canadian Grand Prix,62.0,2584,marshal_light,14,,2325.310546875,6894.85595703125,13.55715916546403,3690.899278803316,407524,20,-2450.0,3899.0,-2275.0,16764.0,-2445.0,3876.0,-2268.0,16747.0,True,507.92,1523.1200000000001,316.05,950.75,False,False,none
2025-canadian-grand-prix-r,2025,Canadian Grand Prix,62.0,2585,marshal_light,15,,2476.053955078125,4359.74658203125,-165.41445259301378,3935.6267964022354,407524,20,-2450.0,3899.0,-2275.0,16764.0,-2445.0,3876.0,-2268.0,16747.0,True,507.92,1523.1200000000001,316.05,950.75,False,False,none
2025-canadian-grand-prix-r,2025,Canadian Grand Prix,62.0,2586,marshal_sector,1,,3353.0,920.0,12.449547376071568,2.2256077376054844,407524,20,-2450.0,3899.0,-2275.0,16764.0,-2445.0,3876.0,-2268.0,16747.0,True,507.92,1523.1200000000001,316.05,950.75,False,False,none
2025-canadian-grand-prix-r,2025,Canadian Grand Prix,62.0,2587,marshal_sector,2,,3515.829833984375,-2271.81787109375,-88.06684494752612,359.3074071990667,407524,20,-2450.0,3899.0,-2275.0,16764.0,-2445.0,3876.0,-2268.0,16747.0,True,507.92,1523.1200000000001,316.05,950.75,False,False,none
2025-canadian-grand-prix-r,2025,Canadian Grand Prix,62.0,2588,marshal_sector,3,,1691.74853515625,-1529.987548828125,-127.7964021814815,559.032681675879,407524,20,-2450.0,3899.0,-2275.0,16764.0,-2445.0,3876.0,-2268.0,16747.0,True,507.92,1523.1200000000001,316.05,950.75,False,False,none
2025-canadian-grand-prix-r,2025,Canadian Grand Prix,62.0,2589,marshal_sector,4,,610.7792358398438,219.52816772460938,38.20509169993323,790.7988459227556,407524,20,-2450.0,3899.0,-2275.0,16764.0,-2445.0,3876.0,-2268.0,16747.0,True,507.92,1523.1200000000001,316.05,950.75,False,False,none
2025-canadian-grand-prix-r,2025,Canadian Grand Prix,62.0,2590,marshal_sector,5,,-800.5307006835938,1781.093994140625,-158.2263006994478,1007.7487740849992,407524,20,-2450.0,3899.0,-2275.0,16764.0,-2445.0,3876.0,-2268.0,16747.0,True,507.92,1523.1200000000001,316.05,950.75,False,False,none
2025-canadian-grand-prix-r,2025,Canadian Grand Prix,62.0,2591,marshal_sector,6,,-924.1455688476562,3118.8671875,-3.327263401220419,1136.6173020155954,407524,20,-2450.0,3899.0,-2275.0,16764.0,-2445.0,3876.0,-2268.0,16747.0,True,507.92,1523.1200000000001,316.05,950.75,False,False,none
2025-canadian-grand-prix-r,2025,Canadian Grand Prix,62.0,2592,marshal_sector,7,,-2150.709228515625,4427.2685546875,-157.35099060339786,1353.7877232395292,407524,20,-2450.0,3899.0,-2275.0,16764.0,-2445.0,3876.0,-2268.0,16747.0,True,507.92,1523.1200000000001,316.05,950.75,False,False,none
2025-canadian-grand-prix-r,2025,Canadian Grand Prix,62.0,2593,marshal_sector,8,,-2446.911376953125,7329.7177734375,178.7683744097345,1636.6388809203022,407524,20,-2450.0,3899.0,-2275.0,16764.0,-2445.0,3876.0,-2268.0,16747.0,True,507.92,1523.1200000000001,316.05,950.75,False,False,none
2025-canadian-grand-prix-r,2025,Canadian Grand Prix,62.0,2594,marshal_sector,9,,-2148.736083984375,9516.0556640625,166.63597341117227,1870.0126948983989,407524,20,-2450.0,3899.0,-2275.0,16764.0,-2445.0,3876.0,-2268.0,16747.0,True,507.92,1523.1200000000001,316.05,950.75,False,False,none
2025-canadian-grand-prix-r,2025,Canadian Grand Prix,62.0,2595,marshal_sector,10,,-992.2911376953125,11368.494140625,-14.678034180937459,2102.3381618915314,407524,20,-2450.0,3899.0,-2275.0,16764.0,-2445.0,3876.0,-2268.0,16747.0,True,507.92,1523.1200000000001,316.05,950.75,False,False,none
2025-canadian-grand-prix-r,2025,Canadian Grand Prix,62.0,2596,marshal_sector,11,,-618.0419921875,15255.431640625,-170.15301008652187,2487.662135488932,407524,20,-2450.0,3899.0,-2275.0,16764.0,-2445.0,3876.0,-2268.0,16747.0,True,507.92,1523.1200000000001,316.05,950.75,False,False,none
2025-canadian-grand-prix-r,2025,Canadian Grand Prix,62.0,2597,marshal_sector,12,,-215.56005859375,15299.3046875,22.633457632378306,2823.403808304099,407524,20,-2450.0,3899.0,-2275.0,16764.0,-2445.0,3876.0,-2268.0,16747.0,True,507.92,1523.1200000000001,316.05,950.75,False,False,none
2025-canadian-grand-prix-r,2025,Canadian Grand Prix,62.0,2598,marshal_sector,13,,1076.7451171875,12104.9765625,-161.929117459309,3147.8433825908123,407524,20,-2450.0,3899.0,-2275.0,16764.0,-2445.0,3876.0,-2268.0,16747.0,True,507.92,1523.1200000000001,316.05,950.75,False,False,none
2025-canadian-grand-prix-r,2025,Canadian Grand Prix,62.0,2599,marshal_sector,14,,2311.971435546875,6950.87158203125,13.294184941856068,3690.899278803316,407524,20,-2450.0,3899.0,-2275.0,16764.0,-2445.0,3876.0,-2268.0,16747.0,True,507.92,1523.1200000000001,316.05,950.75,False,False,none
2025-canadian-grand-prix-r,2025,Canadian Grand Prix,62.0,2600,marshal_sector,15,,2477.773681640625,4353.1953125,-165.31987761834608,3935.6267964022354,407524,20,-2450.0,3899.0,-2275.0,16764.0,-2445.0,3876.0,-2268.0,16747.0,True,507.92,1523.1200000000001,316.05,950.75,False,False,none
2025-austrian-grand-prix-r,2025,Austrian Grand Prix,1.0,2601,corner,1,,-3063.95654296875,-2208.505859375,-115.77962454723948,422.9951467587182,314417,19,-8240.0,4246.0,-2244.0,5680.0,-8218.0,4224.0,-2231.0,5677.0,True,998.88,633.92,622.1,395.40000000000003,False,False,none
2025-austrian-grand-prix-r,2025,Austrian Grand Prix,1.0,2602,corner,2,,-6314.69482421875,3218.050048828125,32.816311235060375,1068.0732885070167,314417,19,-8240.0,4246.0,-2244.0,5680.0,-8218.0,4224.0,-2231.0,5677.0,True,998.88,633.92,622.1,395.40000000000003,False,False,none
2025-austrian-grand-prix-r,2025,Austrian Grand Prix,1.0,2603,corner,3,,-8209.9208984375,5460.17724609375,147.53856789297933,1361.2949539079254,314417,19,-8240.0,4246.0,-2244.0,5680.0,-8218.0,4224.0,-2231.0,5677.0,True,998.88,633.92,622.1,395.40000000000003,False,False,none
2025-austrian-grand-prix-r,2025,Austrian Grand Prix,1.0,2604,corner,4,,-266.37420654296875,4694.2724609375,16.276140875442245,2180.823233048488,314417,19,-8240.0,4246.0,-2244.0,5680.0,-8218.0,4224.0,-2231.0,5677.0,True,998.88,633.92,622.1,395.40000000000003,False,False,none
2025-austrian-grand-prix-r,2025,Austrian Grand Prix,1.0,2605,corner,5,,-1473.040283203125,3462.345947265625,-75.64882051123584,2358.387939830676,314417,19,-8240.0,4246.0,-2244.0,5680.0,-8218.0,4224.0,-2231.0,5677.0,True,998.88,633.92,622.1,395.40000000000003,False,False,none
2025-austrian-grand-prix-r,2025,Austrian Grand Prix,1.0,2606,corner,6,,-4632.14404296875,3322.6875,-39.52498788143804,2697.6683972160863,314417,19,-8240.0,4246.0,-2244.0,5680.0,-8218.0,4224.0,-2231.0,5677.0,True,998.88,633.92,622.1,395.40000000000003,False,False,none
2025-austrian-grand-prix-r,2025,Austrian Grand Prix,1.0,2607,corner,7,,-3272.00830078125,853.0664672851562,96.4938007769575,3017.9769124532313,314417,19,-8240.0,4246.0,-2244.0,5680.0,-8218.0,4224.0,-2231.0,5677.0,True,998.88,633.92,622.1,395.40000000000003,False,False,none
2025-austrian-grand-prix-r,2025,Austrian Grand Prix,1.0,2608,corner,8,,-1618.7939453125,1948.8214111328125,108.03501663007374,3214.7292634784467,314417,19,-8240.0,4246.0,-2244.0,5680.0,-8218.0,4224.0,-2231.0,5677.0,True,998.88,633.92,622.1,395.40000000000003,False,False,none
2025-austrian-grand-prix-r,2025,Austrian Grand Prix,1.0,2609,corner,9,,3669.864501953125,1852.27734375,51.29113873108554,3751.81448885164,314417,19,-8240.0,4246.0,-2244.0,5680.0,-8218.0,4224.0,-2231.0,5677.0,True,998.88,633.92,622.1,395.40000000000003,False,False,none
2025-austrian-grand-prix-r,2025,Austrian Grand Prix,1.0,2610,corner,10,,4201.1748046875,85.38370513916016,-9.155093979430859,3942.528179961438,314417,19,-8240.0,4246.0,-2244.0,5680.0,-8218.0,4224.0,-2231.0,5677.0,True,998.88,633.92,622.1,395.40000000000003,False,False,none
2025-austrian-grand-prix-r,2025,Austrian Grand Prix,1.0,2611,marshal_light,1,,1714.3135986328125,-1043.3182373046875,105.40617491375619,4235.80803045876,314417,19,-8240.0,4246.0,-2244.0,5680.0,-8218.0,4224.0,-2231.0,5677.0,True,998.88,633.92,622.1,395.40000000000003,False,False,none
2025-austrian-grand-prix-r,2025,Austrian Grand Prix,1.0,2612,marshal_light,2,,-1830.0638427734375,-2005.330810546875,-74.06411909379727,308.85019074548296,314417,19,-8240.0,4246.0,-2244.0,5680.0,-8218.0,4224.0,-2231.0,5677.0,True,998.88,633.92,622.1,395.40000000000003,False,False,none
2025-austrian-grand-prix-r,2025,Austrian Grand Prix,1.0,2613,marshal_light,3,,-3607.49560546875,-1508.80419921875,-145.2642833975365,538.7306502878804,314417,19,-8240.0,4246.0,-2244.0,5680.0,-8218.0,4224.0,-2231.0,5677.0,True,998.88,633.92,622.1,395.40000000000003,False,False,none
2025-austrian-grand-prix-r,2025,Austrian Grand Prix,1.0,2614,marshal_light,4,,-5003.16259765625,631.7350463867188,-150.13152914396684,785.9143630835003,314417,19,-8240.0,4246.0,-2244.0,5680.0,-8218.0,4224.0,-2231.0,5677.0,True,998.88,633.92,622.1,395.40000000000003,False,False,none
2025-austrian-grand-prix-r,2025,Austrian Grand Prix,1.0,2615,marshal_light,5,,-6446.1767578125,3412.562744140625,35.85519388233484,1098.294118376511,314417,19,-8240.0,4246.0,-2244.0,5680.0,-8218.0,4224.0,-2231.0,5677.0,True,998.88,633.92,622.1,395.40000000000003,False,False,none
2025-austrian-grand-prix-r,2025,Austrian Grand Prix,1.0,2616,marshal_light,6,,-7521.89990234375,4566.521484375,-134.3914391561111,1240.2891162604874,314417,19,-8240.0,4246.0,-2244.0,5680.0,-8218.0,4224.0,-2231.0,5677.0,True,998.88,633.92,622.1,395.40000000000003,False,False,none
2025-austrian-grand-prix-r,2025,Austrian Grand Prix,1.0,2617,marshal_light,7,,-7324.0654296875,5667.95751953125,93.37049606443306,1459.4395505746638,314417,19,-8240.0,4246.0,-2244.0,5680.0,-8218.0,4224.0,-2231.0,5677.0,True,998.88,633.92,622.1,395.40000000000003,False,False,none
2025-austrian-grand-prix-r,2025,Austrian Grand Prix,1.0,2618,marshal_light,8,,-4105.56005859375,5269.11181640625,-101.36997739973333,1778.5928075310685,314417,19,-8240.0,4246.0,-2244.0,5680.0,-8218.0,4224.0,-2231.0,5677.0,True,998.88,633.92,622.1,395.40000000000003,False,False,none
2025-austrian-grand-prix-r,2025,Austrian Grand Prix,1.0,2619,marshal_light,9,,-1440.123291015625,4964.8232421875,88.62024538973503,2055.5758071588893,314417,19,-8240.0,4246.0,-2244.0,5680.0,-8218.0,4224.0,-2231.0,5677.0,True,998.88,633.92,622.1,395.40000000000003,False,False,none
2025-austrian-grand-prix-r,2025,Austrian Grand Prix,1.0,2620,marshal_light,10,,-858.4354858398438,3721.502197265625,-57.30905037748015,2297.6036500009404,314417,19,-8240.0,4246.0,-2244.0,5680.0,-8218.0,4224.0,-2231.0,5677.0,True,998.88,633.92,622.1,395.40000000000003,False,False,none
2025-austrian-grand-prix-r,2025,Austrian Grand Prix,1.0,2621,marshal_light,11,,-2887.346435546875,3505.6044921875,79.37251053021662,2503.3887945592714,314417,19,-8240.0,4246.0,-2244.0,5680.0,-8218.0,4224.0,-2231.0,5677.0,True,998.88,633.92,622.1,395.40000000000003,False,False,none
2025-austrian-grand-prix-r,2025,Austrian Grand Prix,1.0,2622,marshal_light,12,,-4323.98876953125,1680.625732421875,-147.9455719633677,2880.947140787251,314417,19,-8240.0,4246.0,-2244.0,5680.0,-8218.0,4224.0,-2231.0,5677.0,True,998.88,633.92,622.1,395.40000000000003,False,False,none
2025-austrian-grand-prix-r,2025,Austrian Grand Prix,1.0,2623,marshal_light,13,,-1952.9539794921875,1781.64990234375,-55.58001855535327,3180.57253525986,314417,19,-8240.0,4246.0,-2244.0,5680.0,-8218.0,4224.0,-2231.0,5677.0,True,998.88,633.92,622.1,395.40000000000003,False,False,none
2025-austrian-grand-prix-r,2025,Austrian Grand Prix,1.0,2624,marshal_light,14,,265.79534912109375,2065.395263671875,90.66470532464969,3391.5708009702425,314417,19,-8240.0,4246.0,-2244.0,5680.0,-8218.0,4224.0,-2231.0,5677.0,True,998.88,633.92,622.1,395.40000000000003,False,False,none
2025-austrian-grand-prix-r,2025,Austrian Grand Prix,1.0,2625,marshal_light,15,,2200.609375,2107.0,89.86750201549728,3605.7536650721645,314417,19,-8240.0,4246.0,-2244.0,5680.0,-8218.0,4224.0,-2231.0,5677.0,True,998.88,633.92,622.1,395.40000000000003,False,False,none
2025-austrian-grand-prix-r,2025,Austrian Grand Prix,1.0,2626,marshal_light,16,,4116.466796875,774.2239990234375,16.779340035255657,3870.6211174916198,314417,19,-8240.0,4246.0,-2244.0,5680.0,-8218.0,4224.0,-2231.0,5677.0,True,998.88,633.92,622.1,395.40000000000003,False,False,none
2025-austrian-grand-prix-r,2025,Austrian Grand Prix,1.0,2627,marshal_sector,1,,1338.744140625,-1144.797119140625,-74.71019613696613,4265.222949148409,314417,19,-8240.0,4246.0,-2244.0,5680.0,-8218.0,4224.0,-2231.0,5677.0,True,998.88,633.92,622.1,395.40000000000003,False,False,none
2025-austrian-grand-prix-r,2025,Austrian Grand Prix,1.0,2628,marshal_sector,2,,-1927.0264892578125,-2032.2327880859375,-74.10781638281101,308.85019074548296,314417,19,-8240.0,4246.0,-2244.0,5680.0,-8218.0,4224.0,-2231.0,5677.0,True,998.88,633.92,622.1,395.40000000000003,False,False,none
2025-austrian-grand-prix-r,2025,Austrian Grand Prix,1.0,2629,marshal_sector,3,,-3624.8466796875,-1484.10205078125,-144.1395501366377,538.7306502878804,314417,19,-8240.0,4246.0,-2244.0,5680.0,-8218.0,4224.0,-2231.0,5677.0,True,998.88,633.92,622.1,395.40000000000003,False,False,none
2025-austrian-grand-prix-r,2025,Austrian Grand Prix,1.0,2630,marshal_sector,4,,-4956.16650390625,550.4202880859375,-149.94914227917604,759.209337242487,314417,19,-8240.0,4246.0,-2244.0,5680.0,-8218.0,4224.0,-2231.0,5677.0,True,998.88,633.92,622.1,395.40000000000003,False,False,none
2025-austrian-grand-prix-r,2025,Austrian Grand Prix,1.0,2631,marshal_sector,5,,-6541.53125,3542.25927734375,38.03588691670852,1098.294118376511,314417,19,-8240.0,4246.0,-2244.0,5680.0,-8218.0,4224.0,-2231.0,5677.0,True,998.88,633.92,622.1,395.40000000000003,False,False,none
2025-austrian-grand-prix-r,2025,Austrian Grand Prix,1.0,2632,marshal_sector,6,,-7599.22900390625,4640.95556640625,-133.502401111502,1258.6970663613567,314417,19,-8240.0,4246.0,-2244.0,5680.0,-8218.0,4224.0,-2231.0,5677.0,True,998.88,633.92,622.1,395.40000000000003,False,False,none
2025-austrian-grand-prix-r,2025,Austrian Grand Prix,1.0,2633,marshal_sector,7,,-7464.62744140625,5658.94775390625,93.05026910427549,1438.7698233061142,314417,19,-8240.0,4246.0,-2244.0,5680.0,-8218.0,4224.0,-2231.0,5677.0,True,998.88,633.92,622.1,395.40000000000003,False,False,none
2025-austrian-grand-prix-r,2025,Austrian Grand Prix,1.0,2634,marshal_sector,8,,-3501.783935546875,5159.08740234375,-98.49814938448576,1845.3119494902533,314417,19,-8240.0,4246.0,-2244.0,5680.0,-8218.0,4224.0,-2231.0,5677.0,True,998.88,633.92,622.1,395.40000000000003,False,False,none
2025-austrian-grand-prix-r,2025,Austrian Grand Prix,1.0,2635,marshal_sector,9,,-1533.980712890625,4968.15625,87.73518595327846,2041.4345171056802,314417,19,-8240.0,4246.0,-2244.0,5680.0,-8218.0,4224.0,-2231.0,5677.0,True,998.88,633.92,622.1,395.40000000000003,False,False,none
2025-austrian-grand-prix-r,2025,Austrian Grand Prix,1.0,2636,marshal_sector,10,,-968.2344970703125,3656.848388671875,-60.38694569864053,2313.2104072633642,314417,19,-8240.0,4246.0,-2244.0,5680.0,-8218.0,4224.0,-2231.0,5677.0,True,998.88,633.92,622.1,395.40000000000003,False,False,none
2025-austrian-grand-prix-r,2025,Austrian Grand Prix,1.0,2637,marshal_sector,11,,-3025.7216796875,3532.023193359375,79.39104233280095,2520.798071223223,314417,19,-8240.0,4246.0,-2244.0,5680.0,-8218.0,4224.0,-2231.0,5677.0,True,998.88,633.92,622.1,395.40000000000003,False,False,none
2025-austrian-grand-prix-r,2025,Austrian Grand Prix,1.0,2638,marshal_sector,12,,-4345.22509765625,1714.81982421875,-148.060457235465,2854.2252356835925,314417,19,-8240.0,4246.0,-2244.0,5680.0,-8218.0,4224.0,-2231.0,5677.0,True,998.88,633.92,622.1,395.40000000000003,False,False,none
2025-austrian-grand-prix-r,2025,Austrian Grand Prix,1.0,2639,marshal_sector,13,,-1939.087890625,1791.0845947265625,-55.74164765835093,3180.57253525986,314417,19,-8240.0,4246.0,-2244.0,5680.0,-8218.0,4224.0,-2231.0,5677.0,True,998.88,633.92,622.1,395.40000000000003,False,False,none
2025-austrian-grand-prix-r,2025,Austrian Grand Prix,1.0,2640,marshal_sector,14,,171.87954711914062,2064.7626953125,90.24061154611952,3391.5708009702425,314417,19,-8240.0,4246.0,-2244.0,5680.0,-8218.0,4224.0,-2231.0,5677.0,True,998.88,633.92,622.1,395.40000000000003,False,False,none
2025-austrian-grand-prix-r,2025,Austrian Grand Prix,1.0,2641,marshal_sector,15,,2177.138916015625,2106.341552734375,91.71124309441586,3605.7536650721645,314417,19,-8240.0,4246.0,-2244.0,5680.0,-8218.0,4224.0,-2231.0,5677.0,True,998.88,633.92,622.1,395.40000000000003,False,False,none
2025-austrian-grand-prix-r,2025,Austrian Grand Prix,1.0,2642,marshal_sector,16,,4097.1103515625,838.45263671875,16.822882204520532,3859.8388756134295,314417,19,-8240.0,4246.0,-2244.0,5680.0,-8218.0,4224.0,-2231.0,5677.0,True,998.88,633.92,622.1,395.40000000000003,False,False,none
2025-british-grand-prix-r,2025,British Grand Prix,92.0,2643,corner,1,,1192.50830078125,4503.826171875,98.4899241531774,444.94327971984984,359209,19,-2315.0,7790.0,-4118.0,13119.0,-2289.0,7750.0,-4079.0,13092.0,True,808.4,1378.96,501.95000000000005,858.5500000000001,False,False,none
2025-british-grand-prix-r,2025,British Grand Prix,92.0,2644,corner,2,,2770.315185546875,4462.89208984375,-78.03462987143243,604.4026116557006,359209,19,-2315.0,7790.0,-4118.0,13119.0,-2289.0,7750.0,-4079.0,13092.0,True,808.4,1378.96,501.95000000000005,858.5500000000001,False,False,none
2025-british-grand-prix-r,2025,British Grand Prix,92.0,2645,corner,3,,4845.322265625,5895.13037109375,98.2555451956151,866.0262834822586,359209,19,-2315.0,7790.0,-4118.0,13119.0,-2289.0,7750.0,-4079.0,13092.0,True,808.4,1378.96,501.95000000000005,858.5500000000001,False,False,none
2025-british-grand-prix-r,2025,British Grand Prix,92.0,2646,corner,4,,5802.7041015625,4733.5244140625,-75.86392528573197,1029.382221250734,359209,19,-2315.0,7790.0,-4118.0,13119.0,-2289.0,7750.0,-4079.0,13092.0,True,808.4,1378.96,501.95000000000005,858.5500000000001,False,False,none
2025-british-grand-prix-r,2025,British Grand Prix,92.0,2647,corner,5,,6232.291015625,6458.9794921875,19.10473024407218,1230.2829950856847,359209,19,-2315.0,7790.0,-4118.0,13119.0,-2289.0,7750.0,-4079.0,13092.0,True,808.4,1378.96,501.95000000000005,858.5500000000001,False,False,none
2025-british-grand-prix-r,2025,British Grand Prix,92.0,2648,corner,6,,631.385986328125,10910.232421875,108.3056633014727,1953.9376656993004,359209,19,-2315.0,7790.0,-4118.0,13119.0,-2289.0,7750.0,-4079.0,13092.0,True,808.4,1378.96,501.95000000000005,858.5500000000001,False,False,none
2025-british-grand-prix-r,2025,British Grand Prix,92.0,2649,corner,7,,-566.2516479492188,9540.3837890625,-130.008186597324,2175.726870854935,359209,19,-2315.0,7790.0,-4118.0,13119.0,-2289.0,7750.0,-4079.0,13092.0,True,808.4,1378.96,501.95000000000005,858.5500000000001,False,False,none
2025-british-grand-prix-r,2025,British Grand Prix,92.0,2650,corner,8,,761.3385620117188,12361.55859375,122.63389803912163,2530.509356319351,359209,19,-2315.0,7790.0,-4118.0,13119.0,-2289.0,7750.0,-4079.0,13092.0,True,808.4,1378.96,501.95000000000005,858.5500000000001,False,False,none
2025-british-grand-prix-r,2025,British Grand Prix,92.0,2651,corner,9,,5893.8935546875,12947.2099609375,59.40549721836916,3042.428441804604,359209,19,-2315.0,7790.0,-4118.0,13119.0,-2289.0,7750.0,-4079.0,13092.0,True,808.4,1378.96,501.95000000000005,858.5500000000001,False,False,none
2025-british-grand-prix-r,2025,British Grand Prix,92.0,2652,corner,10,,7295.830078125,7780.4658203125,-159.3327248044901,3604.6159454414105,359209,19,-2315.0,7790.0,-4118.0,13119.0,-2289.0,7750.0,-4079.0,13092.0,True,808.4,1378.96,501.95000000000005,858.5500000000001,False,False,none
2025-british-grand-prix-r,2025,British Grand Prix,92.0,2653,corner,11,,7534.9931640625,6906.171875,-0.7521081230510966,3690.1609651034933,359209,19,-2315.0,7790.0,-4118.0,13119.0,-2289.0,7750.0,-4079.0,13092.0,True,808.4,1378.96,501.95000000000005,858.5500000000001,False,False,none
2025-british-grand-prix-r,2025,British Grand Prix,92.0,2654,corner,12,,7336.6962890625,5474.73486328125,6.130680887505708,3847.8017712062556,359209,19,-2315.0,7790.0,-4118.0,13119.0,-2289.0,7750.0,-4079.0,13092.0,True,808.4,1378.96,501.95000000000005,858.5500000000001,False,False,none
2025-british-grand-prix-r,2025,British Grand Prix,92.0,2655,corner,13,,7776.478515625,4163.52197265625,-11.177492704699338,3974.9081701102923,359209,19,-2315.0,7790.0,-4118.0,13119.0,-2289.0,7750.0,-4079.0,13092.0,True,808.4,1378.96,501.95000000000005,858.5500000000001,False,False,none
2025-british-grand-prix-r,2025,British Grand Prix,92.0,2656,corner,14,,6806.81005859375,3146.68896484375,131.62596056517813,4126.782753723914,359209,19,-2315.0,7790.0,-4118.0,13119.0,-2289.0,7750.0,-4079.0,13092.0,True,808.4,1378.96,501.95000000000005,858.5500000000001,False,False,none
2025-british-grand-prix-r,2025,British Grand Prix,92.0,2657,corner,15,,2398.9521484375,-4099.2412109375,-81.47941394640335,4984.092735435512,359209,19,-2315.0,7790.0,-4118.0,13119.0,-2289.0,7750.0,-4079.0,13092.0,True,808.4,1378.96,501.95000000000005,858.5500000000001,False,False,none
2025-british-grand-prix-r,2025,British Grand Prix,92.0,2658,corner,16,,-620.4287109375,-993.7661743164062,61.329159623640706,5431.602779987257,359209,19,-2315.0,7790.0,-4118.0,13119.0,-2289.0,7750.0,-4079.0,13092.0,True,808.4,1378.96,501.95000000000005,858.5500000000001,False,False,none
2025-british-grand-prix-r,2025,British Grand Prix,92.0,2659,corner,17,,-1438.0526123046875,-1146.76318359375,-79.86563689483886,5523.083853127097,359209,19,-2315.0,7790.0,-4118.0,13119.0,-2289.0,7750.0,-4079.0,13092.0,True,808.4,1378.96,501.95000000000005,858.5500000000001,False,False,none
2025-british-grand-prix-r,2025,British Grand Prix,92.0,2660,corner,18,,-2309.334228515625,-105.71966552734375,-178.56504718884855,5676.147341739461,359209,19,-2315.0,7790.0,-4118.0,13119.0,-2289.0,7750.0,-4079.0,13092.0,True,808.4,1378.96,501.95000000000005,858.5500000000001,False,False,none
2025-british-grand-prix-r,2025,British Grand Prix,92.0,2661,marshal_light,1,,-1754.1448974609375,1212.111572265625,142.51867961329444,1.3165979898799542,359209,19,-2315.0,7790.0,-4118.0,13119.0,-2289.0,7750.0,-4079.0,13092.0,True,808.4,1378.96,501.95000000000005,858.5500000000001,False,False,none
2025-british-grand-prix-r,2025,British Grand Prix,92.0,2662,marshal_light,2,,-354.9889831542969,3128.5166015625,146.19623871111293,244.73353985674956,359209,19,-2315.0,7790.0,-4118.0,13119.0,-2289.0,7750.0,-4079.0,13092.0,True,808.4,1378.96,501.95000000000005,858.5500000000001,False,False,none
2025-british-grand-prix-r,2025,British Grand Prix,92.0,2663,marshal_light,3,,4249.515625,5490.2900390625,132.9276866347228,798.410007481689,359209,19,-2315.0,7790.0,-4118.0,13119.0,-2289.0,7750.0,-4079.0,13092.0,True,808.4,1378.96,501.95000000000005,858.5500000000001,False,False,none
2025-british-grand-prix-r,2025,British Grand Prix,92.0,2664,marshal_light,4,,5518.68603515625,4895.642578125,-141.67515815912355,1002.5519961891689,359209,19,-2315.0,7790.0,-4118.0,13119.0,-2289.0,7750.0,-4079.0,13092.0,True,808.4,1378.96,501.95000000000005,858.5500000000001,False,False,none
2025-british-grand-prix-r,2025,British Grand Prix,92.0,2665,marshal_light,5,,6325.42236328125,6055.65966796875,7.715932496265007,1182.1787721428973,359209,19,-2315.0,7790.0,-4118.0,13119.0,-2289.0,7750.0,-4079.0,13092.0,True,808.4,1378.96,501.95000000000005,858.5500000000001,False,False,none
2025-british-grand-prix-r,2025,British Grand Prix,92.0,2666,marshal_light,6,,4190.66015625,8434.7197265625,49.447055817041154,1515.9435925474934,359209,19,-2315.0,7790.0,-4118.0,13119.0,-2289.0,7750.0,-4079.0,13092.0,True,808.4,1378.96,501.95000000000005,858.5500000000001,False,False,none
2025-british-grand-prix-r,2025,British Grand Prix,92.0,2667,marshal_light,7,,2136.81591796875,10232.525390625,48.02650132294714,1782.9652753822857,359209,19,-2315.0,7790.0,-4118.0,13119.0,-2289.0,7750.0,-4079.0,13092.0,True,808.4,1378.96,501.95000000000005,858.5500000000001,False,False,none
2025-british-grand-prix-r,2025,British Grand Prix,92.0,2668,marshal_light,8,,-363.476318359375,9443.9580078125,-95.62700580730365,2151.155231924492,359209,19,-2315.0,7790.0,-4118.0,13119.0,-2289.0,7750.0,-4079.0,13092.0,True,808.4,1378.96,501.95000000000005,858.5500000000001,False,False,none
2025-british-grand-prix-r,2025,British Grand Prix,92.0,2669,marshal_light,9,,449.18212890625,12139.1630859375,128.03826155329332,2473.784926494085,359209,19,-2315.0,7790.0,-4118.0,13119.0,-2289.0,7750.0,-4079.0,13092.0,True,808.4,1378.96,501.95000000000005,858.5500000000001,False,False,none
2025-british-grand-prix-r,2025,British Grand Prix,92.0,2670,marshal_light,10,,4559.4599609375,13055.90234375,97.28958855867084,2899.086056010692,359209,19,-2315.0,7790.0,-4118.0,13119.0,-2289.0,7750.0,-4079.0,13092.0,True,808.4,1378.96,501.95000000000005,858.5500000000001,False,False,none
2025-british-grand-prix-r,2025,British Grand Prix,92.0,2671,marshal_light,11,,7001.40283203125,9018.6748046875,3.9134503245475893,3451.0830333173885,359209,19,-2315.0,7790.0,-4118.0,13119.0,-2289.0,7750.0,-4079.0,13092.0,True,808.4,1378.96,501.95000000000005,858.5500000000001,False,False,none
2025-british-grand-prix-r,2025,British Grand Prix,92.0,2672,marshal_light,12,,7368.25146484375,5318.61962890625,-164.07225984248083,3847.8017712062556,359209,19,-2315.0,7790.0,-4118.0,13119.0,-2289.0,7750.0,-4079.0,13092.0,True,808.4,1378.96,501.95000000000005,858.5500000000001,False,False,none
2025-british-grand-prix-r,2025,British Grand Prix,92.0,2673,marshal_light,13,,7176.28515625,3379.65625,-60.644790895291514,4082.3178075812057,359209,19,-2315.0,7790.0,-4118.0,13119.0,-2289.0,7750.0,-4079.0,13092.0,True,808.4,1378.96,501.95000000000005,858.5500000000001,False,False,none
2025-british-grand-prix-r,2025,British Grand Prix,92.0,2674,marshal_light,14,,5777.72607421875,1547.4078369140625,154.27365992365168,4310.676763278394,359209,19,-2315.0,7790.0,-4118.0,13119.0,-2289.0,7750.0,-4079.0,13092.0,True,808.4,1378.96,501.95000000000005,858.5500000000001,False,False,none
2025-british-grand-prix-r,2025,British Grand Prix,92.0,2675,marshal_light,15,,4102.0478515625,-1911.3116455078125,-26.072989934489286,4673.127419338677,359209,19,-2315.0,7790.0,-4118.0,13119.0,-2289.0,7750.0,-4079.0,13092.0,True,808.4,1378.96,501.95000000000005,858.5500000000001,False,False,none
2025-british-grand-prix-r,2025,British Grand Prix,92.0,2676,marshal_light,16,,366.182861328125,-2090.215576171875,36.30712861735109,5292.180769897916,359209,19,-2315.0,7790.0,-4118.0,13119.0,-2289.0,7750.0,-4079.0,13092.0,True,808.4,1378.96,501.95000000000005,858.5500000000001,False,False,none
2025-british-grand-prix-r,2025,British Grand Prix,92.0,2677,marshal_light,17,,-2065.694091796875,-797.4539794921875,-141.67608107494343,5601.497897723901,359209,19,-2315.0,7790.0,-4118.0,13119.0,-2289.0,7750.0,-4079.0,13092.0,True,808.4,1378.96,501.95000000000005,858.5500000000001,False,False,none
2025-british-grand-prix-r,2025,British Grand Prix,92.0,2678,marshal_sector,1,,-1756.0,1208.0,155.9148058729058,1.3165979898799542,359209,19,-2315.0,7790.0,-4118.0,13119.0,-2289.0,7750.0,-4079.0,13092.0,True,808.4,1378.96,501.95000000000005,858.5500000000001,False,False,none
2025-british-grand-prix-r,2025,British Grand Prix,92.0,2679,marshal_sector,2,,-339.7966003417969,3151.30517578125,146.4869655800875,244.73353985674956,359209,19,-2315.0,7790.0,-4118.0,13119.0,-2289.0,7750.0,-4079.0,13092.0,True,808.4,1378.96,501.95000000000005,858.5500000000001,False,False,none
2025-british-grand-prix-r,2025,British Grand Prix,92.0,2680,marshal_sector,3,,4222.619140625,5465.5888671875,132.63111037443946,776.3398417912441,359209,19,-2315.0,7790.0,-4118.0,13119.0,-2289.0,7750.0,-4079.0,13092.0,True,808.4,1378.96,501.95000000000005,858.5500000000001,False,False,none
2025-british-grand-prix-r,2025,British Grand Prix,92.0,2681,marshal_sector,4,,5544.375,4863.5849609375,-138.771225590626,1002.5519961891689,359209,19,-2315.0,7790.0,-4118.0,13119.0,-2289.0,7750.0,-4079.0,13092.0,True,808.4,1378.96,501.95000000000005,858.5500000000001,False,False,none
2025-british-grand-prix-r,2025,British Grand Prix,92.0,2682,marshal_sector,5,,6326.04541015625,6051.140625,5.131784401836151,1182.1787721428973,359209,19,-2315.0,7790.0,-4118.0,13119.0,-2289.0,7750.0,-4079.0,13092.0,True,808.4,1378.96,501.95000000000005,858.5500000000001,False,False,none
2025-british-grand-prix-r,2025,British Grand Prix,92.0,2683,marshal_sector,6,,4128.24462890625,8488.154296875,49.18693925589212,1515.9435925474934,359209,19,-2315.0,7790.0,-4118.0,13119.0,-2289.0,7750.0,-4079.0,13092.0,True,808.4,1378.96,501.95000000000005,858.5500000000001,False,False,none
2025-british-grand-prix-r,2025,British Grand Prix,92.0,2684,marshal_sector,7,,2014.0667724609375,10341.77734375,48.319660801958854,1804.4818172445537,359209,19,-2315.0,7790.0,-4118.0,13119.0,-2289.0,7750.0,-4079.0,13092.0,True,808.4,1378.96,501.95000000000005,858.5500000000001,False,False,none
2025-british-grand-prix-r,2025,British Grand Prix,92.0,2685,marshal_sector,8,,-354.3772888183594,9443.2197265625,-94.46139220665485,2151.155231924492,359209,19,-2315.0,7790.0,-4118.0,13119.0,-2289.0,7750.0,-4079.0,13092.0,True,808.4,1378.96,501.95000000000005,858.5500000000001,False,False,none
2025-british-grand-prix-r,2025,British Grand Prix,92.0,2686,marshal_sector,9,,262.9848327636719,11977.8037109375,133.07260797876455,2460.733751901956,359209,19,-2315.0,7790.0,-4118.0,13119.0,-2289.0,7750.0,-4079.0,13092.0,True,808.4,1378.96,501.95000000000005,858.5500000000001,False,False,none
2025-british-grand-prix-r,2025,British Grand Prix,92.0,2687,marshal_sector,10,,4468.9462890625,13043.990234375,98.18856032578559,2899.086056010692,359209,19,-2315.0,7790.0,-4118.0,13119.0,-2289.0,7750.0,-4079.0,13092.0,True,808.4,1378.96,501.95000000000005,858.5500000000001,False,False,none
2025-british-grand-prix-r,2025,British Grand Prix,92.0,2688,marshal_sector,11,,6999.00537109375,9055.115234375,3.8699422974565167,3451.0830333173885,359209,19,-2315.0,7790.0,-4118.0,13119.0,-2289.0,7750.0,-4079.0,13092.0,True,808.4,1378.96,501.95000000000005,858.5500000000001,False,False,none
2025-british-grand-prix-r,2025,British Grand Prix,92.0,2689,marshal_sector,12,,7378.2841796875,5283.50537109375,-160.40381419077656,3847.8017712062556,359209,19,-2315.0,7790.0,-4118.0,13119.0,-2289.0,7750.0,-4079.0,13092.0,True,808.4,1378.96,501.95000000000005,858.5500000000001,False,False,none
2025-british-grand-prix-r,2025,British Grand Prix,92.0,2690,marshal_sector,13,,5799.56005859375,1592.628173828125,154.73682390032127,4310.676763278394,359209,19,-2315.0,7790.0,-4118.0,13119.0,-2289.0,7750.0,-4079.0,13092.0,True,808.4,1378.96,501.95000000000005,858.5500000000001,False,False,none
2025-british-grand-prix-r,2025,British Grand Prix,92.0,2691,marshal_sector,14,,4077.73046875,-1960.39453125,-26.673790475746852,4708.136944144923,359209,19,-2315.0,7790.0,-4118.0,13119.0,-2289.0,7750.0,-4079.0,13092.0,True,808.4,1378.96,501.95000000000005,858.5500000000001,False,False,none
2025-british-grand-prix-r,2025,British Grand Prix,92.0,2692,marshal_sector,15,,305.447021484375,-2010.244384765625,37.336923544076114,5305.80611863694,359209,19,-2315.0,7790.0,-4118.0,13119.0,-2289.0,7750.0,-4079.0,13092.0,True,808.4,1378.96,501.95000000000005,858.5500000000001,False,False,none
2025-british-grand-prix-r,2025,British Grand Prix,92.0,2693,marshal_sector,16,,-2051.55126953125,-815.3683471679688,-141.70097120074337,5601.497897723901,359209,19,-2315.0,7790.0,-4118.0,13119.0,-2289.0,7750.0,-4079.0,13092.0,True,808.4,1378.96,501.95000000000005,858.5500000000001,False,False,none
2025-belgian-grand-prix-r,2025,Belgian Grand Prix,91.0,2694,corner,1,,-2268.255615234375,4480.01220703125,145.68175941520641,360.3498320314673,394553,20,-4338.0,8314.0,-15771.0,4550.0,-4292.0,8273.0,-15722.0,4523.0,True,1012.16,1625.68,628.25,1012.25,False,False,none
2025-belgian-grand-prix-r,2025,Belgian Grand Prix,91.0,2695,corner,2,,2999.999267578125,504.4121398925781,-118.1437971997148,1056.1888443071243,394553,20,-4338.0,8314.0,-15771.0,4550.0,-4292.0,8273.0,-15722.0,4523.0,True,1012.16,1625.68,628.25,1012.25,False,False,none
2025-belgian-grand-prix-r,2025,Belgian Grand Prix,91.0,2696,corner,3,,3817.088134765625,-223.75808715820312,21.623120750256426,1158.70084443164,394553,20,-4338.0,8314.0,-15771.0,4550.0,-4292.0,8273.0,-15722.0,4523.0,True,1012.16,1625.68,628.25,1012.25,False,False,none
2025-belgian-grand-prix-r,2025,Belgian Grand Prix,91.0,2697,corner,4,,4054.815185546875,-1175.5828857421875,-159.37230591855115,1259.5038755901796,394553,20,-4338.0,8314.0,-15771.0,4550.0,-4292.0,8273.0,-15722.0,4523.0,True,1012.16,1625.68,628.25,1012.25,False,False,none
2025-belgian-grand-prix-r,2025,Belgian Grand Prix,91.0,2698,corner,5,,8288.3798828125,-11558.162109375,-19.044517633774447,2394.385598171097,394553,20,-4338.0,8314.0,-15771.0,4550.0,-4292.0,8273.0,-15722.0,4523.0,True,1012.16,1625.68,628.25,1012.25,False,False,none
2025-belgian-grand-prix-r,2025,Belgian Grand Prix,91.0,2699,corner,6,,7822.23583984375,-12185.4541015625,162.88664031411616,2468.2843533160394,394553,20,-4338.0,8314.0,-15771.0,4550.0,-4292.0,8273.0,-15722.0,4523.0,True,1012.16,1625.68,628.25,1012.25,False,False,none
2025-belgian-grand-prix-r,2025,Belgian Grand Prix,91.0,2700,corner,7,,7960.5205078125,-13774.4111328125,153.5589625319835,2627.505014006532,394553,20,-4338.0,8314.0,-15771.0,4550.0,-4292.0,8273.0,-15722.0,4523.0,True,1012.16,1625.68,628.25,1012.25,False,False,none
2025-belgian-grand-prix-r,2025,Belgian Grand Prix,91.0,2701,corner,8,,4795.484375,-15569.1689453125,-147.87551693169823,3016.0980518537635,394553,20,-4338.0,8314.0,-15771.0,4550.0,-4292.0,8273.0,-15722.0,4523.0,True,1012.16,1625.68,628.25,1012.25,False,False,none
2025-belgian-grand-prix-r,2025,Belgian Grand Prix,91.0,2702,corner,9,,6124.01416015625,-13828.8994140625,172.22776136494474,3268.9121088817847,394553,20,-4338.0,8314.0,-15771.0,4550.0,-4292.0,8273.0,-15722.0,4523.0,True,1012.16,1625.68,628.25,1012.25,False,False,none
2025-belgian-grand-prix-r,2025,Belgian Grand Prix,91.0,2703,corner,10,,4679.7138671875,-8919.283203125,40.95163822007065,3781.85939955915,394553,20,-4338.0,8314.0,-15771.0,4550.0,-4292.0,8273.0,-15722.0,4523.0,True,1012.16,1625.68,628.25,1012.25,False,False,none
2025-belgian-grand-prix-r,2025,Belgian Grand Prix,91.0,2704,corner,11,,2442.751220703125,-8984.7734375,-46.08229755088073,4033.57352963666,394553,20,-4338.0,8314.0,-15771.0,4550.0,-4292.0,8273.0,-15722.0,4523.0,True,1012.16,1625.68,628.25,1012.25,False,False,none
2025-belgian-grand-prix-r,2025,Belgian Grand Prix,91.0,2705,corner,12,,765.8057861328125,-12791.740234375,-49.676165997109315,4444.269018293382,394553,20,-4338.0,8314.0,-15771.0,4550.0,-4292.0,8273.0,-15722.0,4523.0,True,1012.16,1625.68,628.25,1012.25,False,False,none
2025-belgian-grand-prix-r,2025,Belgian Grand Prix,91.0,2706,corner,13,,-711.81396484375,-12662.1513671875,102.89657229563842,4595.388661743724,394553,20,-4338.0,8314.0,-15771.0,4550.0,-4292.0,8273.0,-15722.0,4523.0,True,1012.16,1625.68,628.25,1012.25,False,False,none
2025-belgian-grand-prix-r,2025,Belgian Grand Prix,91.0,2707,corner,14,,-2527.06591796875,-14855.037109375,-69.16199272690382,4893.029157719613,394553,20,-4338.0,8314.0,-15771.0,4550.0,-4292.0,8273.0,-15722.0,4523.0,True,1012.16,1625.68,628.25,1012.25,False,False,none
2025-belgian-grand-prix-r,2025,Belgian Grand Prix,91.0,2708,corner,15,,-4336.47314453125,-13437.90234375,-173.38859911250455,5147.256048026499,394553,20,-4338.0,8314.0,-15771.0,4550.0,-4292.0,8273.0,-15722.0,4523.0,True,1012.16,1625.68,628.25,1012.25,False,False,none
2025-belgian-grand-prix-r,2025,Belgian Grand Prix,91.0,2709,corner,16,,370.2557678222656,-8378.4921875,142.6697670739105,5866.420805262126,394553,20,-4338.0,8314.0,-15771.0,4550.0,-4292.0,8273.0,-15722.0,4523.0,True,1012.16,1625.68,628.25,1012.25,False,False,none
2025-belgian-grand-prix-r,2025,Belgian Grand Prix,91.0,2710,corner,17,,1346.130126953125,-5851.3837890625,2.717271720601312,6141.05126609146,394553,20,-4338.0,8314.0,-15771.0,4550.0,-4292.0,8273.0,-15722.0,4523.0,True,1012.16,1625.68,628.25,1012.25,False,False,none
2025-belgian-grand-prix-r,2025,Belgian Grand Prix,91.0,2711,corner,18,,24.782848358154297,-701.6300048828125,157.75138809208076,6665.674772943259,394553,20,-4338.0,8314.0,-15771.0,4550.0,-4292.0,8273.0,-15722.0,4523.0,True,1012.16,1625.68,628.25,1012.25,False,False,none
2025-belgian-grand-prix-r,2025,Belgian Grand Prix,91.0,2712,corner,19,,549.4779052734375,-386.9144592285156,-14.515880956568681,6736.973856843099,394553,20,-4338.0,8314.0,-15771.0,4550.0,-4292.0,8273.0,-15722.0,4523.0,True,1012.16,1625.68,628.25,1012.25,False,False,none
2025-belgian-grand-prix-r,2025,Belgian Grand Prix,91.0,2713,marshal_light,1,,-159.90799179823762,891.7438525388507,34.093403171686674,6887.021360104113,394553,20,-4338.0,8314.0,-15771.0,4550.0,-4292.0,8273.0,-15722.0,4523.0,True,1012.16,1625.68,628.25,1012.25,False,False,none
2025-belgian-grand-prix-r,2025,Belgian Grand Prix,91.0,2714,marshal_light,2,,-1618.3073313105215,3094.461053242245,32.940280290755084,208.94884052125883,394553,20,-4338.0,8314.0,-15771.0,4550.0,-4292.0,8273.0,-15722.0,4523.0,True,1012.16,1625.68,628.25,1012.25,False,False,none
2025-belgian-grand-prix-r,2025,Belgian Grand Prix,91.0,2715,marshal_light,3,,389.2857770753417,3160.7714682357673,51.28984087980718,674.6464783514159,394553,20,-4338.0,8314.0,-15771.0,4550.0,-4292.0,8273.0,-15722.0,4523.0,True,1012.16,1625.68,628.25,1012.25,False,False,none
2025-belgian-grand-prix-r,2025,Belgian Grand Prix,91.0,2716,marshal_light,4,,2395.2354877094185,1062.4849874456013,41.91434068632127,962.5051544882873,394553,20,-4338.0,8314.0,-15771.0,4550.0,-4292.0,8273.0,-15722.0,4523.0,True,1012.16,1625.68,628.25,1012.25,False,False,none
2025-belgian-grand-prix-r,2025,Belgian Grand Prix,91.0,2717,marshal_light,5,,3986.341611146302,-896.2448701821386,7.85279015720397,1220.6890071037603,394553,20,-4338.0,8314.0,-15771.0,4550.0,-4292.0,8273.0,-15722.0,4523.0,True,1012.16,1625.68,628.25,1012.25,False,False,none
2025-belgian-grand-prix-r,2025,Belgian Grand Prix,91.0,2718,marshal_light,6,,5962.6426159778985,-4191.115039477186,22.728272249455845,1616.4600777622475,394553,20,-4338.0,8314.0,-15771.0,4550.0,-4292.0,8273.0,-15722.0,4523.0,True,1012.16,1625.68,628.25,1012.25,False,False,none
2025-belgian-grand-prix-r,2025,Belgian Grand Prix,91.0,2719,marshal_light,7,,8073.619919507708,-10464.983991331552,18.684440753887298,2277.393550345638,394553,20,-4338.0,8314.0,-15771.0,4550.0,-4292.0,8273.0,-15722.0,4523.0,True,1012.16,1625.68,628.25,1012.25,False,False,none
2025-belgian-grand-prix-r,2025,Belgian Grand Prix,91.0,2720,marshal_light,8,,7960.525580082704,-13774.400981941344,-26.099661343979502,2627.505014006532,394553,20,-4338.0,8314.0,-15771.0,4550.0,-4292.0,8273.0,-15722.0,4523.0,True,1012.16,1625.68,628.25,1012.25,False,False,none
2025-belgian-grand-prix-r,2025,Belgian Grand Prix,91.0,2721,marshal_light,9,,6106.869723631452,-15261.34114785413,-51.25844126038187,2886.337830918516,394553,20,-4338.0,8314.0,-15771.0,4550.0,-4292.0,8273.0,-15722.0,4523.0,True,1012.16,1625.68,628.25,1012.25,False,False,none
2025-belgian-grand-prix-r,2025,Belgian Grand Prix,91.0,2722,marshal_light,10,,5169.572526445021,-14679.773386879424,122.55608328283436,3124.3579636774202,394553,20,-4338.0,8314.0,-15771.0,4550.0,-4292.0,8273.0,-15722.0,4523.0,True,1012.16,1625.68,628.25,1012.25,False,False,none
2025-belgian-grand-prix-r,2025,Belgian Grand Prix,91.0,2723,marshal_light,11,,5223.60556807935,-10615.37666305068,11.62136076185041,3591.9538752735502,394553,20,-4338.0,8314.0,-15771.0,4550.0,-4292.0,8273.0,-15722.0,4523.0,True,1012.16,1625.68,628.25,1012.25,False,False,none
2025-belgian-grand-prix-r,2025,Belgian Grand Prix,91.0,2724,marshal_light,12,,3089.682263860813,-8585.394726095532,104.47306072304825,3942.919383027647,394553,20,-4338.0,8314.0,-15771.0,4550.0,-4292.0,8273.0,-15722.0,4523.0,True,1012.16,1625.68,628.25,1012.25,False,False,none
2025-belgian-grand-prix-r,2025,Belgian Grand Prix,91.0,2725,marshal_light,13,,1295.0178842178173,-11744.736337578532,-17.654494695139817,4312.7265553992365,394553,20,-4338.0,8314.0,-15771.0,4550.0,-4292.0,8273.0,-15722.0,4523.0,True,1012.16,1625.68,628.25,1012.25,False,False,none
2025-belgian-grand-prix-r,2025,Belgian Grand Prix,91.0,2726,marshal_light,14,,-1386.4638697029695,-13099.438301138141,143.7803352712549,4677.679973271851,394553,20,-4338.0,8314.0,-15771.0,4550.0,-4292.0,8273.0,-15722.0,4523.0,True,1012.16,1625.68,628.25,1012.25,False,False,none
2025-belgian-grand-prix-r,2025,Belgian Grand Prix,91.0,2727,marshal_light,15,,-1952.1412184549763,-14163.940889660622,-26.906922137811016,4807.629371636966,394553,20,-4338.0,8314.0,-15771.0,4550.0,-4292.0,8273.0,-15722.0,4523.0,True,1012.16,1625.68,628.25,1012.25,False,False,none
2025-belgian-grand-prix-r,2025,Belgian Grand Prix,91.0,2728,marshal_light,16,,-4003.9345863155613,-14132.572692851087,-138.16726021026975,5074.422261267658,394553,20,-4338.0,8314.0,-15771.0,4550.0,-4292.0,8273.0,-15722.0,4523.0,True,1012.16,1625.68,628.25,1012.25,False,False,none
2025-belgian-grand-prix-r,2025,Belgian Grand Prix,91.0,2729,marshal_light,17,,-2913.630586041387,-10749.501878957839,134.04688747557012,5445.433928594002,394553,20,-4338.0,8314.0,-15771.0,4550.0,-4292.0,8273.0,-15722.0,4523.0,True,1012.16,1625.68,628.25,1012.25,False,False,none
2025-belgian-grand-prix-r,2025,Belgian Grand Prix,91.0,2730,marshal_light,18,,-638.2639135470627,-9237.008510041549,120.64348609719384,5738.6481515309415,394553,20,-4338.0,8314.0,-15771.0,4550.0,-4292.0,8273.0,-15722.0,4523.0,True,1012.16,1625.68,628.25,1012.25,False,False,none
2025-belgian-grand-prix-r,2025,Belgian Grand Prix,91.0,2731,marshal_light,19,,1309.4836742311134,-5527.453010873033,11.307746347788646,6167.295674800347,394553,20,-4338.0,8314.0,-15771.0,4550.0,-4292.0,8273.0,-15722.0,4523.0,True,1012.16,1625.68,628.25,1012.25,False,False,none
2025-belgian-grand-prix-r,2025,Belgian Grand Prix,91.0,2732,marshal_light,20,,263.34313752023445,-2707.8481769531927,-167.5237412993242,6470.176736489789,394553,20,-4338.0,8314.0,-15771.0,4550.0,-4292.0,8273.0,-15722.0,4523.0,True,1012.16,1625.68,628.25,1012.25,False,False,none
2025-belgian-grand-prix-r,2025,Belgian Grand Prix,91.0,2733,marshal_light,21,,542.587682644297,-241.24766340791302,13.34713579874135,6747.831047745777,394553,20,-4338.0,8314.0,-15771.0,4550.0,-4292.0,8273.0,-15722.0,4523.0,True,1012.16,1625.68,628.25,1012.25,False,False,none
2025-belgian-grand-prix-r,2025,Belgian Grand Prix,91.0,2734,marshal_sector,1,,-1152.8992919921875,2391.4306640625,-146.59145322495473,129.21508586468357,394553,20,-4338.0,8314.0,-15771.0,4550.0,-4292.0,8273.0,-15722.0,4523.0,True,1012.16,1625.68,628.25,1012.25,False,False,none
2025-belgian-grand-prix-r,2025,Belgian Grand Prix,91.0,2735,marshal_sector,2,,-1755.3143310546875,4445.23388671875,65.99040894967526,419.8709817885403,394553,20,-4338.0,8314.0,-15771.0,4550.0,-4292.0,8273.0,-15722.0,4523.0,True,1012.16,1625.68,628.25,1012.25,False,False,none
2025-belgian-grand-prix-r,2025,Belgian Grand Prix,91.0,2736,marshal_sector,3,,961.8469848632812,2611.19140625,44.155789490184,743.2654755779758,394553,20,-4338.0,8314.0,-15771.0,4550.0,-4292.0,8273.0,-15722.0,4523.0,True,1012.16,1625.68,628.25,1012.25,False,False,none
2025-belgian-grand-prix-r,2025,Belgian Grand Prix,91.0,2737,marshal_sector,4,,3502.61572265625,226.62530517578125,47.09558366482565,1104.4189429733292,394553,20,-4338.0,8314.0,-15771.0,4550.0,-4292.0,8273.0,-15722.0,4523.0,True,1012.16,1625.68,628.25,1012.25,False,False,none
2025-belgian-grand-prix-r,2025,Belgian Grand Prix,91.0,2738,marshal_sector,5,,4879.2998046875,-2450.407958984375,36.45180749679444,1399.5402050015234,394553,20,-4338.0,8314.0,-15771.0,4550.0,-4292.0,8273.0,-15722.0,4523.0,True,1012.16,1625.68,628.25,1012.25,False,False,none
2025-belgian-grand-prix-r,2025,Belgian Grand Prix,91.0,2739,marshal_sector,6,,6874.05078125,-6891.41845703125,19.26004331327307,1900.8477916337706,394553,20,-4338.0,8314.0,-15771.0,4550.0,-4292.0,8273.0,-15722.0,4523.0,True,1012.16,1625.68,628.25,1012.25,False,False,none
2025-belgian-grand-prix-r,2025,Belgian Grand Prix,91.0,2740,marshal_sector,7,,7978.12890625,-11964.70703125,-43.28562500829339,2435.468286329613,394553,20,-4338.0,8314.0,-15771.0,4550.0,-4292.0,8273.0,-15722.0,4523.0,True,1012.16,1625.68,628.25,1012.25,False,False,none
2025-belgian-grand-prix-r,2025,Belgian Grand Prix,91.0,2741,marshal_sector,8,,7620.38427734375,-14162.9619140625,-53.40487244454432,2684.29663799913,394553,20,-4338.0,8314.0,-15771.0,4550.0,-4292.0,8273.0,-15722.0,4523.0,True,1012.16,1625.68,628.25,1012.25,False,False,none
2025-belgian-grand-prix-r,2025,Belgian Grand Prix,91.0,2742,marshal_sector,9,,4718.81982421875,-15373.197265625,-172.87173325499066,3044.3687588128646,394553,20,-4338.0,8314.0,-15771.0,4550.0,-4292.0,8273.0,-15722.0,4523.0,True,1012.16,1625.68,628.25,1012.25,False,False,none
2025-belgian-grand-prix-r,2025,Belgian Grand Prix,91.0,2743,marshal_sector,10,,5527.1435546875,-11940.7041015625,-164.84873371532538,3456.0238193178443,394553,20,-4338.0,8314.0,-15771.0,4550.0,-4292.0,8273.0,-15722.0,4523.0,True,1012.16,1625.68,628.25,1012.25,False,False,none
2025-belgian-grand-prix-r,2025,Belgian Grand Prix,91.0,2744,marshal_sector,11,,4573.07275390625,-8810.759765625,-132.72649690276543,3797.1814872327973,394553,20,-4338.0,8314.0,-15771.0,4550.0,-4292.0,8273.0,-15722.0,4523.0,True,1012.16,1625.68,628.25,1012.25,False,False,none
2025-belgian-grand-prix-r,2025,Belgian Grand Prix,91.0,2745,marshal_sector,12,,1840.7510986328125,-10029.08984375,-16.646005317271207,4146.2100580670885,394553,20,-4338.0,8314.0,-15771.0,4550.0,-4292.0,8273.0,-15722.0,4523.0,True,1012.16,1625.68,628.25,1012.25,False,False,none
2025-belgian-grand-prix-r,2025,Belgian Grand Prix,91.0,2746,marshal_sector,13,,264.39190673828125,-12964.734375,-86.93710622216946,4497.635600702498,394553,20,-4338.0,8314.0,-15771.0,4550.0,-4292.0,8273.0,-15722.0,4523.0,True,1012.16,1625.68,628.25,1012.25,False,False,none
2025-belgian-grand-prix-r,2025,Belgian Grand Prix,91.0,2747,marshal_sector,14,,-1638.0694580078125,-13512.31640625,-27.79021111554791,4733.24665406334,394553,20,-4338.0,8314.0,-15771.0,4550.0,-4292.0,8273.0,-15722.0,4523.0,True,1012.16,1625.68,628.25,1012.25,False,False,none
2025-belgian-grand-prix-r,2025,Belgian Grand Prix,91.0,2748,marshal_sector,15,,-3017.87060546875,-14825.0439453125,-112.64597267709236,4947.5733404273615,394553,20,-4338.0,8314.0,-15771.0,4550.0,-4292.0,8273.0,-15722.0,4523.0,True,1012.16,1625.68,628.25,1012.25,False,False,none
2025-belgian-grand-prix-r,2025,Belgian Grand Prix,91.0,2749,marshal_sector,16,,-3824.525390625,-11827.5712890625,146.4127693542297,5312.318652497404,394553,20,-4338.0,8314.0,-15771.0,4550.0,-4292.0,8273.0,-15722.0,4523.0,True,1012.16,1625.68,628.25,1012.25,False,False,none
2025-belgian-grand-prix-r,2025,Belgian Grand Prix,91.0,2750,marshal_sector,17,,-1551.1585693359375,-9766.3388671875,119.23287597478745,5629.34908684254,394553,20,-4338.0,8314.0,-15771.0,4550.0,-4292.0,8273.0,-15722.0,4523.0,True,1012.16,1625.68,628.25,1012.25,False,False,none
2025-belgian-grand-prix-r,2025,Belgian Grand Prix,91.0,2751,marshal_sector,18,,1053.6966552734375,-7046.7626953125,158.0631520795383,6013.990729905053,394553,20,-4338.0,8314.0,-15771.0,4550.0,-4292.0,8273.0,-15722.0,4523.0,True,1012.16,1625.68,628.25,1012.25,False,False,none
2025-belgian-grand-prix-r,2025,Belgian Grand Prix,91.0,2752,marshal_sector,19,,734.1884155273438,-4043.791748046875,-155.95050570615024,6326.012570729768,394553,20,-4338.0,8314.0,-15771.0,4550.0,-4292.0,8273.0,-15722.0,4523.0,True,1012.16,1625.68,628.25,1012.25,False,False,none
2025-belgian-grand-prix-r,2025,Belgian Grand Prix,91.0,2753,marshal_sector,20,,50.985557556152344,-1535.9097900390625,-170.82146503196506,6581.358409229933,394553,20,-4338.0,8314.0,-15771.0,4550.0,-4292.0,8273.0,-15722.0,4523.0,True,1012.16,1625.68,628.25,1012.25,False,False,none
2025-belgian-grand-prix-r,2025,Belgian Grand Prix,91.0,2754,marshal_sector,21,,239.04049682617188,294.88848876953125,-145.94371074108014,6814.829161341337,394553,20,-4338.0,8314.0,-15771.0,4550.0,-4292.0,8273.0,-15722.0,4523.0,True,1012.16,1625.68,628.25,1012.25,False,False,none
2025-hungarian-grand-prix-r,2025,Hungarian Grand Prix,40.0,2756,corner,1,A,-4288.64501953125,3778.159912109375,60.47100123888616,819.9055661550996,431568,20,-6085.0,4551.0,-1497.0,10557.0,-6067.0,4521.0,-1474.0,10538.0,True,850.88,964.32,529.4,600.6,False,False,none
2025-hungarian-grand-prix-r,2025,Hungarian Grand Prix,40.0,2755,corner,1,,-6033.7314453125,4029.2685546875,146.52177108363696,626.1285173428165,431568,20,-6085.0,4551.0,-1497.0,10557.0,-6067.0,4521.0,-1474.0,10538.0,True,850.88,964.32,529.4,600.6,False,False,none
2025-hungarian-grand-prix-r,2025,Hungarian Grand Prix,40.0,2757,corner,2,,-1739.7655029296875,2279.862060546875,-50.33326808579322,1130.4880663315105,431568,20,-6085.0,4551.0,-1497.0,10557.0,-6067.0,4521.0,-1474.0,10538.0,True,850.88,964.32,529.4,600.6,False,False,none
2025-hungarian-grand-prix-r,2025,Hungarian Grand Prix,40.0,2758,corner,3,,-2081.064208984375,3944.518310546875,5.32648440746904,1312.9786501837875,431568,20,-6085.0,4551.0,-1497.0,10557.0,-6067.0,4521.0,-1474.0,10538.0,True,850.88,964.32,529.4,600.6,False,False,none
2025-hungarian-grand-prix-r,2025,Hungarian Grand Prix,40.0,2759,corner,4,,137.27439880371094,8089.453125,158.73003851084664,1799.5194549809207,431568,20,-6085.0,4551.0,-1497.0,10557.0,-6067.0,4521.0,-1474.0,10538.0,True,850.88,964.32,529.4,600.6,False,False,none
2025-hungarian-grand-prix-r,2025,Hungarian Grand Prix,40.0,2760,corner,5,,-20.38125991821289,10382.619140625,-45.15991642801586,2028.6813879357283,431568,20,-6085.0,4551.0,-1497.0,10557.0,-6067.0,4521.0,-1474.0,10538.0,True,850.88,964.32,529.4,600.6,False,False,none
2025-hungarian-grand-prix-r,2025,Hungarian Grand Prix,40.0,2761,corner,6,,2399.324462890625,8671.92578125,-6.843936823489347,2365.2203487130587,431568,20,-6085.0,4551.0,-1497.0,10557.0,-6067.0,4521.0,-1474.0,10538.0,True,850.88,964.32,529.4,600.6,False,False,none
2025-hungarian-grand-prix-r,2025,Hungarian Grand Prix,40.0,2762,corner,7,,2251.829833984375,8271.9306640625,171.75480558986533,2411.6565328348884,431568,20,-6085.0,4551.0,-1497.0,10557.0,-6067.0,4521.0,-1474.0,10538.0,True,850.88,964.32,529.4,600.6,False,False,none
2025-hungarian-grand-prix-r,2025,Hungarian Grand Prix,40.0,2763,corner,8,,2747.3857421875,6726.5771484375,-132.68783680755217,2580.228713062425,431568,20,-6085.0,4551.0,-1497.0,10557.0,-6067.0,4521.0,-1474.0,10538.0,True,850.88,964.32,529.4,600.6,False,False,none
2025-hungarian-grand-prix-r,2025,Hungarian Grand Prix,40.0,2764,corner,9,,3969.8935546875,6201.38525390625,31.117516949595743,2718.3487297125876,431568,20,-6085.0,4551.0,-1497.0,10557.0,-6067.0,4521.0,-1474.0,10538.0,True,850.88,964.32,529.4,600.6,False,False,none
2025-hungarian-grand-prix-r,2025,Hungarian Grand Prix,40.0,2765,corner,10,,3859.828125,4303.83642578125,-166.6926884163716,2923.7954453680604,431568,20,-6085.0,4551.0,-1497.0,10557.0,-6067.0,4521.0,-1474.0,10538.0,True,850.88,964.32,529.4,600.6,False,False,none
2025-hungarian-grand-prix-r,2025,Hungarian Grand Prix,40.0,2766,corner,11,,4508.7236328125,2507.1708984375,-16.988076264862677,3118.8481486439114,431568,20,-6085.0,4551.0,-1497.0,10557.0,-6067.0,4521.0,-1474.0,10538.0,True,850.88,964.32,529.4,600.6,False,False,none
2025-hungarian-grand-prix-r,2025,Hungarian Grand Prix,40.0,2768,corner,12,A,917.1895751953125,547.991455078125,42.29777285333536,3641.0555989205955,431568,20,-6085.0,4551.0,-1497.0,10557.0,-6067.0,4521.0,-1474.0,10538.0,True,850.88,964.32,529.4,600.6,False,False,none
2025-hungarian-grand-prix-r,2025,Hungarian Grand Prix,40.0,2767,corner,12,,1823.3304443359375,-301.9350891113281,-88.47262054946576,3506.449115067907,431568,20,-6085.0,4551.0,-1497.0,10557.0,-6067.0,4521.0,-1474.0,10538.0,True,850.88,964.32,529.4,600.6,False,False,none
2025-hungarian-grand-prix-r,2025,Hungarian Grand Prix,40.0,2769,corner,13,,-202.31922912597656,920.361572265625,146.5172487406101,3775.042333886051,431568,20,-6085.0,4551.0,-1497.0,10557.0,-6067.0,4521.0,-1474.0,10538.0,True,850.88,964.32,529.4,600.6,False,False,none
2025-hungarian-grand-prix-r,2025,Hungarian Grand Prix,40.0,2770,corner,14,,828.6363525390625,-1344.8851318359375,-50.073920456133536,4066.5618815636153,431568,20,-6085.0,4551.0,-1497.0,10557.0,-6067.0,4521.0,-1474.0,10538.0,True,850.88,964.32,529.4,600.6,False,False,none
2025-hungarian-grand-prix-r,2025,Hungarian Grand Prix,40.0,2771,marshal_light,1,,-1644.3350830078125,17.059711456298828,-127.76323158643771,25.929874616661486,431568,20,-6085.0,4551.0,-1497.0,10557.0,-6067.0,4521.0,-1474.0,10538.0,True,850.88,964.32,529.4,600.6,False,False,none
2025-hungarian-grand-prix-r,2025,Hungarian Grand Prix,40.0,2772,marshal_light,2,,-3143.770263671875,1249.5166015625,-129.38783980008827,221.79583021261726,431568,20,-6085.0,4551.0,-1497.0,10557.0,-6067.0,4521.0,-1474.0,10538.0,True,850.88,964.32,529.4,600.6,False,False,none
2025-hungarian-grand-prix-r,2025,Hungarian Grand Prix,40.0,2773,marshal_light,3,,-5362.91845703125,3016.721435546875,-128.2474329205582,486.4869286467334,431568,20,-6085.0,4551.0,-1497.0,10557.0,-6067.0,4521.0,-1474.0,10538.0,True,850.88,964.32,529.4,600.6,False,False,none
2025-hungarian-grand-prix-r,2025,Hungarian Grand Prix,40.0,2774,marshal_light,4,,-4941.796875,4052.13916015625,73.52176586749576,752.1160904088603,431568,20,-6085.0,4551.0,-1497.0,10557.0,-6067.0,4521.0,-1474.0,10538.0,True,850.88,964.32,529.4,600.6,False,False,none
2025-hungarian-grand-prix-r,2025,Hungarian Grand Prix,40.0,2775,marshal_light,5,,-2548.880126953125,2379.343017578125,-125.65823361177667,1040.8164687879575,431568,20,-6085.0,4551.0,-1497.0,10557.0,-6067.0,4521.0,-1474.0,10538.0,True,850.88,964.32,529.4,600.6,False,False,none
2025-hungarian-grand-prix-r,2025,Hungarian Grand Prix,40.0,2776,marshal_light,6,,-1697.649169921875,3008.93359375,27.99076719743556,1203.304324532779,431568,20,-6085.0,4551.0,-1497.0,10557.0,-6067.0,4521.0,-1474.0,10538.0,True,850.88,964.32,529.4,600.6,False,False,none
2025-hungarian-grand-prix-r,2025,Hungarian Grand Prix,40.0,2777,marshal_light,7,,-1231.3115234375,5818.77978515625,150.37970907191172,1521.1950345849773,431568,20,-6085.0,4551.0,-1497.0,10557.0,-6067.0,4521.0,-1474.0,10538.0,True,850.88,964.32,529.4,600.6,False,False,none
2025-hungarian-grand-prix-r,2025,Hungarian Grand Prix,40.0,2778,marshal_light,8,,-134.9054718017578,7621.27001953125,-37.64596803137985,1741.942578287624,431568,20,-6085.0,4551.0,-1497.0,10557.0,-6067.0,4521.0,-1474.0,10538.0,True,850.88,964.32,529.4,600.6,False,False,none
2025-hungarian-grand-prix-r,2025,Hungarian Grand Prix,40.0,2779,marshal_light,9,,-191.6080322265625,9752.47265625,-173.5996269791544,1965.130177666456,431568,20,-6085.0,4551.0,-1497.0,10557.0,-6067.0,4521.0,-1474.0,10538.0,True,850.88,964.32,529.4,600.6,False,False,none
2025-hungarian-grand-prix-r,2025,Hungarian Grand Prix,40.0,2780,marshal_light,10,,1816.972412109375,9543.724609375,40.78233398246873,2268.599375284848,431568,20,-6085.0,4551.0,-1497.0,10557.0,-6067.0,4521.0,-1474.0,10538.0,True,850.88,964.32,529.4,600.6,False,False,none
2025-hungarian-grand-prix-r,2025,Hungarian Grand Prix,40.0,2781,marshal_light,11,,2449.0771484375,7281.20361328125,-166.12546517420554,2517.073702385508,431568,20,-6085.0,4551.0,-1497.0,10557.0,-6067.0,4521.0,-1474.0,10538.0,True,850.88,964.32,529.4,600.6,False,False,none
2025-hungarian-grand-prix-r,2025,Hungarian Grand Prix,40.0,2782,marshal_light,12,,3425.93603515625,6563.8447265625,-97.37983414947944,2652.771862079908,431568,20,-6085.0,4551.0,-1497.0,10557.0,-6067.0,4521.0,-1474.0,10538.0,True,850.88,964.32,529.4,600.6,False,False,none
2025-hungarian-grand-prix-r,2025,Hungarian Grand Prix,40.0,2783,marshal_light,13,,3829.235107421875,4538.18408203125,1.8247756915151423,2907.820345029772,431568,20,-6085.0,4551.0,-1497.0,10557.0,-6067.0,4521.0,-1474.0,10538.0,True,850.88,964.32,529.4,600.6,False,False,none
2025-hungarian-grand-prix-r,2025,Hungarian Grand Prix,40.0,2784,marshal_light,14,,4467.61328125,3185.1220703125,-157.91232747016693,3038.716080977201,431568,20,-6085.0,4551.0,-1497.0,10557.0,-6067.0,4521.0,-1474.0,10538.0,True,850.88,964.32,529.4,600.6,False,False,none
2025-hungarian-grand-prix-r,2025,Hungarian Grand Prix,40.0,2785,marshal_light,15,,3297.332763671875,1112.037841796875,-43.98010104929553,3303.7799576660777,431568,20,-6085.0,4551.0,-1497.0,10557.0,-6067.0,4521.0,-1474.0,10538.0,True,850.88,964.32,529.4,600.6,False,False,none
2025-hungarian-grand-prix-r,2025,Hungarian Grand Prix,40.0,2786,marshal_light,16,,612.1830444335938,864.2645874023438,46.74001798124963,3672.6523871425306,431568,20,-6085.0,4551.0,-1497.0,10557.0,-6067.0,4521.0,-1474.0,10538.0,True,850.88,964.32,529.4,600.6,False,False,none
2025-hungarian-grand-prix-r,2025,Hungarian Grand Prix,40.0,2787,marshal_light,17,,-54.678653717041016,324.62994384765625,-134.28484346890426,3838.430849556235,431568,20,-6085.0,4551.0,-1497.0,10557.0,-6067.0,4521.0,-1474.0,10538.0,True,850.88,964.32,529.4,600.6,False,False,none
2025-hungarian-grand-prix-r,2025,Hungarian Grand Prix,40.0,2788,marshal_light,18,,831.7113647460938,-372.4567565917969,41.71751247763341,3927.8876620789533,431568,20,-6085.0,4551.0,-1497.0,10557.0,-6067.0,4521.0,-1474.0,10538.0,True,850.88,964.32,529.4,600.6,False,False,none
2025-hungarian-grand-prix-r,2025,Hungarian Grand Prix,40.0,2789,marshal_light,19,,66.62517547607422,-1412.72119140625,-115.0254935453198,4150.361679370352,431568,20,-6085.0,4551.0,-1497.0,10557.0,-6067.0,4521.0,-1474.0,10538.0,True,850.88,964.32,529.4,600.6,False,False,none
2025-hungarian-grand-prix-r,2025,Hungarian Grand Prix,40.0,2790,marshal_sector,1,,-1470.8529052734375,-123.31241607666016,-130.01775184873375,4348.684072780434,431568,20,-6085.0,4551.0,-1497.0,10557.0,-6067.0,4521.0,-1474.0,10538.0,True,850.88,964.32,529.4,600.6,False,False,none
2025-hungarian-grand-prix-r,2025,Hungarian Grand Prix,40.0,2791,marshal_sector,2,,-3078.541015625,1195.7437744140625,-129.6216538141558,201.35314705973747,431568,20,-6085.0,4551.0,-1497.0,10557.0,-6067.0,4521.0,-1474.0,10538.0,True,850.88,964.32,529.4,600.6,False,False,none
2025-hungarian-grand-prix-r,2025,Hungarian Grand Prix,40.0,2792,marshal_sector,3,,-5341.7314453125,2999.9013671875,-128.4119035427835,486.4869286467334,431568,20,-6085.0,4551.0,-1497.0,10557.0,-6067.0,4521.0,-1474.0,10538.0,True,850.88,964.32,529.4,600.6,False,False,none
2025-hungarian-grand-prix-r,2025,Hungarian Grand Prix,40.0,2793,marshal_sector,4,,-4984.2421875,4063.56396484375,75.26068922881495,732.8071892530311,431568,20,-6085.0,4551.0,-1497.0,10557.0,-6067.0,4521.0,-1474.0,10538.0,True,850.88,964.32,529.4,600.6,False,False,none
2025-hungarian-grand-prix-r,2025,Hungarian Grand Prix,40.0,2794,marshal_sector,5,,-2376.976806640625,2271.8681640625,-118.7803455740407,1053.8938576627886,431568,20,-6085.0,4551.0,-1497.0,10557.0,-6067.0,4521.0,-1474.0,10538.0,True,850.88,964.32,529.4,600.6,False,False,none
2025-hungarian-grand-prix-r,2025,Hungarian Grand Prix,40.0,2795,marshal_sector,6,,-1713.2177734375,3038.950439453125,27.059205460995578,1203.304324532779,431568,20,-6085.0,4551.0,-1497.0,10557.0,-6067.0,4521.0,-1474.0,10538.0,True,850.88,964.32,529.4,600.6,False,False,none
2025-hungarian-grand-prix-r,2025,Hungarian Grand Prix,40.0,2796,marshal_sector,7,,-1208.1021728515625,5860.04052734375,150.51722958953354,1536.2336575994614,431568,20,-6085.0,4551.0,-1497.0,10557.0,-6067.0,4521.0,-1474.0,10538.0,True,850.88,964.32,529.4,600.6,False,False,none
2025-hungarian-grand-prix-r,2025,Hungarian Grand Prix,40.0,2797,marshal_sector,8,,-163.74595642089844,7583.73046875,-37.27429918310324,1738.82902552694,431568,20,-6085.0,4551.0,-1497.0,10557.0,-6067.0,4521.0,-1474.0,10538.0,True,850.88,964.32,529.4,600.6,False,False,none
2025-hungarian-grand-prix-r,2025,Hungarian Grand Prix,40.0,2798,marshal_sector,9,,-195.2459259033203,9789.4853515625,-175.18061877429363,1977.4539875745288,431568,20,-6085.0,4551.0,-1497.0,10557.0,-6067.0,4521.0,-1474.0,10538.0,True,850.88,964.32,529.4,600.6,False,False,none
2025-hungarian-grand-prix-r,2025,Hungarian Grand Prix,40.0,2799,marshal_sector,10,,1805.898681640625,9556.501953125,41.077973178009145,2268.599375284848,431568,20,-6085.0,4551.0,-1497.0,10557.0,-6067.0,4521.0,-1474.0,10538.0,True,850.88,964.32,529.4,600.6,False,False,none
2025-hungarian-grand-prix-r,2025,Hungarian Grand Prix,40.0,2800,marshal_sector,11,,2451.495361328125,7271.3515625,-166.0576221755867,2517.073702385508,431568,20,-6085.0,4551.0,-1497.0,10557.0,-6067.0,4521.0,-1474.0,10538.0,True,850.88,964.32,529.4,600.6,False,False,none
2025-hungarian-grand-prix-r,2025,Hungarian Grand Prix,40.0,2801,marshal_sector,12,,3600.050048828125,6523.6064453125,-110.73083721309422,2675.7098680621575,431568,20,-6085.0,4551.0,-1497.0,10557.0,-6067.0,4521.0,-1474.0,10538.0,True,850.88,964.32,529.4,600.6,False,False,none
2025-hungarian-grand-prix-r,2025,Hungarian Grand Prix,40.0,2802,marshal_sector,13,,3827.836669921875,4578.736328125,1.7937377754567652,2907.820345029772,431568,20,-6085.0,4551.0,-1497.0,10557.0,-6067.0,4521.0,-1474.0,10538.0,True,850.88,964.32,529.4,600.6,False,False,none
2025-hungarian-grand-prix-r,2025,Hungarian Grand Prix,40.0,2803,marshal_sector,14,,4475.1904296875,3166.301025390625,-158.98260738828284,3038.716080977201,431568,20,-6085.0,4551.0,-1497.0,10557.0,-6067.0,4521.0,-1474.0,10538.0,True,850.88,964.32,529.4,600.6,False,False,none
2025-hungarian-grand-prix-r,2025,Hungarian Grand Prix,40.0,2804,marshal_sector,15,,3287.952392578125,1102.296630859375,-44.254098957964,3303.7799576660777,431568,20,-6085.0,4551.0,-1497.0,10557.0,-6067.0,4521.0,-1474.0,10538.0,True,850.88,964.32,529.4,600.6,False,False,none
2025-hungarian-grand-prix-r,2025,Hungarian Grand Prix,40.0,2805,marshal_sector,16,,636.8731079101562,841.1572265625,46.83976922966547,3672.6523871425306,431568,20,-6085.0,4551.0,-1497.0,10557.0,-6067.0,4521.0,-1474.0,10538.0,True,850.88,964.32,529.4,600.6,False,False,none
2025-hungarian-grand-prix-r,2025,Hungarian Grand Prix,40.0,2806,marshal_sector,17,,-69.15619659423828,338.8442687988281,-134.4186105656385,3838.430849556235,431568,20,-6085.0,4551.0,-1497.0,10557.0,-6067.0,4521.0,-1474.0,10538.0,True,850.88,964.32,529.4,600.6,False,False,none
2025-hungarian-grand-prix-r,2025,Hungarian Grand Prix,40.0,2807,marshal_sector,18,,842.978759765625,-385.06097412109375,40.58105404640966,3981.6498409695787,431568,20,-6085.0,4551.0,-1497.0,10557.0,-6067.0,4521.0,-1474.0,10538.0,True,850.88,964.32,529.4,600.6,False,False,none
2025-hungarian-grand-prix-r,2025,Hungarian Grand Prix,40.0,2808,marshal_sector,19,,-7.819099426269531,-1372.9947509765625,-120.89980783030022,4164.655459452675,431568,20,-6085.0,4551.0,-1497.0,10557.0,-6067.0,4521.0,-1474.0,10538.0,True,850.88,964.32,529.4,600.6,False,False,none
2025-dutch-grand-prix-r,2025,Dutch Grand Prix,0.0,2854,corner,1,,2045.2357177734375,6685.8916015625,66.66521149736246,349.0668709510601,426422,20,-1015.0,8704.0,-1606.0,6702.0,-975.0,8676.0,-1596.0,6680.0,True,777.52,664.64,482.55,413.8,False,False,none
2025-dutch-grand-prix-r,2025,Dutch Grand Prix,0.0,2855,corner,2,,1769.6058349609375,3831.817626953125,-18.440573067287406,649.8220504195141,426422,20,-1015.0,8704.0,-1606.0,6702.0,-975.0,8676.0,-1596.0,6680.0,True,777.52,664.64,482.55,413.8,False,False,none
2025-dutch-grand-prix-r,2025,Dutch Grand Prix,0.0,2856,corner,3,,733.6047973632812,2809.591552734375,29.283872373939637,810.374779237783,426422,20,-1015.0,8704.0,-1606.0,6702.0,-975.0,8676.0,-1596.0,6680.0,True,777.52,664.64,482.55,413.8,False,False,none
2025-dutch-grand-prix-r,2025,Dutch Grand Prix,0.0,2857,corner,4,,2716.9189453125,3031.772216796875,-86.77139363570106,1030.906994189956,426422,20,-1015.0,8704.0,-1606.0,6702.0,-975.0,8676.0,-1596.0,6680.0,True,777.52,664.64,482.55,413.8,False,False,none
2025-dutch-grand-prix-r,2025,Dutch Grand Prix,0.0,2858,corner,5,,4555.51513671875,2861.585693359375,95.34956286211948,1242.6807551506859,426422,20,-1015.0,8704.0,-1606.0,6702.0,-975.0,8676.0,-1596.0,6680.0,True,777.52,664.64,482.55,413.8,False,False,none
2025-dutch-grand-prix-r,2025,Dutch Grand Prix,0.0,2859,corner,6,,6001.01171875,3518.558349609375,-70.12544359743099,1384.60674400163,426422,20,-1015.0,8704.0,-1606.0,6702.0,-975.0,8676.0,-1596.0,6680.0,True,777.52,664.64,482.55,413.8,False,False,none
2025-dutch-grand-prix-r,2025,Dutch Grand Prix,0.0,2860,corner,7,,8671.6748046875,2879.995361328125,-165.84312436013732,1697.227315766962,426422,20,-1015.0,8704.0,-1606.0,6702.0,-975.0,8676.0,-1596.0,6680.0,True,777.52,664.64,482.55,413.8,False,False,none
2025-dutch-grand-prix-r,2025,Dutch Grand Prix,0.0,2861,corner,8,,7340.24365234375,117.99333190917969,108.73626160403413,2010.272000191496,426422,20,-1015.0,8704.0,-1606.0,6702.0,-975.0,8676.0,-1596.0,6680.0,True,777.52,664.64,482.55,413.8,False,False,none
2025-dutch-grand-prix-r,2025,Dutch Grand Prix,0.0,2862,corner,9,,5498.07763671875,848.86279296875,-1.4836214508567382,2232.333678566407,426422,20,-1015.0,8704.0,-1606.0,6702.0,-975.0,8676.0,-1596.0,6680.0,True,777.52,664.64,482.55,413.8,False,False,none
2025-dutch-grand-prix-r,2025,Dutch Grand Prix,0.0,2863,corner,10,,7457.498046875,2120.50927734375,-167.37565645128126,2497.464864445624,426422,20,-1015.0,8704.0,-1606.0,6702.0,-975.0,8676.0,-1596.0,6680.0,True,777.52,664.64,482.55,413.8,False,False,none
2025-dutch-grand-prix-r,2025,Dutch Grand Prix,0.0,2864,corner,11,,2016.62158203125,1550.578857421875,79.03280221304747,3076.3052352087366,426422,20,-1015.0,8704.0,-1606.0,6702.0,-975.0,8676.0,-1596.0,6680.0,True,777.52,664.64,482.55,413.8,False,False,none
2025-dutch-grand-prix-r,2025,Dutch Grand Prix,0.0,2865,corner,12,,1264.3878173828125,1672.33203125,-38.19603534570552,3155.6054821155176,426422,20,-1015.0,8704.0,-1606.0,6702.0,-975.0,8676.0,-1596.0,6680.0,True,777.52,664.64,482.55,413.8,False,False,none
2025-dutch-grand-prix-r,2025,Dutch Grand Prix,0.0,2866,corner,13,,1540.923828125,-1313.8089599609375,150.03500571783175,3468.5930346089717,426422,20,-1015.0,8704.0,-1606.0,6702.0,-975.0,8676.0,-1596.0,6680.0,True,777.52,664.64,482.55,413.8,False,False,none
2025-dutch-grand-prix-r,2025,Dutch Grand Prix,0.0,2867,corner,14,,-881.4706420898438,-828.2156372070312,30.844208408407265,3747.5780912680207,426422,20,-1015.0,8704.0,-1606.0,6702.0,-975.0,8676.0,-1596.0,6680.0,True,777.52,664.64,482.55,413.8,False,False,none
2025-dutch-grand-prix-r,2025,Dutch Grand Prix,0.0,2868,marshal_light,1,,387.6895751953125,3475.796630859375,-22.205749489959302,4213.06097562393,426422,20,-1015.0,8704.0,-1606.0,6702.0,-975.0,8676.0,-1596.0,6680.0,True,777.52,664.64,482.55,413.8,False,False,none
2025-dutch-grand-prix-r,2025,Dutch Grand Prix,0.0,2869,marshal_light,2,,1282.7158203125,5763.07373046875,165.140296052544,219.3931829963526,426422,20,-1015.0,8704.0,-1606.0,6702.0,-975.0,8676.0,-1596.0,6680.0,True,777.52,664.64,482.55,413.8,False,False,none
2025-dutch-grand-prix-r,2025,Dutch Grand Prix,0.0,2870,marshal_light,3,,2018.72900390625,5380.60400390625,-24.541052295950962,494.5171713030219,426422,20,-1015.0,8704.0,-1606.0,6702.0,-975.0,8676.0,-1596.0,6680.0,True,777.52,664.64,482.55,413.8,False,False,none
2025-dutch-grand-prix-r,2025,Dutch Grand Prix,0.0,2871,marshal_light,4,,1781.7249755859375,4298.9853515625,5.3393235148930245,613.4302586027292,426422,20,-1015.0,8704.0,-1606.0,6702.0,-975.0,8676.0,-1596.0,6680.0,True,777.52,664.64,482.55,413.8,False,False,none
2025-dutch-grand-prix-r,2025,Dutch Grand Prix,0.0,2872,marshal_light,5,,1048.65478515625,3375.68798828125,111.09493872132991,731.2185158634521,426422,20,-1015.0,8704.0,-1606.0,6702.0,-975.0,8676.0,-1596.0,6680.0,True,777.52,664.64,482.55,413.8,False,False,none
2025-dutch-grand-prix-r,2025,Dutch Grand Prix,0.0,2873,marshal_light,6,,1456.2939453125,2685.544189453125,-72.37906854589049,905.0265590878021,426422,20,-1015.0,8704.0,-1606.0,6702.0,-975.0,8676.0,-1596.0,6680.0,True,777.52,664.64,482.55,413.8,False,False,none
2025-dutch-grand-prix-r,2025,Dutch Grand Prix,0.0,2874,marshal_light,7,,4032.943115234375,2878.97607421875,81.5831187137193,1176.8926207272973,426422,20,-1015.0,8704.0,-1606.0,6702.0,-975.0,8676.0,-1596.0,6680.0,True,777.52,664.64,482.55,413.8,False,False,none
2025-dutch-grand-prix-r,2025,Dutch Grand Prix,0.0,2875,marshal_light,8,,6219.853515625,3580.231689453125,98.73973802355675,1414.547479331046,426422,20,-1015.0,8704.0,-1606.0,6702.0,-975.0,8676.0,-1596.0,6680.0,True,777.52,664.64,482.55,413.8,False,False,none
2025-dutch-grand-prix-r,2025,Dutch Grand Prix,0.0,2876,marshal_light,9,,7342.37548828125,3625.067138671875,88.01127757567511,1512.7581519308835,426422,20,-1015.0,8704.0,-1606.0,6702.0,-975.0,8676.0,-1596.0,6680.0,True,777.52,664.64,482.55,413.8,False,False,none
2025-dutch-grand-prix-r,2025,Dutch Grand Prix,0.0,2877,marshal_light,10,,8708.9921875,2622.843505859375,-3.138134651077611,1711.2604931123822,426422,20,-1015.0,8704.0,-1606.0,6702.0,-975.0,8676.0,-1596.0,6680.0,True,777.52,664.64,482.55,413.8,False,False,none
2025-dutch-grand-prix-r,2025,Dutch Grand Prix,0.0,2878,marshal_light,11,,7924.974609375,987.4739990234375,-25.236982801079247,1887.731784117723,426422,20,-1015.0,8704.0,-1606.0,6702.0,-975.0,8676.0,-1596.0,6680.0,True,777.52,664.64,482.55,413.8,False,False,none
2025-dutch-grand-prix-r,2025,Dutch Grand Prix,0.0,2879,marshal_light,12,,6420.86083984375,123.51839447021484,-102.52414310062372,2107.144164332639,426422,20,-1015.0,8704.0,-1606.0,6702.0,-975.0,8676.0,-1596.0,6680.0,True,777.52,664.64,482.55,413.8,False,False,none
2025-dutch-grand-prix-r,2025,Dutch Grand Prix,0.0,2880,marshal_light,13,,6546.3154296875,1448.7225341796875,-82.46517051426666,2363.679077082581,426422,20,-1015.0,8704.0,-1606.0,6702.0,-975.0,8676.0,-1596.0,6680.0,True,777.52,664.64,482.55,413.8,False,False,none
2025-dutch-grand-prix-r,2025,Dutch Grand Prix,0.0,2881,marshal_light,14,,6720.544921875,2575.482666015625,84.27901160304422,2584.771434168966,426422,20,-1015.0,8704.0,-1606.0,6702.0,-975.0,8676.0,-1596.0,6680.0,True,777.52,664.64,482.55,413.8,False,False,none
2025-dutch-grand-prix-r,2025,Dutch Grand Prix,0.0,2882,marshal_light,15,,2895.618896484375,1883.3282470703125,-68.18737472057346,2977.287735898328,426422,20,-1015.0,8704.0,-1606.0,6702.0,-975.0,8676.0,-1596.0,6680.0,True,777.52,664.64,482.55,413.8,False,False,none
2025-dutch-grand-prix-r,2025,Dutch Grand Prix,0.0,2883,marshal_light,16,,1274.115478515625,980.7213134765625,-169.38907019461567,3229.828796765532,426422,20,-1015.0,8704.0,-1606.0,6702.0,-975.0,8676.0,-1596.0,6680.0,True,777.52,664.64,482.55,413.8,False,False,none
2025-dutch-grand-prix-r,2025,Dutch Grand Prix,0.0,2884,marshal_light,17,,1563.8651123046875,-676.6759033203125,10.239211891708754,3404.272530268768,426422,20,-1015.0,8704.0,-1606.0,6702.0,-975.0,8676.0,-1596.0,6680.0,True,777.52,664.64,482.55,413.8,False,False,none
2025-dutch-grand-prix-r,2025,Dutch Grand Prix,0.0,2885,marshal_light,18,,11.596701622009277,-1501.8487548828125,-109.79328898794967,3638.1081692223593,426422,20,-1015.0,8704.0,-1606.0,6702.0,-975.0,8676.0,-1596.0,6680.0,True,777.52,664.64,482.55,413.8,False,False,none
2025-dutch-grand-prix-r,2025,Dutch Grand Prix,0.0,2886,marshal_light,19,,-964.9852905273438,2.5093231201171875,161.99152985622533,3839.4369346200046,426422,20,-1015.0,8704.0,-1606.0,6702.0,-975.0,8676.0,-1596.0,6680.0,True,777.52,664.64,482.55,413.8,False,False,none
2025-dutch-grand-prix-r,2025,Dutch Grand Prix,0.0,2887,marshal_sector,1,,391.3127136230469,3485.005615234375,-21.757615458804047,4213.06097562393,426422,20,-1015.0,8704.0,-1606.0,6702.0,-975.0,8676.0,-1596.0,6680.0,True,777.52,664.64,482.55,413.8,False,False,none
2025-dutch-grand-prix-r,2025,Dutch Grand Prix,0.0,2888,marshal_sector,2,,1259.4959716796875,5680.505859375,163.25450396906632,193.29502456327563,426422,20,-1015.0,8704.0,-1606.0,6702.0,-975.0,8676.0,-1596.0,6680.0,True,777.52,664.64,482.55,413.8,False,False,none
2025-dutch-grand-prix-r,2025,Dutch Grand Prix,0.0,2889,marshal_sector,3,,1987.0953369140625,5311.62841796875,-24.857420439237345,511.41041797300835,426422,20,-1015.0,8704.0,-1606.0,6702.0,-975.0,8676.0,-1596.0,6680.0,True,777.52,664.64,482.55,413.8,False,False,none
2025-dutch-grand-prix-r,2025,Dutch Grand Prix,0.0,2890,marshal_sector,4,,1785.069580078125,4259.578125,6.40573286944721,613.4302586027292,426422,20,-1015.0,8704.0,-1606.0,6702.0,-975.0,8676.0,-1596.0,6680.0,True,777.52,664.64,482.55,413.8,False,False,none
2025-dutch-grand-prix-r,2025,Dutch Grand Prix,0.0,2891,marshal_sector,5,,1088.8770751953125,3390.578857421875,109.44613313880144,731.2185158634521,426422,20,-1015.0,8704.0,-1606.0,6702.0,-975.0,8676.0,-1596.0,6680.0,True,777.52,664.64,482.55,413.8,False,False,none
2025-dutch-grand-prix-r,2025,Dutch Grand Prix,0.0,2892,marshal_sector,6,,1469.009765625,2689.003173828125,-75.0351556750516,905.0265590878021,426422,20,-1015.0,8704.0,-1606.0,6702.0,-975.0,8676.0,-1596.0,6680.0,True,777.52,664.64,482.55,413.8,False,False,none
2025-dutch-grand-prix-r,2025,Dutch Grand Prix,0.0,2893,marshal_sector,7,,3977.524169921875,2887.60693359375,81.00776228937674,1167.8155995511318,426422,20,-1015.0,8704.0,-1606.0,6702.0,-975.0,8676.0,-1596.0,6680.0,True,777.52,664.64,482.55,413.8,False,False,none
2025-dutch-grand-prix-r,2025,Dutch Grand Prix,0.0,2894,marshal_sector,8,,6245.96923828125,3584.038818359375,98.62563127339769,1414.547479331046,426422,20,-1015.0,8704.0,-1606.0,6702.0,-975.0,8676.0,-1596.0,6680.0,True,777.52,664.64,482.55,413.8,False,False,none
2025-dutch-grand-prix-r,2025,Dutch Grand Prix,0.0,2895,marshal_sector,9,,7319.28369140625,3625.49462890625,89.03335105230302,1512.7581519308835,426422,20,-1015.0,8704.0,-1606.0,6702.0,-975.0,8676.0,-1596.0,6680.0,True,777.52,664.64,482.55,413.8,False,False,none
2025-dutch-grand-prix-r,2025,Dutch Grand Prix,0.0,2896,marshal_sector,10,,8708.798828125,2629.440185546875,1.5847566406430338,1711.2604931123822,426422,20,-1015.0,8704.0,-1606.0,6702.0,-975.0,8676.0,-1596.0,6680.0,True,777.52,664.64,482.55,413.8,False,False,none
2025-dutch-grand-prix-r,2025,Dutch Grand Prix,0.0,2897,marshal_sector,11,,7917.90673828125,972.5667114257812,-25.69160912999394,1887.731784117723,426422,20,-1015.0,8704.0,-1606.0,6702.0,-975.0,8676.0,-1596.0,6680.0,True,777.52,664.64,482.55,413.8,False,False,none
2025-dutch-grand-prix-r,2025,Dutch Grand Prix,0.0,2898,marshal_sector,12,,6453.08544921875,116.44463348388672,-102.36137697943332,2107.144164332639,426422,20,-1015.0,8704.0,-1606.0,6702.0,-975.0,8676.0,-1596.0,6680.0,True,777.52,664.64,482.55,413.8,False,False,none
2025-dutch-grand-prix-r,2025,Dutch Grand Prix,0.0,2899,marshal_sector,13,,6487.4638671875,1440.780517578125,-81.99813520217874,2363.679077082581,426422,20,-1015.0,8704.0,-1606.0,6702.0,-975.0,8676.0,-1596.0,6680.0,True,777.52,664.64,482.55,413.8,False,False,none
2025-dutch-grand-prix-r,2025,Dutch Grand Prix,0.0,2900,marshal_sector,14,,6004.7138671875,2641.83154296875,88.15494423934801,2664.67359594502,426422,20,-1015.0,8704.0,-1606.0,6702.0,-975.0,8676.0,-1596.0,6680.0,True,777.52,664.64,482.55,413.8,False,False,none
2025-dutch-grand-prix-r,2025,Dutch Grand Prix,0.0,2901,marshal_sector,15,,2880.280517578125,1877.2569580078125,-68.11377445784106,2977.287735898328,426422,20,-1015.0,8704.0,-1606.0,6702.0,-975.0,8676.0,-1596.0,6680.0,True,777.52,664.64,482.55,413.8,False,False,none
2025-dutch-grand-prix-r,2025,Dutch Grand Prix,0.0,2902,marshal_sector,16,,1207.334716796875,1313.7486572265625,-171.38889460080412,3195.2609412269962,426422,20,-1015.0,8704.0,-1606.0,6702.0,-975.0,8676.0,-1596.0,6680.0,True,777.52,664.64,482.55,413.8,False,False,none
2025-dutch-grand-prix-r,2025,Dutch Grand Prix,0.0,2903,marshal_sector,17,,1549.765625,-598.7576904296875,10.270760438314735,3381.4235846109123,426422,20,-1015.0,8704.0,-1606.0,6702.0,-975.0,8676.0,-1596.0,6680.0,True,777.52,664.64,482.55,413.8,False,False,none
2025-dutch-grand-prix-r,2025,Dutch Grand Prix,0.0,2904,marshal_sector,18,,-16.45458221435547,-1492.1180419921875,-108.59912681399294,3638.1081692223593,426422,20,-1015.0,8704.0,-1606.0,6702.0,-975.0,8676.0,-1596.0,6680.0,True,777.52,664.64,482.55,413.8,False,False,none
2025-dutch-grand-prix-r,2025,Dutch Grand Prix,0.0,2905,marshal_sector,19,,-942.844482421875,71.63192749023438,162.14698869844378,3839.4369346200046,426422,20,-1015.0,8704.0,-1606.0,6702.0,-975.0,8676.0,-1596.0,6680.0,True,777.52,664.64,482.55,413.8,False,False,none
2025-italian-grand-prix-r,2025,Italian Grand Prix,95.0,2809,corner,1,,-569.5805053710938,8153.724609375,153.78733177568182,878.7539261977361,312764,19,-1500.0,11068.0,-5802.0,15883.0,-1496.0,11053.0,-5772.0,15854.0,True,1005.44,1734.8,627.45,1081.3,False,False,none
2025-italian-grand-prix-r,2025,Italian Grand Prix,95.0,2810,corner,2,,-146.75457763671875,8474.9814453125,-13.83584308210785,940.3318761785476,312764,19,-1500.0,11068.0,-5802.0,15883.0,-1496.0,11053.0,-5772.0,15854.0,True,1005.44,1734.8,627.45,1081.3,False,False,none
2025-italian-grand-prix-r,2025,Italian Grand Prix,95.0,2811,corner,3,,611.6001586914062,13310.6201171875,133.0285175221899,1463.0169997546234,312764,19,-1500.0,11068.0,-5802.0,15883.0,-1496.0,11053.0,-5772.0,15854.0,True,1005.44,1734.8,627.45,1081.3,False,False,none
2025-italian-grand-prix-r,2025,Italian Grand Prix,95.0,2812,corner,4,,6808.6552734375,14630.75390625,-54.042256120811224,2095.2204120088236,312764,19,-1500.0,11068.0,-5802.0,15883.0,-1496.0,11053.0,-5772.0,15854.0,True,1005.44,1734.8,627.45,1081.3,False,False,none
2025-italian-grand-prix-r,2025,Italian Grand Prix,95.0,2813,corner,5,,7130.8720703125,15023.123046875,121.75285797812727,2151.6920870432714,312764,19,-1500.0,11068.0,-5802.0,15883.0,-1496.0,11053.0,-5772.0,15854.0,True,1005.44,1734.8,627.45,1081.3,False,False,none
2025-italian-grand-prix-r,2025,Italian Grand Prix,95.0,2814,corner,6,,10554.8564453125,15713.8046875,54.6416550196045,2506.211098554305,312764,19,-1500.0,11068.0,-5802.0,15883.0,-1496.0,11053.0,-5772.0,15854.0,True,1005.44,1734.8,627.45,1081.3,False,False,none
2025-italian-grand-prix-r,2025,Italian Grand Prix,95.0,2815,corner,7,,10972.642578125,12648.357421875,-29.053283096610013,2831.7307253384606,312764,19,-1500.0,11068.0,-5802.0,15883.0,-1496.0,11053.0,-5772.0,15854.0,True,1005.44,1734.8,627.45,1081.3,False,False,none
2025-italian-grand-prix-r,2025,Italian Grand Prix,95.0,2816,corner,8,,2562.920166015625,6171.0234375,163.07286056163184,3889.4277783666994,312764,19,-1500.0,11068.0,-5802.0,15883.0,-1496.0,11053.0,-5772.0,15854.0,True,1005.44,1734.8,627.45,1081.3,False,False,none
2025-italian-grand-prix-r,2025,Italian Grand Prix,95.0,2817,corner,9,,2478.04150390625,5270.56201171875,-21.066696185852937,3987.164809500927,312764,19,-1500.0,11068.0,-5802.0,15883.0,-1496.0,11053.0,-5772.0,15854.0,True,1005.44,1734.8,627.45,1081.3,False,False,none
2025-italian-grand-prix-r,2025,Italian Grand Prix,95.0,2818,corner,10,,1890.1082763671875,4451.185546875,152.54444074214535,4095.646383577824,312764,19,-1500.0,11068.0,-5802.0,15883.0,-1496.0,11053.0,-5772.0,15854.0,True,1005.44,1734.8,627.45,1081.3,False,False,none
2025-italian-grand-prix-r,2025,Italian Grand Prix,95.0,2819,corner,11,,-55.33073425292969,-5800.1669921875,-95.85285360901966,5185.0615399456165,312764,19,-1500.0,11068.0,-5802.0,15883.0,-1496.0,11053.0,-5772.0,15854.0,True,1005.44,1734.8,627.45,1081.3,False,False,none
2025-italian-grand-prix-r,2025,Italian Grand Prix,95.0,2820,marshal_light,1,,-1393.0,-874.0,-166.00688809948863,5728.802024563509,312764,19,-1500.0,11068.0,-5802.0,15883.0,-1496.0,11053.0,-5772.0,15854.0,True,1005.44,1734.8,627.45,1081.3,False,False,none
2025-italian-grand-prix-r,2025,Italian Grand Prix,95.0,2821,marshal_light,2,,-993.6149291992188,3715.629638671875,174.94455329639436,452.17345052342415,312764,19,-1500.0,11068.0,-5802.0,15883.0,-1496.0,11053.0,-5772.0,15854.0,True,1005.44,1734.8,627.45,1081.3,False,False,none
2025-italian-grand-prix-r,2025,Italian Grand Prix,95.0,2822,marshal_light,3,,-728.7491455078125,6807.2587890625,174.96541012451937,749.0589233356653,312764,19,-1500.0,11068.0,-5802.0,15883.0,-1496.0,11053.0,-5772.0,15854.0,True,1005.44,1734.8,627.45,1081.3,False,False,none
2025-italian-grand-prix-r,2025,Italian Grand Prix,95.0,2823,marshal_light,4,,-334.0108337402344,9423.1279296875,11.929974815682696,1042.4017192906415,312764,19,-1500.0,11068.0,-5802.0,15883.0,-1496.0,11053.0,-5772.0,15854.0,True,1005.44,1734.8,627.45,1081.3,False,False,none
2025-italian-grand-prix-r,2025,Italian Grand Prix,95.0,2824,marshal_light,5,,-196.71041870117188,12049.8173828125,160.1880178779477,1301.536226205942,312764,19,-1500.0,11068.0,-5802.0,15883.0,-1496.0,11053.0,-5772.0,15854.0,True,1005.44,1734.8,627.45,1081.3,False,False,none
2025-italian-grand-prix-r,2025,Italian Grand Prix,95.0,2825,marshal_light,6,,1287.578125,13794.2998046875,118.70680760011695,1532.6747233865156,312764,19,-1500.0,11068.0,-5802.0,15883.0,-1496.0,11053.0,-5772.0,15854.0,True,1005.44,1734.8,627.45,1081.3,False,False,none
2025-italian-grand-prix-r,2025,Italian Grand Prix,95.0,2826,marshal_light,7,,5084.85302734375,14453.71484375,-86.99101242151787,1935.5134212165099,312764,19,-1500.0,11068.0,-5802.0,15883.0,-1496.0,11053.0,-5772.0,15854.0,True,1005.44,1734.8,627.45,1081.3,False,False,none
2025-italian-grand-prix-r,2025,Italian Grand Prix,95.0,2827,marshal_light,8,,8839.2802734375,15531.771484375,112.08342677162943,2320.9841551992836,312764,19,-1500.0,11068.0,-5802.0,15883.0,-1496.0,11053.0,-5772.0,15854.0,True,1005.44,1734.8,627.45,1081.3,False,False,none
2025-italian-grand-prix-r,2025,Italian Grand Prix,95.0,2828,marshal_light,9,,11046.1875,13423.9814453125,5.194877650391451,2734.328419329481,312764,19,-1500.0,11068.0,-5802.0,15883.0,-1496.0,11053.0,-5772.0,15854.0,True,1005.44,1734.8,627.45,1081.3,False,False,none
2025-italian-grand-prix-r,2025,Italian Grand Prix,95.0,2829,marshal_light,10,,9149.5830078125,11553.4755859375,119.60422552358996,3037.2293253100943,312764,19,-1500.0,11068.0,-5802.0,15883.0,-1496.0,11053.0,-5772.0,15854.0,True,1005.44,1734.8,627.45,1081.3,False,False,none
2025-italian-grand-prix-r,2025,Italian Grand Prix,95.0,2830,marshal_light,11,,6550.8876953125,9795.4091796875,130.81376363619174,3363.385244221893,312764,19,-1500.0,11068.0,-5802.0,15883.0,-1496.0,11053.0,-5772.0,15854.0,True,1005.44,1734.8,627.45,1081.3,False,False,none
2025-italian-grand-prix-r,2025,Italian Grand Prix,95.0,2831,marshal_light,12,,5687.48974609375,9045.0087890625,-49.516843786671856,3467.305599843824,312764,19,-1500.0,11068.0,-5802.0,15883.0,-1496.0,11053.0,-5772.0,15854.0,True,1005.44,1734.8,627.45,1081.3,False,False,none
2025-italian-grand-prix-r,2025,Italian Grand Prix,95.0,2832,marshal_light,13,,3709.322998046875,7325.37548828125,130.80900619268485,3734.040918747154,312764,19,-1500.0,11068.0,-5802.0,15883.0,-1496.0,11053.0,-5772.0,15854.0,True,1005.44,1734.8,627.45,1081.3,False,False,none
2025-italian-grand-prix-r,2025,Italian Grand Prix,95.0,2833,marshal_light,14,,1542.59765625,1735.5506591796875,174.52976246861948,4363.209415388416,312764,19,-1500.0,11068.0,-5802.0,15883.0,-1496.0,11053.0,-5772.0,15854.0,True,1005.44,1734.8,627.45,1081.3,False,False,none
2025-italian-grand-prix-r,2025,Italian Grand Prix,95.0,2834,marshal_light,15,,1035.3646240234375,-3766.80859375,-5.801710393896538,4916.582453256964,312764,19,-1500.0,11068.0,-5802.0,15883.0,-1496.0,11053.0,-5772.0,15854.0,True,1005.44,1734.8,627.45,1081.3,False,False,none
2025-italian-grand-prix-r,2025,Italian Grand Prix,95.0,2835,marshal_light,16,,-592.1219482421875,-5604.251953125,-122.50422399284443,5214.565124210206,312764,19,-1500.0,11068.0,-5802.0,15883.0,-1496.0,11053.0,-5772.0,15854.0,True,1005.44,1734.8,627.45,1081.3,False,False,none
2025-italian-grand-prix-r,2025,Italian Grand Prix,95.0,2836,marshal_light,17,,-1445.5782470703125,-4079.277587890625,-168.76202063178462,5388.939627460771,312764,19,-1500.0,11068.0,-5802.0,15883.0,-1496.0,11053.0,-5772.0,15854.0,True,1005.44,1734.8,627.45,1081.3,False,False,none
2025-italian-grand-prix-r,2025,Italian Grand Prix,95.0,2837,marshal_sector,1,,-1414.551025390625,-1183.938720703125,176.2678819489212,5704.259347348837,312764,19,-1500.0,11068.0,-5802.0,15883.0,-1496.0,11053.0,-5772.0,15854.0,True,1005.44,1734.8,627.45,1081.3,False,False,none
2025-italian-grand-prix-r,2025,Italian Grand Prix,95.0,2838,marshal_sector,2,,-1004.7970581054688,3590.034912109375,175.38932691572086,452.17345052342415,312764,19,-1500.0,11068.0,-5802.0,15883.0,-1496.0,11053.0,-5772.0,15854.0,True,1005.44,1734.8,627.45,1081.3,False,False,none
2025-italian-grand-prix-r,2025,Italian Grand Prix,95.0,2839,marshal_sector,3,,-746.1488037109375,6605.345703125,175.34253963439218,749.0589233356653,312764,19,-1500.0,11068.0,-5802.0,15883.0,-1496.0,11053.0,-5772.0,15854.0,True,1005.44,1734.8,627.45,1081.3,False,False,none
2025-italian-grand-prix-r,2025,Italian Grand Prix,95.0,2840,marshal_sector,4,,-361.3633728027344,9550.8349609375,11.639332899459784,1054.3294459907538,312764,19,-1500.0,11068.0,-5802.0,15883.0,-1496.0,11053.0,-5772.0,15854.0,True,1005.44,1734.8,627.45,1081.3,False,False,none
2025-italian-grand-prix-r,2025,Italian Grand Prix,95.0,2841,marshal_sector,5,,-236.68624877929688,11925.509765625,163.23107373089525,1287.3912956127433,312764,19,-1500.0,11068.0,-5802.0,15883.0,-1496.0,11053.0,-5772.0,15854.0,True,1005.44,1734.8,627.45,1081.3,False,False,none
2025-italian-grand-prix-r,2025,Italian Grand Prix,95.0,2842,marshal_sector,6,,1260.103515625,13778.841796875,119.93237834028473,1532.6747233865156,312764,19,-1500.0,11068.0,-5802.0,15883.0,-1496.0,11053.0,-5772.0,15854.0,True,1005.44,1734.8,627.45,1081.3,False,False,none
2025-italian-grand-prix-r,2025,Italian Grand Prix,95.0,2843,marshal_sector,7,,5188.2900390625,14459.2119140625,-87.92224012579592,1935.5134212165099,312764,19,-1500.0,11068.0,-5802.0,15883.0,-1496.0,11053.0,-5772.0,15854.0,True,1005.44,1734.8,627.45,1081.3,False,False,none
2025-italian-grand-prix-r,2025,Italian Grand Prix,95.0,2844,marshal_sector,8,,8780.6982421875,15508.4521484375,111.6274990597858,2309.2180877518695,312764,19,-1500.0,11068.0,-5802.0,15883.0,-1496.0,11053.0,-5772.0,15854.0,True,1005.44,1734.8,627.45,1081.3,False,False,none
2025-italian-grand-prix-r,2025,Italian Grand Prix,95.0,2845,marshal_sector,9,,11051.1044921875,13374.6904296875,4.955850299017581,2759.3159739586376,312764,19,-1500.0,11068.0,-5802.0,15883.0,-1496.0,11053.0,-5772.0,15854.0,True,1005.44,1734.8,627.45,1081.3,False,False,none
2025-italian-grand-prix-r,2025,Italian Grand Prix,95.0,2846,marshal_sector,10,,9169.1357421875,11564.6484375,119.80539605859003,3037.2293253100943,312764,19,-1500.0,11068.0,-5802.0,15883.0,-1496.0,11053.0,-5772.0,15854.0,True,1005.44,1734.8,627.45,1081.3,False,False,none
2025-italian-grand-prix-r,2025,Italian Grand Prix,95.0,2847,marshal_sector,11,,6642.05078125,9875.8759765625,131.22353433038978,3328.7357113768135,312764,19,-1500.0,11068.0,-5802.0,15883.0,-1496.0,11053.0,-5772.0,15854.0,True,1005.44,1734.8,627.45,1081.3,False,False,none
2025-italian-grand-prix-r,2025,Italian Grand Prix,95.0,2848,marshal_sector,12,,5279.1201171875,8691.0234375,-48.813985495323166,3523.838359265962,312764,19,-1500.0,11068.0,-5802.0,15883.0,-1496.0,11053.0,-5772.0,15854.0,True,1005.44,1734.8,627.45,1081.3,False,False,none
2025-italian-grand-prix-r,2025,Italian Grand Prix,95.0,2849,marshal_sector,13,,3556.128173828125,7192.6923828125,131.04297642329755,3750.151861822414,312764,19,-1500.0,11068.0,-5802.0,15883.0,-1496.0,11053.0,-5772.0,15854.0,True,1005.44,1734.8,627.45,1081.3,False,False,none
2025-italian-grand-prix-r,2025,Italian Grand Prix,95.0,2850,marshal_sector,14,,1536.1629638671875,1659.2939453125,174.4146344547498,4378.324897690853,312764,19,-1500.0,11068.0,-5802.0,15883.0,-1496.0,11053.0,-5772.0,15854.0,True,1005.44,1734.8,627.45,1081.3,False,False,none
2025-italian-grand-prix-r,2025,Italian Grand Prix,95.0,2851,marshal_sector,15,,1021.2236328125,-3919.27880859375,-6.178387087603308,4916.582453256964,312764,19,-1500.0,11068.0,-5802.0,15883.0,-1496.0,11053.0,-5772.0,15854.0,True,1005.44,1734.8,627.45,1081.3,False,False,none
2025-italian-grand-prix-r,2025,Italian Grand Prix,95.0,2852,marshal_sector,16,,-517.399169921875,-5645.943359375,-119.39920533684388,5214.565124210206,312764,19,-1500.0,11068.0,-5802.0,15883.0,-1496.0,11053.0,-5772.0,15854.0,True,1005.44,1734.8,627.45,1081.3,False,False,none
2025-italian-grand-prix-r,2025,Italian Grand Prix,95.0,2853,marshal_sector,17,,-1405.35888671875,-4282.466796875,-166.8513727602682,5379.731448253977,312764,19,-1500.0,11068.0,-5802.0,15883.0,-1496.0,11053.0,-5772.0,15854.0,True,1005.44,1734.8,627.45,1081.3,False,False,none
2025-azerbaijan-grand-prix-r,2025,Azerbaijan Grand Prix,357.0,2906,corner,1,,3689.0374001567743,631.3189725875945,-24.903645119677286,295.95731511874794,403191,20,-16909.0,3725.0,-11138.0,3696.0,-16881.0,3688.0,-11102.0,3658.0,True,1650.72,1186.72,1028.45,738.0,False,False,none
2025-azerbaijan-grand-prix-r,2025,Azerbaijan Grand Prix,357.0,2907,corner,2,,2384.0669137610676,3686.0714516243042,77.31677056705472,639.809516657077,403191,20,-16909.0,3725.0,-11138.0,3696.0,-16881.0,3688.0,-11102.0,3658.0,True,1650.72,1186.72,1028.45,738.0,False,False,none
2025-azerbaijan-grand-prix-r,2025,Azerbaijan Grand Prix,357.0,2908,corner,3,,-5565.825567829175,374.2425523226766,145.17933231096453,1493.4495585357856,403191,20,-16909.0,3725.0,-11138.0,3696.0,-16881.0,3688.0,-11102.0,3658.0,True,1650.72,1186.72,1028.45,738.0,False,False,none
2025-azerbaijan-grand-prix-r,2025,Azerbaijan Grand Prix,357.0,2909,corner,4,,-4862.6651767420935,-1723.1620080668729,-26.596082318859345,1716.7094165907051,403191,20,-16909.0,3725.0,-11138.0,3696.0,-16881.0,3688.0,-11102.0,3658.0,True,1650.72,1186.72,1028.45,738.0,False,False,none
2025-azerbaijan-grand-prix-r,2025,Azerbaijan Grand Prix,357.0,2910,corner,5,,-7728.697050002749,-3377.074091094411,-199.97457302181692,2057.6663784840453,403191,20,-16909.0,3725.0,-11138.0,3696.0,-16881.0,3688.0,-11102.0,3658.0,True,1650.72,1186.72,1028.45,738.0,False,False,none
2025-azerbaijan-grand-prix-r,2025,Azerbaijan Grand Prix,357.0,2911,corner,6,,-7617.318818496836,-3926.026038238873,-202.2750973368365,2118.281739824,403191,20,-16909.0,3725.0,-11138.0,3696.0,-16881.0,3688.0,-11102.0,3658.0,True,1650.72,1186.72,1028.45,738.0,False,False,none
2025-azerbaijan-grand-prix-r,2025,Azerbaijan Grand Prix,357.0,2912,corner,7,,-10710.063798831094,-6235.337256785684,68.56357028741353,2496.6559688424404,403191,20,-16909.0,3725.0,-11138.0,3696.0,-16881.0,3688.0,-11102.0,3658.0,True,1650.72,1186.72,1028.45,738.0,False,False,none
2025-azerbaijan-grand-prix-r,2025,Azerbaijan Grand Prix,357.0,2913,corner,8,,-11409.887894367614,-4438.977047761271,25.432318001574835,2693.847730061918,403191,20,-16909.0,3725.0,-11138.0,3696.0,-16881.0,3688.0,-11102.0,3658.0,True,1650.72,1186.72,1028.45,738.0,False,False,none
2025-azerbaijan-grand-prix-r,2025,Azerbaijan Grand Prix,357.0,2914,corner,9,,-11606.2553499057,-4286.033173998214,66.83944441448027,2722.4176735830247,403191,20,-16909.0,3725.0,-11138.0,3696.0,-16881.0,3688.0,-11102.0,3658.0,True,1650.72,1186.72,1028.45,738.0,False,False,none
2025-azerbaijan-grand-prix-r,2025,Azerbaijan Grand Prix,357.0,2915,corner,10,,-11886.309274295963,-4199.07140004945,81.38530281497013,2748.1383823973347,403191,20,-16909.0,3725.0,-11138.0,3696.0,-16881.0,3688.0,-11102.0,3658.0,True,1650.72,1186.72,1028.45,738.0,False,False,none
2025-azerbaijan-grand-prix-r,2025,Azerbaijan Grand Prix,357.0,2916,corner,11,,-12352.278964478111,-4129.880226960703,-114.90392566439111,2797.8221968732173,403191,20,-16909.0,3725.0,-11138.0,3696.0,-16881.0,3688.0,-11102.0,3658.0,True,1650.72,1186.72,1028.45,738.0,False,False,none
2025-azerbaijan-grand-prix-r,2025,Azerbaijan Grand Prix,357.0,2917,corner,12,,-12573.09027225614,-3645.1900160358095,50.828198968469465,2856.37000683761,403191,20,-16909.0,3725.0,-11138.0,3696.0,-16881.0,3688.0,-11102.0,3658.0,True,1650.72,1186.72,1028.45,738.0,False,False,none
2025-azerbaijan-grand-prix-r,2025,Azerbaijan Grand Prix,357.0,2918,corner,13,,-16186.999703336216,-5197.330621083427,138.08555118825365,3257.3577264161563,403191,20,-16909.0,3725.0,-11138.0,3696.0,-16881.0,3688.0,-11102.0,3658.0,True,1650.72,1186.72,1028.45,738.0,False,False,none
2025-azerbaijan-grand-prix-r,2025,Azerbaijan Grand Prix,357.0,2919,corner,14,,-16888.82437537549,-7335.751780162162,-183.8775543415825,3472.0891252085516,403191,20,-16909.0,3725.0,-11138.0,3696.0,-16881.0,3688.0,-11102.0,3658.0,True,1650.72,1186.72,1028.45,738.0,False,False,none
2025-azerbaijan-grand-prix-r,2025,Azerbaijan Grand Prix,357.0,2920,corner,15,,-16846.43031172375,-9555.895632026248,-154.64793221960304,3696.687464167737,403191,20,-16909.0,3725.0,-11138.0,3696.0,-16881.0,3688.0,-11102.0,3658.0,True,1650.72,1186.72,1028.45,738.0,False,False,none
2025-azerbaijan-grand-prix-r,2025,Azerbaijan Grand Prix,357.0,2921,corner,16,,-13660.610623947281,-11108.575388918323,-59.75879758332747,4049.164479924761,403191,20,-16909.0,3725.0,-11138.0,3696.0,-16881.0,3688.0,-11102.0,3658.0,True,1650.72,1186.72,1028.45,738.0,False,False,none
2025-azerbaijan-grand-prix-r,2025,Azerbaijan Grand Prix,357.0,2922,corner,17,,-12714.251049135808,-9481.44133662404,-36.31538752111932,4246.092656907392,403191,20,-16909.0,3725.0,-11138.0,3696.0,-16881.0,3688.0,-11102.0,3658.0,True,1650.72,1186.72,1028.45,738.0,False,False,none
2025-azerbaijan-grand-prix-r,2025,Azerbaijan Grand Prix,357.0,2923,corner,18,,-11029.53380137574,-7796.23853385484,-37.21067888992388,4487.8670211328845,403191,20,-16909.0,3725.0,-11138.0,3696.0,-16881.0,3688.0,-11102.0,3658.0,True,1650.72,1186.72,1028.45,738.0,False,False,none
2025-azerbaijan-grand-prix-r,2025,Azerbaijan Grand Prix,357.0,2924,corner,19,,-10524.590291121332,-6346.5942106800085,-31.487940217715586,4642.125495271199,403191,20,-16909.0,3725.0,-11138.0,3696.0,-16881.0,3688.0,-11102.0,3658.0,True,1650.72,1186.72,1028.45,738.0,False,False,none
2025-azerbaijan-grand-prix-r,2025,Azerbaijan Grand Prix,357.0,2925,corner,20,,-8077.3100390339205,-4403.674074673621,-53.634965928817174,4950.23982808545,403191,20,-16909.0,3725.0,-11138.0,3696.0,-16881.0,3688.0,-11102.0,3658.0,True,1650.72,1186.72,1028.45,738.0,False,False,none
2025-azerbaijan-grand-prix-r,2025,Azerbaijan Grand Prix,357.0,2926,marshal_light,1,,1029.999974614282,-606.9999507740081,-73.13953187807041,14.829712361965905,403191,20,-16909.0,3725.0,-11138.0,3696.0,-16881.0,3688.0,-11102.0,3658.0,True,1650.72,1186.72,1028.45,738.0,False,False,none
2025-azerbaijan-grand-prix-r,2025,Azerbaijan Grand Prix,357.0,2927,marshal_light,2,,2730.9793980622508,106.6390987696459,-66.11496023541231,182.08459359957206,403191,20,-16909.0,3725.0,-11138.0,3696.0,-16881.0,3688.0,-11102.0,3658.0,True,1650.72,1186.72,1028.45,738.0,False,False,none
2025-azerbaijan-grand-prix-r,2025,Azerbaijan Grand Prix,357.0,2928,marshal_light,3,,2850.0381702945488,2883.6075903922756,24.316603627287655,544.3169375508996,403191,20,-16909.0,3725.0,-11138.0,3696.0,-16881.0,3688.0,-11102.0,3658.0,True,1650.72,1186.72,1028.45,738.0,False,False,none
2025-azerbaijan-grand-prix-r,2025,Azerbaijan Grand Prix,357.0,2929,marshal_light,4,,81.04559770946435,2874.1220607359282,110.43498876764136,874.3111121473028,403191,20,-16909.0,3725.0,-11138.0,3696.0,-16881.0,3688.0,-11102.0,3658.0,True,1650.72,1186.72,1028.45,738.0,False,False,none
2025-azerbaijan-grand-prix-r,2025,Azerbaijan Grand Prix,357.0,2930,marshal_light,5,,-4173.433732790165,1073.3629450613498,114.16430961642959,1349.840615227806,403191,20,-16909.0,3725.0,-11138.0,3696.0,-16881.0,3688.0,-11102.0,3658.0,True,1650.72,1186.72,1028.45,738.0,False,False,none
2025-azerbaijan-grand-prix-r,2025,Azerbaijan Grand Prix,357.0,2931,marshal_light,6,,-5139.521994675931,-870.1419130597205,24.663336163942184,1634.183415882598,403191,20,-16909.0,3725.0,-11138.0,3696.0,-16881.0,3688.0,-11102.0,3658.0,True,1650.72,1186.72,1028.45,738.0,False,False,none
2025-azerbaijan-grand-prix-r,2025,Azerbaijan Grand Prix,357.0,2932,marshal_light,7,,-6584.424049661554,-2569.1709712508573,120.5923071347656,1919.9747440441758,403191,20,-16909.0,3725.0,-11138.0,3696.0,-16881.0,3688.0,-11102.0,3658.0,True,1650.72,1186.72,1028.45,738.0,False,False,none
2025-azerbaijan-grand-prix-r,2025,Azerbaijan Grand Prix,357.0,2933,marshal_light,8,,-7675.783902170338,-3669.5393390472004,-154.0741884914087,2092.0107306222476,403191,20,-16909.0,3725.0,-11138.0,3696.0,-16881.0,3688.0,-11102.0,3658.0,True,1650.72,1186.72,1028.45,738.0,False,False,none
2025-azerbaijan-grand-prix-r,2025,Azerbaijan Grand Prix,357.0,2934,marshal_light,9,,-9643.53131230543,-5479.8099771627785,127.78017160051189,2369.676606002558,403191,20,-16909.0,3725.0,-11138.0,3696.0,-16881.0,3688.0,-11102.0,3658.0,True,1650.72,1186.72,1028.45,738.0,False,False,none
2025-azerbaijan-grand-prix-r,2025,Azerbaijan Grand Prix,357.0,2935,marshal_light,10,,-11204.260065573151,-5110.065499960844,17.047273407064374,2621.46447941027,403191,20,-16909.0,3725.0,-11138.0,3696.0,-16881.0,3688.0,-11102.0,3658.0,True,1650.72,1186.72,1028.45,738.0,False,False,none
2025-azerbaijan-grand-prix-r,2025,Azerbaijan Grand Prix,357.0,2936,marshal_light,11,,-11750.763726257564,-4231.84838725637,71.33664365590565,2733.7561718149223,403191,20,-16909.0,3725.0,-11138.0,3696.0,-16881.0,3688.0,-11102.0,3658.0,True,1650.72,1186.72,1028.45,738.0,False,False,none
2025-azerbaijan-grand-prix-r,2025,Azerbaijan Grand Prix,357.0,2937,marshal_light,12,,-13182.313830766872,-3639.398971612027,105.27344209945468,2923.697995281937,403191,20,-16909.0,3725.0,-11138.0,3696.0,-16881.0,3688.0,-11102.0,3658.0,True,1650.72,1186.72,1028.45,738.0,False,False,none
2025-azerbaijan-grand-prix-r,2025,Azerbaijan Grand Prix,357.0,2938,marshal_light,13,,-15337.941462531899,-4659.551982771574,120.31820398734567,3163.1948301380476,403191,20,-16909.0,3725.0,-11138.0,3696.0,-16881.0,3688.0,-11102.0,3658.0,True,1650.72,1186.72,1028.45,738.0,False,False,none
2025-azerbaijan-grand-prix-r,2025,Azerbaijan Grand Prix,357.0,2939,marshal_light,14,,-16633.66727306698,-6289.814472027784,-197.15952985399423,3377.978623862595,403191,20,-16909.0,3725.0,-11138.0,3696.0,-16881.0,3688.0,-11102.0,3658.0,True,1650.72,1186.72,1028.45,738.0,False,False,none
2025-azerbaijan-grand-prix-r,2025,Azerbaijan Grand Prix,357.0,2940,marshal_light,15,,-16855.772916389225,-8386.695409177853,-177.2526787157389,3574.4167757994196,403191,20,-16909.0,3725.0,-11138.0,3696.0,-16881.0,3688.0,-11102.0,3658.0,True,1650.72,1186.72,1028.45,738.0,False,False,none
2025-azerbaijan-grand-prix-r,2025,Azerbaijan Grand Prix,357.0,2941,marshal_light,16,,-16561.15542592651,-9741.353808777376,-117.37100938389631,3730.2812971636677,403191,20,-16909.0,3725.0,-11138.0,3696.0,-16881.0,3688.0,-11102.0,3658.0,True,1650.72,1186.72,1028.45,738.0,False,False,none
2025-azerbaijan-grand-prix-r,2025,Azerbaijan Grand Prix,357.0,2942,marshal_light,17,,-13612.56372543123,-11079.614861223077,-51.02767944122879,4057.0743753925935,403191,20,-16909.0,3725.0,-11138.0,3696.0,-16881.0,3688.0,-11102.0,3658.0,True,1650.72,1186.72,1028.45,738.0,False,False,none
2025-azerbaijan-grand-prix-r,2025,Azerbaijan Grand Prix,357.0,2943,marshal_light,18,,-13126.742933044905,-10215.097749570685,-205.17969355993458,4155.168618713916,403191,20,-16909.0,3725.0,-11138.0,3696.0,-16881.0,3688.0,-11102.0,3658.0,True,1650.72,1186.72,1028.45,738.0,False,False,none
2025-azerbaijan-grand-prix-r,2025,Azerbaijan Grand Prix,357.0,2944,marshal_light,19,,-11029.53380137574,-7796.23853385484,-32.05302542231951,4487.8670211328845,403191,20,-16909.0,3725.0,-11138.0,3696.0,-16881.0,3688.0,-11102.0,3658.0,True,1650.72,1186.72,1028.45,738.0,False,False,none
2025-azerbaijan-grand-prix-r,2025,Azerbaijan Grand Prix,357.0,2945,marshal_light,20,,-8795.742711830237,-4951.689211964504,-52.8888078675767,4858.90592417623,403191,20,-16909.0,3725.0,-11138.0,3696.0,-16881.0,3688.0,-11102.0,3658.0,True,1650.72,1186.72,1028.45,738.0,False,False,none
2025-azerbaijan-grand-prix-r,2025,Azerbaijan Grand Prix,357.0,2946,marshal_light,21,,-4265.7616197761545,-2746.243732654896,112.65613733961561,5368.878810267161,403191,20,-16909.0,3725.0,-11138.0,3696.0,-16881.0,3688.0,-11102.0,3658.0,True,1650.72,1186.72,1028.45,738.0,False,False,none
2025-azerbaijan-grand-prix-r,2025,Azerbaijan Grand Prix,357.0,2947,marshal_sector,1,,856.1648902759389,-678.2292150142589,-67.43400021224758,5906.78956691454,403191,20,-16909.0,3725.0,-11138.0,3696.0,-16881.0,3688.0,-11102.0,3658.0,True,1650.72,1186.72,1028.45,738.0,False,False,none
2025-azerbaijan-grand-prix-r,2025,Azerbaijan Grand Prix,357.0,2948,marshal_sector,2,,2743.829418137415,112.31083963508581,-66.08415827141506,182.08459359957206,403191,20,-16909.0,3725.0,-11138.0,3696.0,-16881.0,3688.0,-11102.0,3658.0,True,1650.72,1186.72,1028.45,738.0,False,False,none
2025-azerbaijan-grand-prix-r,2025,Azerbaijan Grand Prix,357.0,2949,marshal_sector,3,,2879.4977996011257,2819.85880442954,25.01534481839809,531.2637238362532,403191,20,-16909.0,3725.0,-11138.0,3696.0,-16881.0,3688.0,-11102.0,3658.0,True,1650.72,1186.72,1028.45,738.0,False,False,none
2025-azerbaijan-grand-prix-r,2025,Azerbaijan Grand Prix,357.0,2950,marshal_sector,4,,155.55825346119855,2902.104156260337,111.01210425779604,874.3111121473028,403191,20,-16909.0,3725.0,-11138.0,3696.0,-16881.0,3688.0,-11102.0,3658.0,True,1650.72,1186.72,1028.45,738.0,False,False,none
2025-azerbaijan-grand-prix-r,2025,Azerbaijan Grand Prix,357.0,2951,marshal_sector,5,,-4117.549158568575,1097.4790399051471,113.31569512884138,1349.840615227806,403191,20,-16909.0,3725.0,-11138.0,3696.0,-16881.0,3688.0,-11102.0,3658.0,True,1650.72,1186.72,1028.45,738.0,False,False,none
2025-azerbaijan-grand-prix-r,2025,Azerbaijan Grand Prix,357.0,2952,marshal_sector,6,,-5218.895940092225,-680.0990181112093,21.593427476752986,1600.122343456513,403191,20,-16909.0,3725.0,-11138.0,3696.0,-16881.0,3688.0,-11102.0,3658.0,True,1650.72,1186.72,1028.45,738.0,False,False,none
2025-azerbaijan-grand-prix-r,2025,Azerbaijan Grand Prix,357.0,2953,marshal_sector,7,,-6644.786133411903,-2605.0680374089334,120.82457922076088,1919.9747440441758,403191,20,-16909.0,3725.0,-11138.0,3696.0,-16881.0,3688.0,-11102.0,3658.0,True,1650.72,1186.72,1028.45,738.0,False,False,none
2025-azerbaijan-grand-prix-r,2025,Azerbaijan Grand Prix,357.0,2954,marshal_sector,8,,-7608.000118374561,-3867.05087803612,-182.44973991961945,2111.4472245779066,403191,20,-16909.0,3725.0,-11138.0,3696.0,-16881.0,3688.0,-11102.0,3658.0,True,1650.72,1186.72,1028.45,738.0,False,False,none
2025-azerbaijan-grand-prix-r,2025,Azerbaijan Grand Prix,357.0,2955,marshal_sector,9,,-9721.422036438122,-5539.81209936702,127.46345114406995,4750.16269000967,403191,20,-16909.0,3725.0,-11138.0,3696.0,-16881.0,3688.0,-11102.0,3658.0,True,1650.72,1186.72,1028.45,738.0,False,False,none
2025-azerbaijan-grand-prix-r,2025,Azerbaijan Grand Prix,357.0,2956,marshal_sector,10,,-11240.44530061163,-4988.958198118231,15.678870049339032,2645.6385709080027,403191,20,-16909.0,3725.0,-11138.0,3696.0,-16881.0,3688.0,-11102.0,3658.0,True,1650.72,1186.72,1028.45,738.0,False,False,none
2025-azerbaijan-grand-prix-r,2025,Azerbaijan Grand Prix,357.0,2957,marshal_sector,11,,-12053.918275941553,-4182.016934937748,85.52558862811689,2766.8314479231612,403191,20,-16909.0,3725.0,-11138.0,3696.0,-16881.0,3688.0,-11102.0,3658.0,True,1650.72,1186.72,1028.45,738.0,False,False,none
2025-azerbaijan-grand-prix-r,2025,Azerbaijan Grand Prix,357.0,2958,marshal_sector,12,,-13031.263978124465,-3607.438040357863,99.35433460090701,2903.2479801189183,403191,20,-16909.0,3725.0,-11138.0,3696.0,-16881.0,3688.0,-11102.0,3658.0,True,1650.72,1186.72,1028.45,738.0,False,False,none
2025-azerbaijan-grand-prix-r,2025,Azerbaijan Grand Prix,357.0,2959,marshal_sector,13,,-15289.45646450985,-4631.1647983831845,120.46287988737922,3163.1948301380476,403191,20,-16909.0,3725.0,-11138.0,3696.0,-16881.0,3688.0,-11102.0,3658.0,True,1650.72,1186.72,1028.45,738.0,False,False,none
2025-azerbaijan-grand-prix-r,2025,Azerbaijan Grand Prix,357.0,2960,marshal_sector,14,,-16666.351360164826,-6392.408332294753,-198.7727404295535,3377.978623862595,403191,20,-16909.0,3725.0,-11138.0,3696.0,-16881.0,3688.0,-11102.0,3658.0,True,1650.72,1186.72,1028.45,738.0,False,False,none
2025-azerbaijan-grand-prix-r,2025,Azerbaijan Grand Prix,357.0,2961,marshal_sector,15,,-16840.128519859372,-8568.28391075081,-176.0733511640904,3599.777108724981,403191,20,-16909.0,3725.0,-11138.0,3696.0,-16881.0,3688.0,-11102.0,3658.0,True,1650.72,1186.72,1028.45,738.0,False,False,none
2025-azerbaijan-grand-prix-r,2025,Azerbaijan Grand Prix,357.0,2962,marshal_sector,16,,-16473.848151625694,-9786.359155017815,-118.50363088826403,3741.15232107939,403191,20,-16909.0,3725.0,-11138.0,3696.0,-16881.0,3688.0,-11102.0,3658.0,True,1650.72,1186.72,1028.45,738.0,False,False,none
2025-azerbaijan-grand-prix-r,2025,Azerbaijan Grand Prix,357.0,2963,marshal_sector,17,,-13727.10337683195,-11131.018180842198,-79.54512133607616,4049.164479924761,403191,20,-16909.0,3725.0,-11138.0,3696.0,-16881.0,3688.0,-11102.0,3658.0,True,1650.72,1186.72,1028.45,738.0,False,False,none
2025-azerbaijan-grand-prix-r,2025,Azerbaijan Grand Prix,357.0,2964,marshal_sector,18,,-13179.174598459702,-10324.937406857938,-205.30449209226012,4138.973567338529,403191,20,-16909.0,3725.0,-11138.0,3696.0,-16881.0,3688.0,-11102.0,3658.0,True,1650.72,1186.72,1028.45,738.0,False,False,none
2025-azerbaijan-grand-prix-r,2025,Azerbaijan Grand Prix,357.0,2965,marshal_sector,19,,-10992.81476997053,-7736.37097560214,-31.542924133256037,4487.8670211328845,403191,20,-16909.0,3725.0,-11138.0,3696.0,-16881.0,3688.0,-11102.0,3658.0,True,1650.72,1186.72,1028.45,738.0,False,False,none
2025-azerbaijan-grand-prix-r,2025,Azerbaijan Grand Prix,357.0,2966,marshal_sector,20,,-9037.549547750972,-5136.4745379225105,-52.57336634209206,2302.2251695448967,403191,20,-16909.0,3725.0,-11138.0,3696.0,-16881.0,3688.0,-11102.0,3658.0,True,1650.72,1186.72,1028.45,738.0,False,False,none
2025-azerbaijan-grand-prix-r,2025,Azerbaijan Grand Prix,357.0,2967,marshal_sector,21,,-4257.111980332751,-2742.658827144013,111.99222218598581,5368.878810267161,403191,20,-16909.0,3725.0,-11138.0,3696.0,-16881.0,3688.0,-11102.0,3658.0,True,1650.72,1186.72,1028.45,738.0,False,False,none
2025-singapore-grand-prix-r,2025,Singapore Grand Prix,335.0,2968,corner,1,,431.13265185736964,3476.576339145755,40.09899112559812,407.04562905727414,463509,20,-13225.0,1170.0,-4907.0,4090.0,-13195.92,1147.0,-4876.0,4061.0,True,1151.6000000000001,719.76,717.1460000000001,446.85,False,False,none
2025-singapore-grand-prix-r,2025,Singapore Grand Prix,335.0,2969,corner,2,,-195.2140342729199,3722.2068354357343,-116.33812114496007,466.19588841464434,463509,20,-13225.0,1170.0,-4907.0,4090.0,-13195.92,1147.0,-4876.0,4061.0,True,1151.6000000000001,719.76,717.1460000000001,446.85,False,False,none
2025-singapore-grand-prix-r,2025,Singapore Grand Prix,335.0,2970,corner,3,,-779.7542602987305,4085.8999696922547,108.31812608238168,540.9731259586985,463509,20,-13225.0,1170.0,-4907.0,4090.0,-13195.92,1147.0,-4876.0,4061.0,True,1151.6000000000001,719.76,717.1460000000001,446.85,False,False,none
2025-singapore-grand-prix-r,2025,Singapore Grand Prix,335.0,2971,corner,4,,-1000.248495084903,2762.5658073638174,-159.82584190332562,700.3399999999999,463509,20,-13225.0,1170.0,-4907.0,4090.0,-13195.92,1147.0,-4876.0,4061.0,True,1151.6000000000001,719.76,717.1460000000001,446.85,False,False,none
2025-singapore-grand-prix-r,2025,Singapore Grand Prix,335.0,2972,corner,5,,-704.2751363886564,290.4987435530211,-56.17507239255018,957.5211808549066,463509,20,-13225.0,1170.0,-4907.0,4090.0,-13195.92,1147.0,-4876.0,4061.0,True,1151.6000000000001,719.76,717.1460000000001,446.85,False,False,none
2025-singapore-grand-prix-r,2025,Singapore Grand Prix,335.0,2973,corner,6,,-4914.428676444357,446.07877429337077,-99.40534019082725,1399.6172274092467,463509,20,-13225.0,1170.0,-4907.0,4090.0,-13195.92,1147.0,-4876.0,4061.0,True,1151.6000000000001,719.76,717.1460000000001,446.85,False,False,none
2025-singapore-grand-prix-r,2025,Singapore Grand Prix,335.0,2974,corner,7,,-8210.484031585085,2141.91893694609,84.28802927725171,1761.2199917949135,463509,20,-13225.0,1170.0,-4907.0,4090.0,-13195.92,1147.0,-4876.0,4061.0,True,1151.6000000000001,719.76,717.1460000000001,446.85,False,False,none
2025-singapore-grand-prix-r,2025,Singapore Grand Prix,335.0,2975,corner,8,,-9608.455015003696,545.2344521818222,-137.55488367522997,1999.8802777777769,463509,20,-13225.0,1170.0,-4907.0,4090.0,-13195.92,1147.0,-4876.0,4061.0,True,1151.6000000000001,719.76,717.1460000000001,446.85,False,False,none
2025-singapore-grand-prix-r,2025,Singapore Grand Prix,335.0,2976,corner,9,,-11035.325462710984,1643.4830602634265,-77.17835340212868,2182.7106116601744,463509,20,-13225.0,1170.0,-4907.0,4090.0,-13195.92,1147.0,-4876.0,4061.0,True,1151.6000000000001,719.76,717.1460000000001,446.85,False,False,none
2025-singapore-grand-prix-r,2025,Singapore Grand Prix,335.0,2977,corner,10,,-13197.999977462843,-1883.9884365433581,-182.9285608765443,2608.7175282956623,463509,20,-13225.0,1170.0,-4907.0,4090.0,-13195.92,1147.0,-4876.0,4061.0,True,1151.6000000000001,719.76,717.1460000000001,446.85,False,False,none
2025-singapore-grand-prix-r,2025,Singapore Grand Prix,335.0,2978,corner,11,,-12225.258327405409,-3008.9788169688827,21.97298112607431,2768.8924999999986,463509,20,-13225.0,1170.0,-4907.0,4090.0,-13195.92,1147.0,-4876.0,4061.0,True,1151.6000000000001,719.76,717.1460000000001,446.85,False,False,none
2025-singapore-grand-prix-r,2025,Singapore Grand Prix,335.0,2979,corner,12,,-11972.752928264084,-3759.2471044775466,-133.1642603505898,2856.332085118414,463509,20,-13225.0,1170.0,-4907.0,4090.0,-13195.92,1147.0,-4876.0,4061.0,True,1151.6000000000001,719.76,717.1460000000001,446.85,False,False,none
2025-singapore-grand-prix-r,2025,Singapore Grand Prix,335.0,2980,corner,13,,-10795.164153894957,-4903.60650770113,-96.04299005964127,3021.1591203460584,463509,20,-13225.0,1170.0,-4907.0,4090.0,-13195.92,1147.0,-4876.0,4061.0,True,1151.6000000000001,719.76,717.1460000000001,446.85,False,False,none
2025-singapore-grand-prix-r,2025,Singapore Grand Prix,335.0,2981,corner,14,,-9087.216472295006,75.60817055162295,273.56261626114366,3582.9891728933617,463509,20,-13225.0,1170.0,-4907.0,4090.0,-13195.92,1147.0,-4876.0,4061.0,True,1151.6000000000001,719.76,717.1460000000001,446.85,False,False,none
2025-singapore-grand-prix-r,2025,Singapore Grand Prix,335.0,2982,corner,15,,-7370.032739596296,-1290.3335741899066,247.80392755981828,3814.963497129348,463509,20,-13225.0,1170.0,-4907.0,4090.0,-13195.92,1147.0,-4876.0,4061.0,True,1151.6000000000001,719.76,717.1460000000001,446.85,False,False,none
2025-singapore-grand-prix-r,2025,Singapore Grand Prix,335.0,2983,corner,16,,-2544.27408282517,-1747.779915053758,41.59452534061187,4297.657264326497,463509,20,-13225.0,1170.0,-4907.0,4090.0,-13195.92,1147.0,-4876.0,4061.0,True,1151.6000000000001,719.76,717.1460000000001,446.85,False,False,none
2025-singapore-grand-prix-r,2025,Singapore Grand Prix,335.0,2984,corner,17,,-2205.492524818259,-2401.4104525295033,48.421856283785445,4369.279090090498,463509,20,-13225.0,1170.0,-4907.0,4090.0,-13195.92,1147.0,-4876.0,4061.0,True,1151.6000000000001,719.76,717.1460000000001,446.85,False,False,none
2025-singapore-grand-prix-r,2025,Singapore Grand Prix,335.0,2985,corner,18,,386.8427724646517,-2657.5894968940347,99.54974113843991,4633.936340706704,463509,20,-13225.0,1170.0,-4907.0,4090.0,-13195.92,1147.0,-4876.0,4061.0,True,1151.6000000000001,719.76,717.1460000000001,446.85,False,False,none
2025-singapore-grand-prix-r,2025,Singapore Grand Prix,335.0,2986,corner,19,,1136.5661843074995,-1839.636021516253,-14.64865962944613,4751.959136328505,463509,20,-13225.0,1170.0,-4907.0,4090.0,-13195.92,1147.0,-4876.0,4061.0,True,1151.6000000000001,719.76,717.1460000000001,446.85,False,False,none
2025-singapore-grand-prix-r,2025,Singapore Grand Prix,335.0,2987,marshal_light,1,,1060.1647402536846,-343.53132508195813,9.149998415264882,4892.438609893419,463509,20,-13225.0,1170.0,-4907.0,4090.0,-13195.92,1147.0,-4876.0,4061.0,True,1151.6000000000001,719.76,717.1460000000001,446.85,False,False,none
2025-singapore-grand-prix-r,2025,Singapore Grand Prix,335.0,2988,marshal_light,2,,666.41800281211,2527.0522505516765,6.475625389089913,295.04645786353467,463509,20,-13225.0,1170.0,-4907.0,4090.0,-13195.92,1147.0,-4876.0,4061.0,True,1151.6000000000001,719.76,717.1460000000001,446.85,False,False,none
2025-singapore-grand-prix-r,2025,Singapore Grand Prix,335.0,2989,marshal_light,3,,-1108.3667986032488,3674.839718718694,-189.84244944317817,597.5151375032555,463509,20,-13225.0,1170.0,-4907.0,4090.0,-13195.92,1147.0,-4876.0,4061.0,True,1151.6000000000001,719.76,717.1460000000001,446.85,False,False,none
2025-singapore-grand-prix-r,2025,Singapore Grand Prix,335.0,2990,marshal_light,4,,-431.38063913069436,923.2242379724939,2.5220685743399756,893.0715235474564,463509,20,-13225.0,1170.0,-4907.0,4090.0,-13195.92,1147.0,-4876.0,4061.0,True,1151.6000000000001,719.76,717.1460000000001,446.85,False,False,none
2025-singapore-grand-prix-r,2025,Singapore Grand Prix,335.0,2991,marshal_light,5,,-2947.5527296952487,272.0040147701309,-94.32369993359607,1197.8595167775452,463509,20,-13225.0,1170.0,-4907.0,4090.0,-13195.92,1147.0,-4876.0,4061.0,True,1151.6000000000001,719.76,717.1460000000001,446.85,False,False,none
2025-singapore-grand-prix-r,2025,Singapore Grand Prix,335.0,2992,marshal_light,6,,-7272.110582986823,1657.5922873797354,57.13387256760495,1666.1831637037317,463509,20,-13225.0,1170.0,-4907.0,4090.0,-13195.92,1147.0,-4876.0,4061.0,True,1151.6000000000001,719.76,717.1460000000001,446.85,False,False,none
2025-singapore-grand-prix-r,2025,Singapore Grand Prix,335.0,2993,marshal_light,7,,-9181.404233317351,957.7249150873465,-23.18729760069427,1931.4270159794642,463509,20,-13225.0,1170.0,-4907.0,4090.0,-13195.92,1147.0,-4876.0,4061.0,True,1151.6000000000001,719.76,717.1460000000001,446.85,False,False,none
2025-singapore-grand-prix-r,2025,Singapore Grand Prix,335.0,2994,marshal_light,8,,-10406.38946711432,1407.6132024406315,45.60214140420332,2105.2904051891087,463509,20,-13225.0,1170.0,-4907.0,4090.0,-13195.92,1147.0,-4876.0,4061.0,True,1151.6000000000001,719.76,717.1460000000001,446.85,False,False,none
2025-singapore-grand-prix-r,2025,Singapore Grand Prix,335.0,2995,marshal_light,9,,-12731.140383214188,-1039.944706112171,147.20409397997528,2514.052064572755,463509,20,-13225.0,1170.0,-4907.0,4090.0,-13195.92,1147.0,-4876.0,4061.0,True,1151.6000000000001,719.76,717.1460000000001,446.85,False,False,none
2025-singapore-grand-prix-r,2025,Singapore Grand Prix,335.0,2996,marshal_light,10,,-12696.452312031437,-2647.3441337892027,-111.3693827703263,2706.587050547564,463509,20,-13225.0,1170.0,-4907.0,4090.0,-13195.92,1147.0,-4876.0,4061.0,True,1151.6000000000001,719.76,717.1460000000001,446.85,False,False,none
2025-singapore-grand-prix-r,2025,Singapore Grand Prix,335.0,2997,marshal_light,11,,-11385.368206437786,-4258.256578159635,-132.87686534891057,2932.115786537002,463509,20,-13225.0,1170.0,-4907.0,4090.0,-13195.92,1147.0,-4876.0,4061.0,True,1151.6000000000001,719.76,717.1460000000001,446.85,False,False,none
2025-singapore-grand-prix-r,2025,Singapore Grand Prix,335.0,2998,marshal_light,12,,-10360.594666103334,-3241.4319119090324,-9.088076711710201,3203.9454883192216,463509,20,-13225.0,1170.0,-4907.0,4090.0,-13195.92,1147.0,-4876.0,4061.0,True,1151.6000000000001,719.76,717.1460000000001,446.85,False,False,none
2025-singapore-grand-prix-r,2025,Singapore Grand Prix,335.0,2999,marshal_light,13,,-10008.707931041445,-1480.7363880234773,-194.87475532101058,3378.0240414043355,463509,20,-13225.0,1170.0,-4907.0,4090.0,-13195.92,1147.0,-4876.0,4061.0,True,1151.6000000000001,719.76,717.1460000000001,446.85,False,False,none
2025-singapore-grand-prix-r,2025,Singapore Grand Prix,335.0,3000,marshal_light,14,,-7741.356280624563,-1069.506744365598,53.70034135956587,3759.1747685152895,463509,20,-13225.0,1170.0,-4907.0,4090.0,-13195.92,1147.0,-4876.0,4061.0,True,1151.6000000000001,719.76,717.1460000000001,446.85,False,False,none
2025-singapore-grand-prix-r,2025,Singapore Grand Prix,335.0,3001,marshal_light,15,,-3522.2718863745604,-1610.0480177654954,-91.48938589294686,4203.672465108283,463509,20,-13225.0,1170.0,-4907.0,4090.0,-13195.92,1147.0,-4876.0,4061.0,True,1151.6000000000001,719.76,717.1460000000001,446.85,False,False,none
2025-singapore-grand-prix-r,2025,Singapore Grand Prix,335.0,3002,marshal_light,16,,-98.13917935409154,-2661.597427529588,-93.60288172373922,4582.688147778541,463509,20,-13225.0,1170.0,-4907.0,4090.0,-13195.92,1147.0,-4876.0,4061.0,True,1151.6000000000001,719.76,717.1460000000001,446.85,False,False,none
2025-singapore-grand-prix-r,2025,Singapore Grand Prix,335.0,3003,marshal_sector,1,,1116.26040659896,-684.5624335161597,9.4081812525379,4862.187398187969,463509,20,-13225.0,1170.0,-4907.0,4090.0,-13195.92,1147.0,-4876.0,4061.0,True,1151.6000000000001,719.76,717.1460000000001,446.85,False,False,none
2025-singapore-grand-prix-r,2025,Singapore Grand Prix,335.0,3004,marshal_sector,2,,639.916993804658,2757.2058017669106,6.737761948147018,321.17041054245703,463509,20,-13225.0,1170.0,-4907.0,4090.0,-13195.92,1147.0,-4876.0,4061.0,True,1151.6000000000001,719.76,717.1460000000001,446.85,False,False,none
2025-singapore-grand-prix-r,2025,Singapore Grand Prix,335.0,3005,marshal_sector,3,,-1050.0821200960627,3874.9932899451387,-204.3841218246034,573.3508270248464,463509,20,-13225.0,1170.0,-4907.0,4090.0,-13195.92,1147.0,-4876.0,4061.0,True,1151.6000000000001,719.76,717.1460000000001,446.85,False,False,none
2025-singapore-grand-prix-r,2025,Singapore Grand Prix,335.0,3006,marshal_sector,4,,-454.78260478050106,1195.4779531823385,-172.1113890807365,863.0126526341386,463509,20,-13225.0,1170.0,-4907.0,4090.0,-13195.92,1147.0,-4876.0,4061.0,True,1151.6000000000001,719.76,717.1460000000001,446.85,False,False,none
2025-singapore-grand-prix-r,2025,Singapore Grand Prix,335.0,3007,marshal_sector,5,,-3015.706599799051,277.34950292509757,-94.34875101609867,1197.8595167775452,463509,20,-13225.0,1170.0,-4907.0,4090.0,-13195.92,1147.0,-4876.0,4061.0,True,1151.6000000000001,719.76,717.1460000000001,446.85,False,False,none
2025-singapore-grand-prix-r,2025,Singapore Grand Prix,335.0,3008,marshal_sector,6,,-7275.284466306195,1659.6770519694574,56.513442480786466,1666.1831637037317,463509,20,-13225.0,1170.0,-4907.0,4090.0,-13195.92,1147.0,-4876.0,4061.0,True,1151.6000000000001,719.76,717.1460000000001,446.85,False,False,none
2025-singapore-grand-prix-r,2025,Singapore Grand Prix,335.0,3009,marshal_sector,7,,-9200.853150674437,912.3438999220864,-22.92198596371152,1931.4270159794642,463509,20,-13225.0,1170.0,-4907.0,4090.0,-13195.92,1147.0,-4876.0,4061.0,True,1151.6000000000001,719.76,717.1460000000001,446.85,False,False,none
2025-singapore-grand-prix-r,2025,Singapore Grand Prix,335.0,3010,marshal_sector,8,,-10384.654630036719,1386.3836290966628,-134.6143088221271,2105.2904051891087,463509,20,-13225.0,1170.0,-4907.0,4090.0,-13195.92,1147.0,-4876.0,4061.0,True,1151.6000000000001,719.76,717.1460000000001,446.85,False,False,none
2025-singapore-grand-prix-r,2025,Singapore Grand Prix,335.0,3011,marshal_sector,9,,-12753.835673691112,-1075.0198901301724,-32.94889077697729,2514.052064572755,463509,20,-13225.0,1170.0,-4907.0,4090.0,-13195.92,1147.0,-4876.0,4061.0,True,1151.6000000000001,719.76,717.1460000000001,446.85,False,False,none
2025-singapore-grand-prix-r,2025,Singapore Grand Prix,335.0,3012,marshal_sector,10,,-12639.926906022956,-2669.643665871607,-111.3803542369537,2706.587050547564,463509,20,-13225.0,1170.0,-4907.0,4090.0,-13195.92,1147.0,-4876.0,4061.0,True,1151.6000000000001,719.76,717.1460000000001,446.85,False,False,none
2025-singapore-grand-prix-r,2025,Singapore Grand Prix,335.0,3013,marshal_sector,11,,-11593.209502333204,-4074.8750852447392,-129.56145639388876,2899.25843440273,463509,20,-13225.0,1170.0,-4907.0,4090.0,-13195.92,1147.0,-4876.0,4061.0,True,1151.6000000000001,719.76,717.1460000000001,446.85,False,False,none
2025-singapore-grand-prix-r,2025,Singapore Grand Prix,335.0,3014,marshal_sector,12,,-10395.879965919441,-3466.55789450719,-9.872159784425552,3188.4087661328163,463509,20,-13225.0,1170.0,-4907.0,4090.0,-13195.92,1147.0,-4876.0,4061.0,True,1151.6000000000001,719.76,717.1460000000001,446.85,False,False,none
2025-singapore-grand-prix-r,2025,Singapore Grand Prix,335.0,3015,marshal_sector,13,,-9999.018529940708,-1444.0166130925063,-194.97821688414314,3378.0240414043355,463509,20,-13225.0,1170.0,-4907.0,4090.0,-13195.92,1147.0,-4876.0,4061.0,True,1151.6000000000001,719.76,717.1460000000001,446.85,False,False,none
2025-singapore-grand-prix-r,2025,Singapore Grand Prix,335.0,3016,marshal_sector,14,,-7641.557197151713,-1138.7898104583182,-123.48052594835029,3778.6926168017426,463509,20,-13225.0,1170.0,-4907.0,4090.0,-13195.92,1147.0,-4876.0,4061.0,True,1151.6000000000001,719.76,717.1460000000001,446.85,False,False,none
2025-singapore-grand-prix-r,2025,Singapore Grand Prix,335.0,3017,marshal_sector,15,,-3355.213074502203,-1614.2191388014176,-91.60115255591343,4217.0645917193915,463509,20,-13225.0,1170.0,-4907.0,4090.0,-13195.92,1147.0,-4876.0,4061.0,True,1151.6000000000001,719.76,717.1460000000001,446.85,False,False,none
2025-singapore-grand-prix-r,2025,Singapore Grand Prix,335.0,3018,marshal_sector,16,,-219.4127691793101,-2653.6245489021694,86.28839602702796,4567.841930262904,463509,20,-13225.0,1170.0,-4907.0,4090.0,-13195.92,1147.0,-4876.0,4061.0,True,1151.6000000000001,719.76,717.1460000000001,446.85,False,False,none
2025-united-states-grand-prix-r,2025,United States Grand Prix,0.0,3019,corner,1,,3743.505950560483,-4013.3678672920078,-44.65195695742783,636.7541352545962,417891,20,-2554.0,15583.0,-4096.0,6437.0,-2521.0,15548.0,-4043.0,6427.0,True,1450.96,842.64,903.45,523.5,False,False,none
2025-united-states-grand-prix-r,2025,United States Grand Prix,0.0,3020,corner,2,,3414.022004158147,-1696.4977152979786,-200.3469641110752,890.4477317276574,417891,20,-2554.0,15583.0,-4096.0,6437.0,-2521.0,15548.0,-4043.0,6427.0,True,1450.96,842.64,903.45,523.5,False,False,none
2025-united-states-grand-prix-r,2025,United States Grand Prix,0.0,3021,corner,3,,5395.315371904974,-54.73041858963802,-43.71563655008453,1150.379395392736,417891,20,-2554.0,15583.0,-4096.0,6437.0,-2521.0,15548.0,-4043.0,6427.0,True,1450.96,842.64,903.45,523.5,False,False,none
2025-united-states-grand-prix-r,2025,United States Grand Prix,0.0,3022,corner,4,,5846.153185134,682.4340137004386,141.14534006324735,1229.3326449073986,417891,20,-2554.0,15583.0,-4096.0,6437.0,-2521.0,15548.0,-4043.0,6427.0,True,1450.96,842.64,903.45,523.5,False,False,none
2025-united-states-grand-prix-r,2025,United States Grand Prix,0.0,3023,corner,5,,6609.267124870705,1281.73631572348,-30.322413912880773,1337.3686687124816,417891,20,-2554.0,15583.0,-4096.0,6437.0,-2521.0,15548.0,-4043.0,6427.0,True,1450.96,842.64,903.45,523.5,False,False,none
2025-united-states-grand-prix-r,2025,United States Grand Prix,0.0,3024,corner,6,,7165.299058163059,2448.096460587591,129.91658034908926,1466.4971322105882,417891,20,-2554.0,15583.0,-4096.0,6437.0,-2521.0,15548.0,-4043.0,6427.0,True,1450.96,842.64,903.45,523.5,False,False,none
2025-united-states-grand-prix-r,2025,United States Grand Prix,0.0,3025,corner,7,,9287.59816520198,2343.861924048018,-75.27417115433745,1705.7116120225423,417891,20,-2554.0,15583.0,-4096.0,6437.0,-2521.0,15548.0,-4043.0,6427.0,True,1450.96,842.64,903.45,523.5,False,False,none
2025-united-states-grand-prix-r,2025,United States Grand Prix,0.0,3026,corner,8,,10475.25965605229,3267.2329941228463,94.00044337982348,1849.8210005011854,417891,20,-2554.0,15583.0,-4096.0,6437.0,-2521.0,15548.0,-4043.0,6427.0,True,1450.96,842.64,903.45,523.5,False,False,none
2025-united-states-grand-prix-r,2025,United States Grand Prix,0.0,3027,corner,9,,11266.63987279964,2843.723967841445,-109.78937699733613,1944.5747851260278,417891,20,-2554.0,15583.0,-4096.0,6437.0,-2521.0,15548.0,-4043.0,6427.0,True,1450.96,842.64,903.45,523.5,False,False,none
2025-united-states-grand-prix-r,2025,United States Grand Prix,0.0,3028,corner,10,,13265.495253457295,3339.9514603285365,-57.57904768880108,2141.06702990156,417891,20,-2554.0,15583.0,-4096.0,6437.0,-2521.0,15548.0,-4043.0,6427.0,True,1450.96,842.64,903.45,523.5,False,False,none
2025-united-states-grand-prix-r,2025,United States Grand Prix,0.0,3029,corner,11,,15557.826820202115,6316.789651088751,32.93557808140348,2526.9888645760057,417891,20,-2554.0,15583.0,-4096.0,6437.0,-2521.0,15548.0,-4043.0,6427.0,True,1450.96,842.64,903.45,523.5,False,False,none
2025-united-states-grand-prix-r,2025,United States Grand Prix,0.0,3030,corner,12,,4025.1148393632216,3996.419189060194,-215.09380810399114,3734.6396663664623,417891,20,-2554.0,15583.0,-4096.0,6437.0,-2521.0,15548.0,-4043.0,6427.0,True,1450.96,842.64,903.45,523.5,False,False,none
2025-united-states-grand-prix-r,2025,United States Grand Prix,0.0,3031,corner,13,,4941.5833838497,2058.1670910820194,-35.26644068702872,3977.35795369682,417891,20,-2554.0,15583.0,-4096.0,6437.0,-2521.0,15548.0,-4043.0,6427.0,True,1450.96,842.64,903.45,523.5,False,False,none
2025-united-states-grand-prix-r,2025,United States Grand Prix,0.0,3032,corner,14,,4279.206066924415,2035.9921472841122,-125.80171331872026,4043.4958875671505,417891,20,-2554.0,15583.0,-4096.0,6437.0,-2521.0,15548.0,-4043.0,6427.0,True,1450.96,842.64,903.45,523.5,False,False,none
2025-united-states-grand-prix-r,2025,United States Grand Prix,0.0,3033,corner,15,,2856.971820674472,3037.7723595471184,-205.71642813601727,4239.564913350199,417891,20,-2554.0,15583.0,-4096.0,6437.0,-2521.0,15548.0,-4043.0,6427.0,True,1450.96,842.64,903.45,523.5,False,False,none
2025-united-states-grand-prix-r,2025,United States Grand Prix,0.0,3034,corner,16,,3693.059720660606,1427.1712545632547,-166.36228991817734,4434.801123008371,417891,20,-2554.0,15583.0,-4096.0,6437.0,-2521.0,15548.0,-4043.0,6427.0,True,1450.96,842.64,903.45,523.5,False,False,none
2025-united-states-grand-prix-r,2025,United States Grand Prix,0.0,3035,corner,17,,3320.2825975725164,212.0593181515851,-49.84976314365157,4556.436959800576,417891,20,-2554.0,15583.0,-4096.0,6437.0,-2521.0,15548.0,-4043.0,6427.0,True,1450.96,842.64,903.45,523.5,False,False,none
2025-united-states-grand-prix-r,2025,United States Grand Prix,0.0,3036,corner,18,,2005.0009056930412,-12.105512097587734,-104.60865513920405,4699.605949054499,417891,20,-2554.0,15583.0,-4096.0,6437.0,-2521.0,15548.0,-4043.0,6427.0,True,1450.96,842.64,903.45,523.5,False,False,none
2025-united-states-grand-prix-r,2025,United States Grand Prix,0.0,3037,corner,19,,45.34517859774405,1887.2539478629997,74.12689300139989,4979.821999378197,417891,20,-2554.0,15583.0,-4096.0,6437.0,-2521.0,15548.0,-4043.0,6427.0,True,1450.96,842.64,903.45,523.5,False,False,none
2025-united-states-grand-prix-r,2025,United States Grand Prix,0.0,3038,corner,20,,-2544.6723020443987,618.3306286295765,-171.08009883185278,5291.670337680385,417891,20,-2554.0,15583.0,-4096.0,6437.0,-2521.0,15548.0,-4043.0,6427.0,True,1450.96,842.64,903.45,523.5,False,False,none
2025-united-states-grand-prix-r,2025,United States Grand Prix,0.0,3039,marshal_light,1,,-1396.0001219491005,-340.000190230573,-133.02419367521347,5443.818708059165,417891,20,-2554.0,15583.0,-4096.0,6437.0,-2521.0,15548.0,-4043.0,6427.0,True,1450.96,842.64,903.45,523.5,False,False,none
2025-united-states-grand-prix-r,2025,United States Grand Prix,0.0,3040,marshal_light,2,,1150.7883923249328,-2293.8390086986437,-127.03186319375203,323.8051599298884,417891,20,-2554.0,15583.0,-4096.0,6437.0,-2521.0,15548.0,-4043.0,6427.0,True,1450.96,842.64,903.45,523.5,False,False,none
2025-united-states-grand-prix-r,2025,United States Grand Prix,0.0,3041,marshal_light,3,,2754.708134538498,-3526.165866946538,-127.26016448757505,519.6301025839431,417891,20,-2554.0,15583.0,-4096.0,6437.0,-2521.0,15548.0,-4043.0,6427.0,True,1450.96,842.64,903.45,523.5,False,False,none
2025-united-states-grand-prix-r,2025,United States Grand Prix,0.0,3042,marshal_light,4,,3708.7869313023293,-3302.6293855470003,22.065715538434354,715.919732576971,417891,20,-2554.0,15583.0,-4096.0,6437.0,-2521.0,15548.0,-4043.0,6427.0,True,1450.96,842.64,903.45,523.5,False,False,none
2025-united-states-grand-prix-r,2025,United States Grand Prix,0.0,3043,marshal_light,5,,4833.366385789422,-510.4756861374176,123.55259470214477,1088.3496674201733,417891,20,-2554.0,15583.0,-4096.0,6437.0,-2521.0,15548.0,-4043.0,6427.0,True,1450.96,842.64,903.45,523.5,False,False,none
2025-united-states-grand-prix-r,2025,United States Grand Prix,0.0,3044,marshal_light,6,,7001.653526242539,2288.436586239408,140.30761924731317,1449.7037704023212,417891,20,-2554.0,15583.0,-4096.0,6437.0,-2521.0,15548.0,-4043.0,6427.0,True,1450.96,842.64,903.45,523.5,False,False,none
2025-united-states-grand-prix-r,2025,United States Grand Prix,0.0,3045,marshal_light,7,,8259.242672783184,2677.5052080869727,-110.1599065635833,1585.3039937057326,417891,20,-2554.0,15583.0,-4096.0,6437.0,-2521.0,15548.0,-4043.0,6427.0,True,1450.96,842.64,903.45,523.5,False,False,none
2025-united-states-grand-prix-r,2025,United States Grand Prix,0.0,3046,marshal_light,8,,10274.526775688635,3204.2109039316774,-61.385083896183104,1828.1830105332,417891,20,-2554.0,15583.0,-4096.0,6437.0,-2521.0,15548.0,-4043.0,6427.0,True,1450.96,842.64,903.45,523.5,False,False,none
2025-united-states-grand-prix-r,2025,United States Grand Prix,0.0,3047,marshal_light,9,,12150.918186558649,2922.5808777630787,-75.5388806058796,2036.5626042326767,417891,20,-2554.0,15583.0,-4096.0,6437.0,-2521.0,15548.0,-4043.0,6427.0,True,1450.96,842.64,903.45,523.5,False,False,none
2025-united-states-grand-prix-r,2025,United States Grand Prix,0.0,3048,marshal_light,10,,14954.303895701003,5315.554567190815,-40.62751391384808,2409.3513305866254,417891,20,-2554.0,15583.0,-4096.0,6437.0,-2521.0,15548.0,-4043.0,6427.0,True,1450.96,842.64,903.45,523.5,False,False,none
2025-united-states-grand-prix-r,2025,United States Grand Prix,0.0,3049,marshal_light,11,,14046.948982187701,6061.364293016632,108.72035253492558,2687.1436848517155,417891,20,-2554.0,15583.0,-4096.0,6437.0,-2521.0,15548.0,-4043.0,6427.0,True,1450.96,842.64,903.45,523.5,False,False,none
2025-united-states-grand-prix-r,2025,United States Grand Prix,0.0,3050,marshal_light,12,,12130.197040297688,5458.954780980613,-74.77003030201377,2894.967660383817,417891,20,-2554.0,15583.0,-4096.0,6437.0,-2521.0,15548.0,-4043.0,6427.0,True,1450.96,842.64,903.45,523.5,False,False,none
2025-united-states-grand-prix-r,2025,United States Grand Prix,0.0,3051,marshal_light,13,,9493.288341681437,4837.442598016159,-78.48361558134054,3151.7691434871076,417891,20,-2554.0,15583.0,-4096.0,6437.0,-2521.0,15548.0,-4043.0,6427.0,True,1450.96,842.64,903.45,523.5,False,False,none
2025-united-states-grand-prix-r,2025,United States Grand Prix,0.0,3052,marshal_light,14,,5109.111075862739,4244.400913874677,94.95479197569642,3616.06352540157,417891,20,-2554.0,15583.0,-4096.0,6437.0,-2521.0,15548.0,-4043.0,6427.0,True,1450.96,842.64,903.45,523.5,False,False,none
2025-united-states-grand-prix-r,2025,United States Grand Prix,0.0,3053,marshal_light,15,,4705.432555913012,2927.567477155677,-134.82703559685643,3884.1405455562276,417891,20,-2554.0,15583.0,-4096.0,6437.0,-2521.0,15548.0,-4043.0,6427.0,True,1450.96,842.64,903.45,523.5,False,False,none
2025-united-states-grand-prix-r,2025,United States Grand Prix,0.0,3054,marshal_light,16,,3849.4558446134647,2630.360876229517,-154.09610197145946,4116.987945939502,417891,20,-2554.0,15583.0,-4096.0,6437.0,-2521.0,15548.0,-4043.0,6427.0,True,1450.96,842.64,903.45,523.5,False,False,none
2025-united-states-grand-prix-r,2025,United States Grand Prix,0.0,3055,marshal_light,17,,3655.846524247678,1570.7164278372782,15.887146996534376,4408.087485244324,417891,20,-2554.0,15583.0,-4096.0,6437.0,-2521.0,15548.0,-4043.0,6427.0,True,1450.96,842.64,903.45,523.5,False,False,none
2025-united-states-grand-prix-r,2025,United States Grand Prix,0.0,3056,marshal_light,18,,3398.998206426035,283.0747060303545,-47.860129237785316,4556.436959800576,417891,20,-2554.0,15583.0,-4096.0,6437.0,-2521.0,15548.0,-4043.0,6427.0,True,1450.96,842.64,903.45,523.5,False,False,none
2025-united-states-grand-prix-r,2025,United States Grand Prix,0.0,3057,marshal_light,19,,569.4303292231589,1499.8311030439586,41.19004978349393,4915.888541992918,417891,20,-2554.0,15583.0,-4096.0,6437.0,-2521.0,15548.0,-4043.0,6427.0,True,1450.96,842.64,903.45,523.5,False,False,none
2025-united-states-grand-prix-r,2025,United States Grand Prix,0.0,3058,marshal_light,20,,-2063.6926263076457,1159.687501770266,113.69403248073493,5209.165473692834,417891,20,-2554.0,15583.0,-4096.0,6437.0,-2521.0,15548.0,-4043.0,6427.0,True,1450.96,842.64,903.45,523.5,False,False,none
2025-united-states-grand-prix-r,2025,United States Grand Prix,0.0,3059,marshal_sector,1,,-1395.9999428336614,-339.9998880040589,-129.89761122646271,5443.818708059165,417891,20,-2554.0,15583.0,-4096.0,6437.0,-2521.0,15548.0,-4043.0,6427.0,True,1450.96,842.64,903.45,523.5,False,False,none
2025-united-states-grand-prix-r,2025,United States Grand Prix,0.0,3060,marshal_sector,2,,1005.9339762559948,-2183.0999545976024,-127.75734752013476,295.2671927020151,417891,20,-2554.0,15583.0,-4096.0,6437.0,-2521.0,15548.0,-4043.0,6427.0,True,1450.96,842.64,903.45,523.5,False,False,none
2025-united-states-grand-prix-r,2025,United States Grand Prix,0.0,3061,marshal_sector,3,,2801.859435332803,-3562.246381714479,-127.99141452105931,519.6301025839431,417891,20,-2554.0,15583.0,-4096.0,6437.0,-2521.0,15548.0,-4043.0,6427.0,True,1450.96,842.64,903.45,523.5,False,False,none
2025-united-states-grand-prix-r,2025,United States Grand Prix,0.0,3062,marshal_sector,4,,3607.5449765755793,-3083.174665760519,25.447870808711798,742.097096430623,417891,20,-2554.0,15583.0,-4096.0,6437.0,-2521.0,15548.0,-4043.0,6427.0,True,1450.96,842.64,903.45,523.5,False,False,none
2025-united-states-grand-prix-r,2025,United States Grand Prix,0.0,3063,marshal_sector,5,,4865.193083047778,-489.4075042456748,123.60522299088177,1088.3496674201733,417891,20,-2554.0,15583.0,-4096.0,6437.0,-2521.0,15548.0,-4043.0,6427.0,True,1450.96,842.64,903.45,523.5,False,False,none
2025-united-states-grand-prix-r,2025,United States Grand Prix,0.0,3064,marshal_sector,6,,6967.410130007838,2239.9688703679885,-214.7420581914689,1427.3138964802035,417891,20,-2554.0,15583.0,-4096.0,6437.0,-2521.0,15548.0,-4043.0,6427.0,True,1450.96,842.64,903.45,523.5,False,False,none
2025-united-states-grand-prix-r,2025,United States Grand Prix,0.0,3065,marshal_sector,7,,8183.777322139221,2705.709324447921,72.46563843871145,1585.3039937057326,417891,20,-2554.0,15583.0,-4096.0,6437.0,-2521.0,15548.0,-4043.0,6427.0,True,1450.96,842.64,903.45,523.5,False,False,none
2025-united-states-grand-prix-r,2025,United States Grand Prix,0.0,3066,marshal_sector,8,,10371.627820031783,3246.2442602312267,-69.6435392737485,1842.234912889825,417891,20,-2554.0,15583.0,-4096.0,6437.0,-2521.0,15548.0,-4043.0,6427.0,True,1450.96,842.64,903.45,523.5,False,False,none
2025-united-states-grand-prix-r,2025,United States Grand Prix,0.0,3067,marshal_sector,9,,11974.364229769859,2877.0908320072995,-75.89372040320741,2011.46443783243,417891,20,-2554.0,15583.0,-4096.0,6437.0,-2521.0,15548.0,-4043.0,6427.0,True,1450.96,842.64,903.45,523.5,False,False,none
2025-united-states-grand-prix-r,2025,United States Grand Prix,0.0,3068,marshal_sector,10,,14864.025881654296,5208.636514069202,-38.892215015599646,2395.138951739957,417891,20,-2554.0,15583.0,-4096.0,6437.0,-2521.0,15548.0,-4043.0,6427.0,True,1450.96,842.64,903.45,523.5,False,False,none
2025-united-states-grand-prix-r,2025,United States Grand Prix,0.0,3069,marshal_sector,11,,14198.702811670073,6115.560102835169,110.02947681545487,2677.9093034447883,417891,20,-2554.0,15583.0,-4096.0,6437.0,-2521.0,15548.0,-4043.0,6427.0,True,1450.96,842.64,903.45,523.5,False,False,none
2025-united-states-grand-prix-r,2025,United States Grand Prix,0.0,3070,marshal_sector,12,,12130.202029141183,5458.957379905564,-74.86936460526314,2894.967660383817,417891,20,-2554.0,15583.0,-4096.0,6437.0,-2521.0,15548.0,-4043.0,6427.0,True,1450.96,842.64,903.45,523.5,False,False,none
2025-united-states-grand-prix-r,2025,United States Grand Prix,0.0,3071,marshal_sector,13,,9464.191778768067,4831.5889031234055,-78.71398284302744,3151.7691434871076,417891,20,-2554.0,15583.0,-4096.0,6437.0,-2521.0,15548.0,-4043.0,6427.0,True,1450.96,842.64,903.45,523.5,False,False,none
2025-united-states-grand-prix-r,2025,United States Grand Prix,0.0,3072,marshal_sector,14,,5239.937335981414,4257.370280589441,95.94992384257051,3595.2645444892123,417891,20,-2554.0,15583.0,-4096.0,6437.0,-2521.0,15548.0,-4043.0,6427.0,True,1450.96,842.64,903.45,523.5,False,False,none
2025-united-states-grand-prix-r,2025,United States Grand Prix,0.0,3073,marshal_sector,15,,4711.423628448245,2921.5763724016133,-134.67426395987945,3884.1405455562276,417891,20,-2554.0,15583.0,-4096.0,6437.0,-2521.0,15548.0,-4043.0,6427.0,True,1450.96,842.64,903.45,523.5,False,False,none
2025-united-states-grand-prix-r,2025,United States Grand Prix,0.0,3074,marshal_sector,16,,3807.060489906064,2708.6322515295583,-150.9620775205605,4116.987945939502,417891,20,-2554.0,15583.0,-4096.0,6437.0,-2521.0,15548.0,-4043.0,6427.0,True,1450.96,842.64,903.45,523.5,False,False,none
2025-united-states-grand-prix-r,2025,United States Grand Prix,0.0,3075,marshal_sector,17,,3654.673361180795,1574.8051868376372,15.742706657794152,4408.087485244324,417891,20,-2554.0,15583.0,-4096.0,6437.0,-2521.0,15548.0,-4043.0,6427.0,True,1450.96,842.64,903.45,523.5,False,False,none
2025-united-states-grand-prix-r,2025,United States Grand Prix,0.0,3076,marshal_sector,18,,3373.820398151395,260.3594012150784,-47.959798578441045,4556.436959800576,417891,20,-2554.0,15583.0,-4096.0,6437.0,-2521.0,15548.0,-4043.0,6427.0,True,1450.96,842.64,903.45,523.5,False,False,none
2025-united-states-grand-prix-r,2025,United States Grand Prix,0.0,3077,marshal_sector,19,,434.8275536531346,1646.517029020194,44.09467510059531,4931.075562871607,417891,20,-2554.0,15583.0,-4096.0,6437.0,-2521.0,15548.0,-4043.0,6427.0,True,1450.96,842.64,903.45,523.5,False,False,none
2025-united-states-grand-prix-r,2025,United States Grand Prix,0.0,3078,marshal_sector,20,,-1966.670764936276,1202.3206719409118,112.99497985434672,5201.246637611024,417891,20,-2554.0,15583.0,-4096.0,6437.0,-2521.0,15548.0,-4043.0,6427.0,True,1450.96,842.64,903.45,523.5,False,False,none
2025-mexico-city-grand-prix-r,2025,Mexico City Grand Prix,36.0,3079,corner,1,,11549.390625,-620.4165039062495,26.961070822263267,1192.497576444708,401381,20,-2433.0,12015.0,-9042.0,1287.0,-2422.0,12001.0,-9027.0,1275.0,True,1155.84,826.32,721.1500000000001,515.1,False,False,none
2025-mexico-city-grand-prix-r,2025,Mexico City Grand Prix,36.0,3080,corner,2,,11579.570556640625,-1334.7114257812495,-161.45663106776647,1263.162339990202,401381,20,-2433.0,12015.0,-9042.0,1287.0,-2422.0,12001.0,-9027.0,1275.0,True,1155.84,826.32,721.1500000000001,515.1,False,False,none
2025-mexico-city-grand-prix-r,2025,Mexico City Grand Prix,36.0,3081,corner,3,,11984.5009765625,-1769.0202636718745,26.924666969078046,1323.1841891103466,401381,20,-2433.0,12015.0,-9042.0,1287.0,-2422.0,12001.0,-9027.0,1275.0,True,1155.84,826.32,721.1500000000001,515.1,False,False,none
2025-mexico-city-grand-prix-r,2025,Mexico City Grand Prix,36.0,3082,corner,4,,8811.018692016602,-7835.0654296875,-166.07931388750785,2016.9004116612236,401381,20,-2433.0,12015.0,-9042.0,1287.0,-2422.0,12001.0,-9027.0,1275.0,True,1155.84,826.32,721.1500000000001,515.1,False,False,none
2025-mexico-city-grand-prix-r,2025,Mexico City Grand Prix,36.0,3083,corner,5,,9258.899475097656,-8332.6875,-0.2925522266947098,2090.189231800004,401381,20,-2433.0,12015.0,-9042.0,1287.0,-2422.0,12001.0,-9027.0,1275.0,True,1155.84,826.32,721.1500000000001,515.1,False,False,none
2025-mexico-city-grand-prix-r,2025,Mexico City Grand Prix,36.0,3084,corner,6,,8180.223449707031,-9021.7958984375,-109.04601548928066,2226.0433311396273,401381,20,-2433.0,12015.0,-9042.0,1287.0,-2422.0,12001.0,-9027.0,1275.0,True,1155.84,826.32,721.1500000000001,515.1,False,False,none
2025-mexico-city-grand-prix-r,2025,Mexico City Grand Prix,36.0,3085,corner,7,,8337.142669677734,-5797.26025390625,25.060336529280704,2544.8714755810474,401381,20,-2433.0,12015.0,-9042.0,1287.0,-2422.0,12001.0,-9027.0,1275.0,True,1155.84,826.32,721.1500000000001,515.1,False,False,none
2025-mexico-city-grand-prix-r,2025,Mexico City Grand Prix,36.0,3086,corner,8,,7521.6416015625,-5024.2841796875,-141.61977719510452,2664.487644816711,401381,20,-2433.0,12015.0,-9042.0,1287.0,-2422.0,12001.0,-9027.0,1275.0,True,1155.84,826.32,721.1500000000001,515.1,False,False,none
2025-mexico-city-grand-prix-r,2025,Mexico City Grand Prix,36.0,3087,corner,9,,7078.6907958984375,-4423.57568359375,50.280962176467256,2743.955006314832,401381,20,-2433.0,12015.0,-9042.0,1287.0,-2422.0,12001.0,-9027.0,1275.0,True,1155.84,826.32,721.1500000000001,515.1,False,False,none
2025-mexico-city-grand-prix-r,2025,Mexico City Grand Prix,36.0,3088,corner,10,,5329.669921875,-3929.69140625,-128.91348209261224,2927.0640204325055,401381,20,-2433.0,12015.0,-9042.0,1287.0,-2422.0,12001.0,-9027.0,1275.0,True,1155.84,826.32,721.1500000000001,515.1,False,False,none
2025-mexico-city-grand-prix-r,2025,Mexico City Grand Prix,36.0,3089,corner,11,,4822.8515625,-3047.8134765625,34.93331843558475,3020.577228919666,401381,20,-2433.0,12015.0,-9042.0,1287.0,-2422.0,12001.0,-9027.0,1275.0,True,1155.84,826.32,721.1500000000001,515.1,False,False,none
2025-mexico-city-grand-prix-r,2025,Mexico City Grand Prix,36.0,3090,corner,12,,-443.9345703125,-1580.6708984375005,-135.537659071418,3585.7483906308325,401381,20,-2433.0,12015.0,-9042.0,1287.0,-2422.0,12001.0,-9027.0,1275.0,True,1155.84,826.32,721.1500000000001,515.1,False,False,none
2025-mexico-city-grand-prix-r,2025,Mexico City Grand Prix,36.0,3091,corner,13,,-791.74609375,76.99999999999955,78.13896702277137,3756.64969579573,401381,20,-2433.0,12015.0,-9042.0,1287.0,-2422.0,12001.0,-9027.0,1275.0,True,1155.84,826.32,721.1500000000001,515.1,False,False,none
2025-mexico-city-grand-prix-r,2025,Mexico City Grand Prix,36.0,3092,corner,14,,-1373.6669921875,-167.83337402343795,-83.4928059806544,3817.7463711200444,401381,20,-2433.0,12015.0,-9042.0,1287.0,-2422.0,12001.0,-9027.0,1275.0,True,1155.84,826.32,721.1500000000001,515.1,False,False,none
2025-mexico-city-grand-prix-r,2025,Mexico City Grand Prix,36.0,3093,corner,15,,-1809.1650390625,-107.8207397460942,81.51269427768005,3868.74522669369,401381,20,-2433.0,12015.0,-9042.0,1287.0,-2422.0,12001.0,-9027.0,1275.0,True,1155.84,826.32,721.1500000000001,515.1,False,False,none
2025-mexico-city-grand-prix-r,2025,Mexico City Grand Prix,36.0,3094,corner,16,,-2390.3896484375,97.9679565429683,-157.50555604044234,3937.892197508726,401381,20,-2433.0,12015.0,-9042.0,1287.0,-2422.0,12001.0,-9027.0,1275.0,True,1155.84,826.32,721.1500000000001,515.1,False,False,none
2025-mexico-city-grand-prix-r,2025,Mexico City Grand Prix,36.0,3095,corner,17,,-1892.0537109375,1095.2366485595703,-241.96179963456407,4045.5864179762034,401381,20,-2433.0,12015.0,-9042.0,1287.0,-2422.0,12001.0,-9027.0,1275.0,True,1155.84,826.32,721.1500000000001,515.1,False,False,none
2025-mexico-city-grand-prix-r,2025,Mexico City Grand Prix,36.0,3096,marshal_light,1,,-295.0,1226.0,83.13885979456322,4238.383745076212,401381,20,-2433.0,12015.0,-9042.0,1287.0,-2422.0,12001.0,-9027.0,1275.0,True,1155.84,826.32,721.1500000000001,515.1,False,False,none
2025-mexico-city-grand-prix-r,2025,Mexico City Grand Prix,36.0,3097,marshal_light,2,,5032.000244140625,450.93402099609375,-96.22609014232424,526.7896144134718,401381,20,-2433.0,12015.0,-9042.0,1287.0,-2422.0,12001.0,-9027.0,1275.0,True,1155.84,826.32,721.1500000000001,515.1,False,False,none
2025-mexico-city-grand-prix-r,2025,Mexico City Grand Prix,36.0,3098,marshal_light,3,,9715.764526367188,-135.66979980468705,82.41831825972687,998.5869392896764,401381,20,-2433.0,12015.0,-9042.0,1287.0,-2422.0,12001.0,-9027.0,1275.0,True,1155.84,826.32,721.1500000000001,515.1,False,False,none
2025-mexico-city-grand-prix-r,2025,Mexico City Grand Prix,36.0,3099,marshal_light,4,,11963.4189453125,-1727.6374511718745,27.033361033807083,1323.1841891103466,401381,20,-2433.0,12015.0,-9042.0,1287.0,-2422.0,12001.0,-9027.0,1275.0,True,1155.84,826.32,721.1500000000001,515.1,False,False,none
2025-mexico-city-grand-prix-r,2025,Mexico City Grand Prix,36.0,3100,marshal_light,5,,10783.58349609375,-4457.40283203125,-32.349379537549346,1628.4275117236264,401381,20,-2433.0,12015.0,-9042.0,1287.0,-2422.0,12001.0,-9027.0,1275.0,True,1155.84,826.32,721.1500000000001,515.1,False,False,none
2025-mexico-city-grand-prix-r,2025,Mexico City Grand Prix,36.0,3101,marshal_light,6,,9542.518432617188,-6497.48291015625,-214.35101286039253,1867.3133355697632,401381,20,-2433.0,12015.0,-9042.0,1287.0,-2422.0,12001.0,-9027.0,1275.0,True,1155.84,826.32,721.1500000000001,515.1,False,False,none
2025-mexico-city-grand-prix-r,2025,Mexico City Grand Prix,36.0,3102,marshal_light,7,,8728.184112548828,-8822.76171875,-52.66157804071897,2167.481947380897,401381,20,-2433.0,12015.0,-9042.0,1287.0,-2422.0,12001.0,-9027.0,1275.0,True,1155.84,826.32,721.1500000000001,515.1,False,False,none
2025-mexico-city-grand-prix-r,2025,Mexico City Grand Prix,36.0,3103,marshal_light,8,,8084.63427734375,-7983.4140625,-189.32644129685877,2334.6369900863574,401381,20,-2433.0,12015.0,-9042.0,1287.0,-2422.0,12001.0,-9027.0,1275.0,True,1155.84,826.32,721.1500000000001,515.1,False,False,none
2025-mexico-city-grand-prix-r,2025,Mexico City Grand Prix,36.0,3104,marshal_light,9,,8347.78060913086,-6571.5205078125,-9.541211635824851,2473.950523239439,401381,20,-2433.0,12015.0,-9042.0,1287.0,-2422.0,12001.0,-9027.0,1275.0,True,1155.84,826.32,721.1500000000001,515.1,False,False,none
2025-mexico-city-grand-prix-r,2025,Mexico City Grand Prix,36.0,3105,marshal_light,10,,7424.2564697265625,-4886.01025390625,32.020524426511955,2682.006244489167,401381,20,-2433.0,12015.0,-9042.0,1287.0,-2422.0,12001.0,-9027.0,1275.0,True,1155.84,826.32,721.1500000000001,515.1,False,False,none
2025-mexico-city-grand-prix-r,2025,Mexico City Grand Prix,36.0,3106,marshal_light,11,,5875.14599609375,-4117.96533203125,-95.55884523840487,2858.4945424846505,401381,20,-2433.0,12015.0,-9042.0,1287.0,-2422.0,12001.0,-9027.0,1275.0,True,1155.84,826.32,721.1500000000001,515.1,False,False,none
2025-mexico-city-grand-prix-r,2025,Mexico City Grand Prix,36.0,3107,marshal_light,12,,3700.1474609375,-2384.793701171875,69.83353659408886,3172.916193653196,401381,20,-2433.0,12015.0,-9042.0,1287.0,-2422.0,12001.0,-9027.0,1275.0,True,1155.84,826.32,721.1500000000001,515.1,False,False,none
2025-mexico-city-grand-prix-r,2025,Mexico City Grand Prix,36.0,3108,marshal_light,13,,389.783203125,-1819.6425781250005,-96.50267444624765,3493.750987587528,401381,20,-2433.0,12015.0,-9042.0,1287.0,-2422.0,12001.0,-9027.0,1275.0,True,1155.84,826.32,721.1500000000001,515.1,False,False,none
2025-mexico-city-grand-prix-r,2025,Mexico City Grand Prix,36.0,3109,marshal_light,14,,-599.65625,-497.89147949218795,-2.2542251096553088,3691.289696345792,401381,20,-2433.0,12015.0,-9042.0,1287.0,-2422.0,12001.0,-9027.0,1275.0,True,1155.84,826.32,721.1500000000001,515.1,False,False,none
2025-mexico-city-grand-prix-r,2025,Mexico City Grand Prix,36.0,3110,marshal_light,15,,-1963.53515625,-86.05737304687545,-97.39852208101573,3887.2882673083873,401381,20,-2433.0,12015.0,-9042.0,1287.0,-2422.0,12001.0,-9027.0,1275.0,True,1155.84,826.32,721.1500000000001,515.1,False,False,none
2025-mexico-city-grand-prix-r,2025,Mexico City Grand Prix,36.0,3111,marshal_light,16,,-1921.1708984375,1079.365493774414,-237.92792917336172,4045.5864179762034,401381,20,-2433.0,12015.0,-9042.0,1287.0,-2422.0,12001.0,-9027.0,1275.0,True,1155.84,826.32,721.1500000000001,515.1,False,False,none
2025-mexico-city-grand-prix-r,2025,Mexico City Grand Prix,36.0,3112,marshal_sector,1,,-271.9716796875,1223.0093078613281,82.85352324129298,4238.383745076212,401381,20,-2433.0,12015.0,-9042.0,1287.0,-2422.0,12001.0,-9027.0,1275.0,True,1155.84,826.32,721.1500000000001,515.1,False,False,none
2025-mexico-city-grand-prix-r,2025,Mexico City Grand Prix,36.0,3113,marshal_sector,2,,5051.78564453125,448.75982666015625,-96.3190023162331,526.7896144134718,401381,20,-2433.0,12015.0,-9042.0,1287.0,-2422.0,12001.0,-9027.0,1275.0,True,1155.84,826.32,721.1500000000001,515.1,False,False,none
2025-mexico-city-grand-prix-r,2025,Mexico City Grand Prix,36.0,3114,marshal_sector,3,,9719.0537109375,-136.10192871093705,82.55826012116174,998.5869392896764,401381,20,-2433.0,12015.0,-9042.0,1287.0,-2422.0,12001.0,-9027.0,1275.0,True,1155.84,826.32,721.1500000000001,515.1,False,False,none
2025-mexico-city-grand-prix-r,2025,Mexico City Grand Prix,36.0,3115,marshal_sector,4,,12004.1337890625,-1828.8366699218745,9.297388703907842,1331.6060340191354,401381,20,-2433.0,12015.0,-9042.0,1287.0,-2422.0,12001.0,-9027.0,1275.0,True,1155.84,826.32,721.1500000000001,515.1,False,False,none
2025-mexico-city-grand-prix-r,2025,Mexico City Grand Prix,36.0,3116,marshal_sector,5,,10739.465576171875,-4527.6259765625,-30.931925826884907,1628.4275117236264,401381,20,-2433.0,12015.0,-9042.0,1287.0,-2422.0,12001.0,-9027.0,1275.0,True,1155.84,826.32,721.1500000000001,515.1,False,False,none
2025-mexico-city-grand-prix-r,2025,Mexico City Grand Prix,36.0,3117,marshal_sector,6,,9510.788391113281,-6544.10693359375,-214.44921256661263,1867.3133355697632,401381,20,-2433.0,12015.0,-9042.0,1287.0,-2422.0,12001.0,-9027.0,1275.0,True,1155.84,826.32,721.1500000000001,515.1,False,False,none
2025-mexico-city-grand-prix-r,2025,Mexico City Grand Prix,36.0,3118,marshal_sector,7,,8835.598190307617,-8744.9580078125,-54.957092271516665,2142.3145935850484,401381,20,-2433.0,12015.0,-9042.0,1287.0,-2422.0,12001.0,-9027.0,1275.0,True,1155.84,826.32,721.1500000000001,515.1,False,False,none
2025-mexico-city-grand-prix-r,2025,Mexico City Grand Prix,36.0,3119,marshal_sector,8,,8081.155700683594,-8006.3720703125,-188.48721307697858,2334.6369900863574,401381,20,-2433.0,12015.0,-9042.0,1287.0,-2422.0,12001.0,-9027.0,1275.0,True,1155.84,826.32,721.1500000000001,515.1,False,False,none
2025-mexico-city-grand-prix-r,2025,Mexico City Grand Prix,36.0,3120,marshal_sector,9,,8366.630401611328,-6460.32666015625,-6.641024225978839,2489.3047542356016,401381,20,-2433.0,12015.0,-9042.0,1287.0,-2422.0,12001.0,-9027.0,1275.0,True,1155.84,826.32,721.1500000000001,515.1,False,False,none
2025-mexico-city-grand-prix-r,2025,Mexico City Grand Prix,36.0,3121,marshal_sector,10,,7455.908935546875,-4932.6806640625,34.521747480320116,2682.006244489167,401381,20,-2433.0,12015.0,-9042.0,1287.0,-2422.0,12001.0,-9027.0,1275.0,True,1155.84,826.32,721.1500000000001,515.1,False,False,none
2025-mexico-city-grand-prix-r,2025,Mexico City Grand Prix,36.0,3122,marshal_sector,11,,6219.95361328125,-4126.5791015625,-91.85831050401492,2836.1375087472275,401381,20,-2433.0,12015.0,-9042.0,1287.0,-2422.0,12001.0,-9027.0,1275.0,True,1155.84,826.32,721.1500000000001,515.1,False,False,none
2025-mexico-city-grand-prix-r,2025,Mexico City Grand Prix,36.0,3123,marshal_sector,12,,3740.5986328125,-2399.742919921875,69.71776183056835,3139.299575655143,401381,20,-2433.0,12015.0,-9042.0,1287.0,-2422.0,12001.0,-9027.0,1275.0,True,1155.84,826.32,721.1500000000001,515.1,False,False,none
2025-mexico-city-grand-prix-r,2025,Mexico City Grand Prix,36.0,3124,marshal_sector,13,,498.546875,-1832.0773925781252,-96.47756216429535,3479.0483553589916,401381,20,-2433.0,12015.0,-9042.0,1287.0,-2422.0,12001.0,-9027.0,1275.0,True,1155.84,826.32,721.1500000000001,515.1,False,False,none
2025-mexico-city-grand-prix-r,2025,Mexico City Grand Prix,36.0,3125,marshal_sector,14,,-604.9365234375,-623.830200195313,-2.7027353099514784,3683.6956447552416,401381,20,-2433.0,12015.0,-9042.0,1287.0,-2422.0,12001.0,-9027.0,1275.0,True,1155.84,826.32,721.1500000000001,515.1,False,False,none
2025-mexico-city-grand-prix-r,2025,Mexico City Grand Prix,36.0,3126,marshal_sector,15,,-1819.0029296875,-106.3073120117192,-98.78395942594786,3868.74522669369,401381,20,-2433.0,12015.0,-9042.0,1287.0,-2422.0,12001.0,-9027.0,1275.0,True,1155.84,826.32,721.1500000000001,515.1,False,False,none
2025-mexico-city-grand-prix-r,2025,Mexico City Grand Prix,36.0,3127,marshal_sector,16,,-1974.455078125,1045.6966552734375,-237.60388724027433,4045.5864179762034,401381,20,-2433.0,12015.0,-9042.0,1287.0,-2422.0,12001.0,-9027.0,1275.0,True,1155.84,826.32,721.1500000000001,515.1,False,False,none
2025-s-o-paulo-grand-prix-r,2025,São Paulo Grand Prix,258.0,3187,corner,1,,-2393.436279296875,-8518.955078125,-87.79175741763308,364.4793182610682,372745,20,-4142.0,2407.0,-8519.0,1888.0,-4133.0,2389.0,-8499.0,1877.0,True,523.92,832.5600000000001,326.1,518.8000000000001,False,False,none
2025-s-o-paulo-grand-prix-r,2025,São Paulo Grand Prix,258.0,3188,corner,2,,-1548.525146484375,-8083.34912109375,-94.1689759560868,455.8015365823987,372745,20,-4142.0,2407.0,-8519.0,1888.0,-4133.0,2389.0,-8499.0,1877.0,True,523.92,832.5600000000001,326.1,518.8000000000001,False,False,none
2025-s-o-paulo-grand-prix-r,2025,São Paulo Grand Prix,258.0,3189,corner,3,,225.64907836914062,-8132.4267578125,-58.64512614629921,652.0443731334913,372745,20,-4142.0,2407.0,-8519.0,1888.0,-4133.0,2389.0,-8499.0,1877.0,True,523.92,832.5600000000001,326.1,518.8000000000001,False,False,none
2025-s-o-paulo-grand-prix-r,2025,São Paulo Grand Prix,258.0,3190,corner,4,,2323.666015625,-1064.5079345703125,30.204598325065245,1389.8378301572327,372745,20,-4142.0,2407.0,-8519.0,1888.0,-4133.0,2389.0,-8499.0,1877.0,True,523.92,832.5600000000001,326.1,518.8000000000001,False,False,none
2025-s-o-paulo-grand-prix-r,2025,São Paulo Grand Prix,258.0,3191,corner,5,,821.3036499023438,-714.7282104492188,101.23021811722906,1571.5917182839657,372745,20,-4142.0,2407.0,-8519.0,1888.0,-4133.0,2389.0,-8499.0,1877.0,True,523.92,832.5600000000001,326.1,518.8000000000001,False,False,none
2025-s-o-paulo-grand-prix-r,2025,São Paulo Grand Prix,258.0,3192,corner,6,,-2024.5311279296875,-3964.448486328125,-63.591039489545885,1999.1567435222837,372745,20,-4142.0,2407.0,-8519.0,1888.0,-4133.0,2389.0,-8499.0,1877.0,True,523.92,832.5600000000001,326.1,518.8000000000001,False,False,none
2025-s-o-paulo-grand-prix-r,2025,São Paulo Grand Prix,258.0,3193,corner,7,,-3261.28466796875,-3714.666015625,38.70287788765292,2140.8473653667256,372745,20,-4142.0,2407.0,-8519.0,1888.0,-4133.0,2389.0,-8499.0,1877.0,True,523.92,832.5600000000001,326.1,518.8000000000001,False,False,none
2025-s-o-paulo-grand-prix-r,2025,São Paulo Grand Prix,258.0,3194,corner,8,,-3523.720703125,-2188.38525390625,148.83843695055168,2297.9716355727924,372745,20,-4142.0,2407.0,-8519.0,1888.0,-4133.0,2389.0,-8499.0,1877.0,True,523.92,832.5600000000001,326.1,518.8000000000001,False,False,none
2025-s-o-paulo-grand-prix-r,2025,São Paulo Grand Prix,258.0,3195,corner,9,,-2383.04833984375,-2240.02099609375,-54.666533570246095,2428.387683475824,372745,20,-4142.0,2407.0,-8519.0,1888.0,-4133.0,2389.0,-8499.0,1877.0,True,523.92,832.5600000000001,326.1,518.8000000000001,False,False,none
2025-s-o-paulo-grand-prix-r,2025,São Paulo Grand Prix,258.0,3196,corner,10,,-3075.818115234375,258.4669189453125,118.47024660701335,2711.9238943785695,372745,20,-4142.0,2407.0,-8519.0,1888.0,-4133.0,2389.0,-8499.0,1877.0,True,523.92,832.5600000000001,326.1,518.8000000000001,False,False,none
2025-s-o-paulo-grand-prix-r,2025,São Paulo Grand Prix,258.0,3197,corner,11,,-1368.5802001953125,-706.1390991210938,93.56740821839766,2923.9884439602633,372745,20,-4142.0,2407.0,-8519.0,1888.0,-4133.0,2389.0,-8499.0,1877.0,True,523.92,832.5600000000001,326.1,518.8000000000001,False,False,none
2025-s-o-paulo-grand-prix-r,2025,São Paulo Grand Prix,258.0,3198,corner,12,,140.72178649902344,1484.997314453125,-146.1850849034437,3213.8966234570253,372745,20,-4142.0,2407.0,-8519.0,1888.0,-4133.0,2389.0,-8499.0,1877.0,True,523.92,832.5600000000001,326.1,518.8000000000001,False,False,none
2025-s-o-paulo-grand-prix-r,2025,São Paulo Grand Prix,258.0,3199,corner,13,,-871.7373657226562,1881.447021484375,86.7865108166282,3323.9702897577085,372745,20,-4142.0,2407.0,-8519.0,1888.0,-4133.0,2389.0,-8499.0,1877.0,True,523.92,832.5600000000001,326.1,518.8000000000001,False,False,none
2025-s-o-paulo-grand-prix-r,2025,São Paulo Grand Prix,258.0,3200,corner,14,,-3189.6416015625,938.1722412109375,142.05075362970024,3589.5606989912308,372745,20,-4142.0,2407.0,-8519.0,1888.0,-4133.0,2389.0,-8499.0,1877.0,True,523.92,832.5600000000001,326.1,518.8000000000001,False,False,none
2025-s-o-paulo-grand-prix-r,2025,São Paulo Grand Prix,258.0,3201,corner,15,,-4130.12744140625,-2877.100830078125,1.0861553243590512,3997.7140272797683,372745,20,-4142.0,2407.0,-8519.0,1888.0,-4133.0,2389.0,-8499.0,1877.0,True,523.92,832.5600000000001,326.1,518.8000000000001,False,False,none
2025-s-o-paulo-grand-prix-r,2025,São Paulo Grand Prix,258.0,3202,marshal_light,1,,-3513.533203125,-5897.69189453125,14.989900654937665,70.79882996840489,372745,20,-4142.0,2407.0,-8519.0,1888.0,-4133.0,2389.0,-8499.0,1877.0,True,523.92,832.5600000000001,326.1,518.8000000000001,False,False,none
2025-s-o-paulo-grand-prix-r,2025,São Paulo Grand Prix,258.0,3203,marshal_light,2,,-3020.7861328125,-7688.935546875,17.885841774853386,254.25127414313894,372745,20,-4142.0,2407.0,-8519.0,1888.0,-4133.0,2389.0,-8499.0,1877.0,True,523.92,832.5600000000001,326.1,518.8000000000001,False,False,none
2025-s-o-paulo-grand-prix-r,2025,São Paulo Grand Prix,258.0,3204,marshal_light,3,,-884.359130859375,-8306.0068359375,77.53170409151204,525.7170585672354,372745,20,-4142.0,2407.0,-8519.0,1888.0,-4133.0,2389.0,-8499.0,1877.0,True,523.92,832.5600000000001,326.1,518.8000000000001,False,False,none
2025-s-o-paulo-grand-prix-r,2025,São Paulo Grand Prix,258.0,3205,marshal_light,4,,1179.2137451171875,-6343.1416015625,-14.510851784694168,851.2891050136251,372745,20,-4142.0,2407.0,-8519.0,1888.0,-4133.0,2389.0,-8499.0,1877.0,True,523.92,832.5600000000001,326.1,518.8000000000001,False,False,none
2025-s-o-paulo-grand-prix-r,2025,São Paulo Grand Prix,258.0,3206,marshal_light,5,,2175.48974609375,-2438.557373046875,164.43351735631356,1262.2493670653407,372745,20,-4142.0,2407.0,-8519.0,1888.0,-4133.0,2389.0,-8499.0,1877.0,True,523.92,832.5600000000001,326.1,518.8000000000001,False,False,none
2025-s-o-paulo-grand-prix-r,2025,São Paulo Grand Prix,258.0,3207,marshal_light,6,,586.5047607421875,-802.9554443359375,118.3170399150615,1606.3050967625845,372745,20,-4142.0,2407.0,-8519.0,1888.0,-4133.0,2389.0,-8499.0,1877.0,True,523.92,832.5600000000001,326.1,518.8000000000001,False,False,none
2025-s-o-paulo-grand-prix-r,2025,São Paulo Grand Prix,258.0,3208,marshal_light,7,,-1842.4432373046875,-3840.33544921875,-46.09429772624959,1983.7857674641207,372745,20,-4142.0,2407.0,-8519.0,1888.0,-4133.0,2389.0,-8499.0,1877.0,True,523.92,832.5600000000001,326.1,518.8000000000001,False,False,none
2025-s-o-paulo-grand-prix-r,2025,São Paulo Grand Prix,258.0,3209,marshal_light,8,,-3196.61328125,-3794.0771484375,-133.02169292069613,2137.2985958017866,372745,20,-4142.0,2407.0,-8519.0,1888.0,-4133.0,2389.0,-8499.0,1877.0,True,523.92,832.5600000000001,326.1,518.8000000000001,False,False,none
2025-s-o-paulo-grand-prix-r,2025,São Paulo Grand Prix,258.0,3210,marshal_light,9,,-3363.919677734375,-2051.991943359375,95.56410198823926,2322.972013814567,372745,20,-4142.0,2407.0,-8519.0,1888.0,-4133.0,2389.0,-8499.0,1877.0,True,523.92,832.5600000000001,326.1,518.8000000000001,False,False,none
2025-s-o-paulo-grand-prix-r,2025,São Paulo Grand Prix,258.0,3211,marshal_light,10,,-2256.1591796875,-2103.224609375,-32.779189678733275,2443.4370240406097,372745,20,-4142.0,2407.0,-8519.0,1888.0,-4133.0,2389.0,-8499.0,1877.0,True,523.92,832.5600000000001,326.1,518.8000000000001,False,False,none
2025-s-o-paulo-grand-prix-r,2025,São Paulo Grand Prix,258.0,3212,marshal_light,11,,-3219.958251953125,-203.90296936035156,-170.2502243130712,2653.898510859373,372745,20,-4142.0,2407.0,-8519.0,1888.0,-4133.0,2389.0,-8499.0,1877.0,True,523.92,832.5600000000001,326.1,518.8000000000001,False,False,none
2025-s-o-paulo-grand-prix-r,2025,São Paulo Grand Prix,258.0,3213,marshal_light,12,,-1315.782958984375,-702.9578247070312,-82.66600251611892,2923.9884439602633,372745,20,-4142.0,2407.0,-8519.0,1888.0,-4133.0,2389.0,-8499.0,1877.0,True,523.92,832.5600000000001,326.1,518.8000000000001,False,False,none
2025-s-o-paulo-grand-prix-r,2025,São Paulo Grand Prix,258.0,3214,marshal_light,13,,223.8788299560547,1173.07177734375,2.970486173735785,3185.716575489277,372745,20,-4142.0,2407.0,-8519.0,1888.0,-4133.0,2389.0,-8499.0,1877.0,True,523.92,832.5600000000001,326.1,518.8000000000001,False,False,none
2025-s-o-paulo-grand-prix-r,2025,São Paulo Grand Prix,258.0,3215,marshal_light,14,,-2642.937255859375,1403.71923828125,119.44990582363441,3511.922160170108,372745,20,-4142.0,2407.0,-8519.0,1888.0,-4133.0,2389.0,-8499.0,1877.0,True,523.92,832.5600000000001,326.1,518.8000000000001,False,False,none
2025-s-o-paulo-grand-prix-r,2025,São Paulo Grand Prix,258.0,3216,marshal_light,15,,-3529.318603515625,423.53948974609375,152.23933588167696,3639.9532469855085,372745,20,-4142.0,2407.0,-8519.0,1888.0,-4133.0,2389.0,-8499.0,1877.0,True,523.92,832.5600000000001,326.1,518.8000000000001,False,False,none
2025-s-o-paulo-grand-prix-r,2025,São Paulo Grand Prix,258.0,3217,marshal_light,16,,-4139.001953125,-2688.87109375,-177.98186232008248,3959.052123330543,372745,20,-4142.0,2407.0,-8519.0,1888.0,-4133.0,2389.0,-8499.0,1877.0,True,523.92,832.5600000000001,326.1,518.8000000000001,False,False,none
2025-s-o-paulo-grand-prix-r,2025,São Paulo Grand Prix,258.0,3218,marshal_sector,1,,-3276.97705078125,-6782.3359375,-164.8568807454046,154.80893766174486,372745,20,-4142.0,2407.0,-8519.0,1888.0,-4133.0,2389.0,-8499.0,1877.0,True,523.92,832.5600000000001,326.1,518.8000000000001,False,False,none
2025-s-o-paulo-grand-prix-r,2025,São Paulo Grand Prix,258.0,3219,marshal_sector,2,,-2651.3330078125,-8407.3994140625,-132.34361469861472,341.00582932026356,372745,20,-4142.0,2407.0,-8519.0,1888.0,-4133.0,2389.0,-8499.0,1877.0,True,523.92,832.5600000000001,326.1,518.8000000000001,False,False,none
2025-s-o-paulo-grand-prix-r,2025,São Paulo Grand Prix,258.0,3220,marshal_sector,3,,500.6571350097656,-7922.1572265625,-44.530543175948715,688.7000901405783,372745,20,-4142.0,2407.0,-8519.0,1888.0,-4133.0,2389.0,-8499.0,1877.0,True,523.92,832.5600000000001,326.1,518.8000000000001,False,False,none
2025-s-o-paulo-grand-prix-r,2025,São Paulo Grand Prix,258.0,3221,marshal_sector,4,,1632.8553466796875,-4500.62890625,-14.418035998778507,1050.7790866930616,372745,20,-4142.0,2407.0,-8519.0,1888.0,-4133.0,2389.0,-8499.0,1877.0,True,523.92,832.5600000000001,326.1,518.8000000000001,False,False,none
2025-s-o-paulo-grand-prix-r,2025,São Paulo Grand Prix,258.0,3222,marshal_sector,5,,2404.999755859375,-1478.9852294921875,-5.262778044985944,1347.6677152233754,372745,20,-4142.0,2407.0,-8519.0,1888.0,-4133.0,2389.0,-8499.0,1877.0,True,523.92,832.5600000000001,326.1,518.8000000000001,False,False,none
2025-s-o-paulo-grand-prix-r,2025,São Paulo Grand Prix,258.0,3223,marshal_sector,6,,-580.9830322265625,-2072.304931640625,144.66394363361073,1777.3787473074783,372745,20,-4142.0,2407.0,-8519.0,1888.0,-4133.0,2389.0,-8499.0,1877.0,True,523.92,832.5600000000001,326.1,518.8000000000001,False,False,none
2025-s-o-paulo-grand-prix-r,2025,São Paulo Grand Prix,258.0,3224,marshal_sector,7,,-2553.1953125,-4083.0,-89.85462369931986,2049.0762079292035,372745,20,-4142.0,2407.0,-8519.0,1888.0,-4133.0,2389.0,-8499.0,1877.0,True,523.92,832.5600000000001,326.1,518.8000000000001,False,False,none
2025-s-o-paulo-grand-prix-r,2025,São Paulo Grand Prix,258.0,3225,marshal_sector,8,,-3575.2900390625,-2891.7734375,8.747486616327592,2224.4869699684527,372745,20,-4142.0,2407.0,-8519.0,1888.0,-4133.0,2389.0,-8499.0,1877.0,True,523.92,832.5600000000001,326.1,518.8000000000001,False,False,none
2025-s-o-paulo-grand-prix-r,2025,São Paulo Grand Prix,258.0,3226,marshal_sector,9,,-2938.2197265625,-2183.558349609375,62.10330832255754,2363.9328685362307,372745,20,-4142.0,2407.0,-8519.0,1888.0,-4133.0,2389.0,-8499.0,1877.0,True,523.92,832.5600000000001,326.1,518.8000000000001,False,False,none
2025-s-o-paulo-grand-prix-r,2025,São Paulo Grand Prix,258.0,3227,marshal_sector,10,,-2778.283203125,-1042.8795166015625,39.74060091475101,2571.2020431760184,372745,20,-4142.0,2407.0,-8519.0,1888.0,-4133.0,2389.0,-8499.0,1877.0,True,523.92,832.5600000000001,326.1,518.8000000000001,False,False,none
2025-s-o-paulo-grand-prix-r,2025,São Paulo Grand Prix,258.0,3228,marshal_sector,11,,-2398.62890625,-232.2581329345703,38.49523804336975,2805.0221728632287,372745,20,-4142.0,2407.0,-8519.0,1888.0,-4133.0,2389.0,-8499.0,1877.0,True,523.92,832.5600000000001,326.1,518.8000000000001,False,False,none
2025-s-o-paulo-grand-prix-r,2025,São Paulo Grand Prix,258.0,3229,marshal_sector,12,,-291.5330505371094,172.90664672851562,-30.224369855812522,3077.0222753820017,372745,20,-4142.0,2407.0,-8519.0,1888.0,-4133.0,2389.0,-8499.0,1877.0,True,523.92,832.5600000000001,326.1,518.8000000000001,False,False,none
2025-s-o-paulo-grand-prix-r,2025,São Paulo Grand Prix,258.0,3230,marshal_sector,13,,-529.6640625,1825.896240234375,75.67940781101693,3294.349375692815,372745,20,-4142.0,2407.0,-8519.0,1888.0,-4133.0,2389.0,-8499.0,1877.0,True,523.92,832.5600000000001,326.1,518.8000000000001,False,False,none
2025-s-o-paulo-grand-prix-r,2025,São Paulo Grand Prix,258.0,3231,marshal_sector,14,,-2985.266357421875,1140.078369140625,131.83417036418967,3562.2443984067495,372745,20,-4142.0,2407.0,-8519.0,1888.0,-4133.0,2389.0,-8499.0,1877.0,True,523.92,832.5600000000001,326.1,518.8000000000001,False,False,none
2025-s-o-paulo-grand-prix-r,2025,São Paulo Grand Prix,258.0,3232,marshal_sector,15,,-3896.45654296875,-673.47021484375,167.41186616047253,3771.9672453247636,372745,20,-4142.0,2407.0,-8519.0,1888.0,-4133.0,2389.0,-8499.0,1877.0,True,523.92,832.5600000000001,326.1,518.8000000000001,False,False,none
2025-s-o-paulo-grand-prix-r,2025,São Paulo Grand Prix,258.0,3233,marshal_sector,16,,-3946.688232421875,-4138.7431640625,-168.46791630991962,4118.896446641118,372745,20,-4142.0,2407.0,-8519.0,1888.0,-4133.0,2389.0,-8499.0,1877.0,True,523.92,832.5600000000001,326.1,518.8000000000001,False,False,none
2025-las-vegas-grand-prix-r,2025,Las Vegas Grand Prix,90.0,3128,corner,1,,3781.81005859375,1577.1397705078125,9.795538591920971,286.6907982252235,334193,20,-7734.0,3879.0,-1722.0,17775.0,-7730.0,3851.0,-1713.0,17751.0,True,929.04,1559.76,579.0500000000001,973.2,False,False,none
2025-las-vegas-grand-prix-r,2025,Las Vegas Grand Prix,90.0,3129,corner,2,,3022.856689453125,1971.9615478515625,103.78334152361211,386.4364151400062,334193,20,-7734.0,3879.0,-1722.0,17775.0,-7730.0,3851.0,-1713.0,17751.0,True,929.04,1559.76,579.0500000000001,973.2,False,False,none
2025-las-vegas-grand-prix-r,2025,Las Vegas Grand Prix,90.0,3130,corner,3,,1408.8516845703125,1204.9444580078125,-106.56212302793445,575.1439027683821,334193,20,-7734.0,3879.0,-1722.0,17775.0,-7730.0,3851.0,-1713.0,17751.0,True,929.04,1559.76,579.0500000000001,973.2,False,False,none
2025-las-vegas-grand-prix-r,2025,Las Vegas Grand Prix,90.0,3131,corner,4,,606.34326171875,2040.28369140625,-168.51847408003212,677.8323067655633,334193,20,-7734.0,3879.0,-1722.0,17775.0,-7730.0,3851.0,-1713.0,17751.0,True,929.04,1559.76,579.0500000000001,973.2,False,False,none
2025-las-vegas-grand-prix-r,2025,Las Vegas Grand Prix,90.0,3132,corner,5,,373.9714660644531,10559.6064453125,144.53018155479614,1539.6234263671245,334193,20,-7734.0,3879.0,-1722.0,17775.0,-7730.0,3851.0,-1713.0,17751.0,True,929.04,1559.76,579.0500000000001,973.2,False,False,none
2025-las-vegas-grand-prix-r,2025,Las Vegas Grand Prix,90.0,3133,corner,6,,2913.037841796875,10944.3857421875,-59.42271244888282,1802.4092131471632,334193,20,-7734.0,3879.0,-1722.0,17775.0,-7730.0,3851.0,-1713.0,17751.0,True,929.04,1559.76,579.0500000000001,973.2,False,False,none
2025-las-vegas-grand-prix-r,2025,Las Vegas Grand Prix,90.0,3134,corner,7,,3723.593505859375,12721.671875,231.86084892543946,2024.557194760069,334193,20,-7734.0,3879.0,-1722.0,17775.0,-7730.0,3851.0,-1713.0,17751.0,True,929.04,1559.76,579.0500000000001,973.2,False,False,none
2025-las-vegas-grand-prix-r,2025,Las Vegas Grand Prix,90.0,3135,corner,8,,3312.9931640625,13017.1328125,-162.718651359849,2078.730937566243,334193,20,-7734.0,3879.0,-1722.0,17775.0,-7730.0,3851.0,-1713.0,17751.0,True,929.04,1559.76,579.0500000000001,973.2,False,False,none
2025-las-vegas-grand-prix-r,2025,Las Vegas Grand Prix,90.0,3136,corner,9,,3535.08642578125,14199.03125,37.76413095008628,2216.809975340387,334193,20,-7734.0,3879.0,-1722.0,17775.0,-7730.0,3851.0,-1713.0,17751.0,True,929.04,1559.76,579.0500000000001,973.2,False,False,none
2025-las-vegas-grand-prix-r,2025,Las Vegas Grand Prix,90.0,3137,corner,10,,-1211.2879638671875,14780.541015625,49.88141020779947,2678.0476296161314,334193,20,-7734.0,3879.0,-1722.0,17775.0,-7730.0,3851.0,-1713.0,17751.0,True,929.04,1559.76,579.0500000000001,973.2,False,False,none
2025-las-vegas-grand-prix-r,2025,Las Vegas Grand Prix,90.0,3138,corner,11,,-2607.49462890625,16991.494140625,44.758308983178864,2962.946182725545,334193,20,-7734.0,3879.0,-1722.0,17775.0,-7730.0,3851.0,-1713.0,17751.0,True,929.04,1559.76,579.0500000000001,973.2,False,False,none
2025-las-vegas-grand-prix-r,2025,Las Vegas Grand Prix,90.0,3139,corner,12,,-4689.17822265625,17710.146484375,131.49571970573285,3189.7253181921706,334193,20,-7734.0,3879.0,-1722.0,17775.0,-7730.0,3851.0,-1713.0,17751.0,True,929.04,1559.76,579.0500000000001,973.2,False,False,none
2025-las-vegas-grand-prix-r,2025,Las Vegas Grand Prix,90.0,3140,corner,13,,-7525.62548828125,10705.1474609375,170.29968572912696,3940.8008093589888,334193,20,-7734.0,3879.0,-1722.0,17775.0,-7730.0,3851.0,-1713.0,17751.0,True,929.04,1559.76,579.0500000000001,973.2,False,False,none
2025-las-vegas-grand-prix-r,2025,Las Vegas Grand Prix,90.0,3141,corner,14,,-7645.392578125,-1030.9439697265625,-150.92660663222276,5122.17691048698,334193,20,-7734.0,3879.0,-1722.0,17775.0,-7730.0,3851.0,-1713.0,17751.0,True,929.04,1559.76,579.0500000000001,973.2,False,False,none
2025-las-vegas-grand-prix-r,2025,Las Vegas Grand Prix,90.0,3142,corner,15,,-7145.8369140625,-1305.7738037109375,72.87141108251528,5180.287806921294,334193,20,-7734.0,3879.0,-1722.0,17775.0,-7730.0,3851.0,-1713.0,17751.0,True,929.04,1559.76,579.0500000000001,973.2,False,False,none
2025-las-vegas-grand-prix-r,2025,Las Vegas Grand Prix,90.0,3143,corner,16,,-6660.0048828125,-1639.4146728515625,-114.84690558811663,5245.143443326017,334193,20,-7734.0,3879.0,-1722.0,17775.0,-7730.0,3851.0,-1713.0,17751.0,True,929.04,1559.76,579.0500000000001,973.2,False,False,none
2025-las-vegas-grand-prix-r,2025,Las Vegas Grand Prix,90.0,3144,corner,17,,837.0077514648438,-1526.464599609375,-74.71852292472812,5981.34060712875,334193,20,-7734.0,3879.0,-1722.0,17775.0,-7730.0,3851.0,-1713.0,17751.0,True,929.04,1559.76,579.0500000000001,973.2,False,False,none
2025-las-vegas-grand-prix-r,2025,Las Vegas Grand Prix,90.0,3145,marshal_light,1,,2170.451416015625,-498.19146728515625,-40.809866011905704,33.53566252267448,334193,20,-7734.0,3879.0,-1722.0,17775.0,-7730.0,3851.0,-1713.0,17751.0,True,929.04,1559.76,579.0500000000001,973.2,False,False,none
2025-las-vegas-grand-prix-r,2025,Las Vegas Grand Prix,90.0,3146,marshal_light,2,,3637.528076171875,1142.32421875,-40.28604280432781,240.41851429184962,334193,20,-7734.0,3879.0,-1722.0,17775.0,-7730.0,3851.0,-1713.0,17751.0,True,929.04,1559.76,579.0500000000001,973.2,False,False,none
2025-las-vegas-grand-prix-r,2025,Las Vegas Grand Prix,90.0,3147,marshal_light,3,,2288.37890625,1474.5975341796875,134.37318277276728,463.35969061157124,334193,20,-7734.0,3879.0,-1722.0,17775.0,-7730.0,3851.0,-1713.0,17751.0,True,929.04,1559.76,579.0500000000001,973.2,False,False,none
2025-las-vegas-grand-prix-r,2025,Las Vegas Grand Prix,90.0,3148,marshal_light,4,,525.3460693359375,2731.80908203125,-176.08562849873968,760.9994989594508,334193,20,-7734.0,3879.0,-1722.0,17775.0,-7730.0,3851.0,-1713.0,17751.0,True,929.04,1559.76,579.0500000000001,973.2,False,False,none
2025-las-vegas-grand-prix-r,2025,Las Vegas Grand Prix,90.0,3149,marshal_light,5,,362.932373046875,6553.287109375,-178.19990732991778,1143.7123270374843,334193,20,-7734.0,3879.0,-1722.0,17775.0,-7730.0,3851.0,-1713.0,17751.0,True,929.04,1559.76,579.0500000000001,973.2,False,False,none
2025-las-vegas-grand-prix-r,2025,Las Vegas Grand Prix,90.0,3150,marshal_light,6,,278.3964538574219,8968.9423828125,-178.02448058017782,1374.509848797375,334193,20,-7734.0,3879.0,-1722.0,17775.0,-7730.0,3851.0,-1713.0,17751.0,True,929.04,1559.76,579.0500000000001,973.2,False,False,none
2025-las-vegas-grand-prix-r,2025,Las Vegas Grand Prix,90.0,3151,marshal_light,7,,2160.585693359375,10718.447265625,-86.32650706238081,1690.2004333804346,334193,20,-7734.0,3879.0,-1722.0,17775.0,-7730.0,3851.0,-1713.0,17751.0,True,929.04,1559.76,579.0500000000001,973.2,False,False,none
2025-las-vegas-grand-prix-r,2025,Las Vegas Grand Prix,90.0,3152,marshal_light,8,,3419.946044921875,11336.4482421875,-40.2751529884268,1855.8586406738377,334193,20,-7734.0,3879.0,-1722.0,17775.0,-7730.0,3851.0,-1713.0,17751.0,True,929.04,1559.76,579.0500000000001,973.2,False,False,none
2025-las-vegas-grand-prix-r,2025,Las Vegas Grand Prix,90.0,3153,marshal_light,9,,3873.167236328125,12284.0654296875,-2.901559216684129,1971.8897088864103,334193,20,-7734.0,3879.0,-1722.0,17775.0,-7730.0,3851.0,-1713.0,17751.0,True,929.04,1559.76,579.0500000000001,973.2,False,False,none
2025-las-vegas-grand-prix-r,2025,Las Vegas Grand Prix,90.0,3154,marshal_light,10,,3544.18798828125,13674.658203125,-25.59003753939847,2152.2506831789374,334193,20,-7734.0,3879.0,-1722.0,17775.0,-7730.0,3851.0,-1713.0,17751.0,True,929.04,1559.76,579.0500000000001,973.2,False,False,none
2025-las-vegas-grand-prix-r,2025,Las Vegas Grand Prix,90.0,3155,marshal_light,11,,941.9408569335938,14259.900390625,-89.48449181267685,2464.4289109195747,334193,20,-7734.0,3879.0,-1722.0,17775.0,-7730.0,3851.0,-1713.0,17751.0,True,929.04,1559.76,579.0500000000001,973.2,False,False,none
2025-las-vegas-grand-prix-r,2025,Las Vegas Grand Prix,90.0,3156,marshal_light,12,,-1008.0191040039062,14635.5791015625,-122.75107448071277,2661.795529316933,334193,20,-7734.0,3879.0,-1722.0,17775.0,-7730.0,3851.0,-1713.0,17751.0,True,929.04,1559.76,579.0500000000001,973.2,False,False,none
2025-las-vegas-grand-prix-r,2025,Las Vegas Grand Prix,90.0,3157,marshal_light,13,,-2149.925048828125,16319.982421875,-154.88031821417533,2896.4532858684584,334193,20,-7734.0,3879.0,-1722.0,17775.0,-7730.0,3851.0,-1713.0,17751.0,True,929.04,1559.76,579.0500000000001,973.2,False,False,none
2025-las-vegas-grand-prix-r,2025,Las Vegas Grand Prix,90.0,3158,marshal_light,14,,-3963.857421875,17679.73046875,78.35401414272992,3117.4028784122147,334193,20,-7734.0,3879.0,-1722.0,17775.0,-7730.0,3851.0,-1713.0,17751.0,True,929.04,1559.76,579.0500000000001,973.2,False,False,none
2025-las-vegas-grand-prix-r,2025,Las Vegas Grand Prix,90.0,3159,marshal_light,15,,-6011.673828125,15061.046875,151.8933801039824,3489.51390997875,334193,20,-7734.0,3879.0,-1722.0,17775.0,-7730.0,3851.0,-1713.0,17751.0,True,929.04,1559.76,579.0500000000001,973.2,False,False,none
2025-las-vegas-grand-prix-r,2025,Las Vegas Grand Prix,90.0,3160,marshal_light,16,,-7382.4404296875,11435.9853515625,167.24354070338583,3874.6340345822837,334193,20,-7734.0,3879.0,-1722.0,17775.0,-7730.0,3851.0,-1713.0,17751.0,True,929.04,1559.76,579.0500000000001,973.2,False,False,none
2025-las-vegas-grand-prix-r,2025,Las Vegas Grand Prix,90.0,3161,marshal_light,17,,-7685.04931640625,6648.99560546875,-179.55953245823292,4348.922659197541,334193,20,-7734.0,3879.0,-1722.0,17775.0,-7730.0,3851.0,-1713.0,17751.0,True,929.04,1559.76,579.0500000000001,973.2,False,False,none
2025-las-vegas-grand-prix-r,2025,Las Vegas Grand Prix,90.0,3162,marshal_light,18,,-7729.53759765625,-102.36975860595703,179.5013735065142,5019.922807547017,334193,20,-7734.0,3879.0,-1722.0,17775.0,-7730.0,3851.0,-1713.0,17751.0,True,929.04,1559.76,579.0500000000001,973.2,False,False,none
2025-las-vegas-grand-prix-r,2025,Las Vegas Grand Prix,90.0,3163,marshal_light,19,,-6010.6982421875,-1716.936279296875,-91.8323625879009,5302.266035439467,334193,20,-7734.0,3879.0,-1722.0,17775.0,-7730.0,3851.0,-1713.0,17751.0,True,929.04,1559.76,579.0500000000001,973.2,False,False,none
2025-las-vegas-grand-prix-r,2025,Las Vegas Grand Prix,90.0,3164,marshal_light,20,,-3042.03564453125,-1647.2232666015625,-88.8726085743229,5598.921487611585,334193,20,-7734.0,3879.0,-1722.0,17775.0,-7730.0,3851.0,-1713.0,17751.0,True,929.04,1559.76,579.0500000000001,973.2,False,False,none
2025-las-vegas-grand-prix-r,2025,Las Vegas Grand Prix,90.0,3165,marshal_light,21,,-130.40028381347656,-1629.53076171875,-87.52194851405109,5853.722433501261,334193,20,-7734.0,3879.0,-1722.0,17775.0,-7730.0,3851.0,-1713.0,17751.0,True,929.04,1559.76,579.0500000000001,973.2,False,False,none
2025-las-vegas-grand-prix-r,2025,Las Vegas Grand Prix,90.0,3166,marshal_sector,1,,2105.0,-575.0,-53.88973694653808,13.909174686428031,334193,20,-7734.0,3879.0,-1722.0,17775.0,-7730.0,3851.0,-1713.0,17751.0,True,929.04,1559.76,579.0500000000001,973.2,False,False,none
2025-las-vegas-grand-prix-r,2025,Las Vegas Grand Prix,90.0,3167,marshal_sector,2,,3631.311767578125,1134.9945068359375,-40.39718162823321,240.41851429184962,334193,20,-7734.0,3879.0,-1722.0,17775.0,-7730.0,3851.0,-1713.0,17751.0,True,929.04,1559.76,579.0500000000001,973.2,False,False,none
2025-las-vegas-grand-prix-r,2025,Las Vegas Grand Prix,90.0,3168,marshal_sector,3,,2376.83447265625,1562.83447265625,135.1540794500617,463.35969061157124,334193,20,-7734.0,3879.0,-1722.0,17775.0,-7730.0,3851.0,-1713.0,17751.0,True,929.04,1559.76,579.0500000000001,973.2,False,False,none
2025-las-vegas-grand-prix-r,2025,Las Vegas Grand Prix,90.0,3169,marshal_sector,4,,525.9853515625,2722.219482421875,-175.72764238378375,760.9994989594508,334193,20,-7734.0,3879.0,-1722.0,17775.0,-7730.0,3851.0,-1713.0,17751.0,True,929.04,1559.76,579.0500000000001,973.2,False,False,none
2025-las-vegas-grand-prix-r,2025,Las Vegas Grand Prix,90.0,3170,marshal_sector,5,,363.26483154296875,6543.6826171875,2.0784368825258728,1143.7123270374843,334193,20,-7734.0,3879.0,-1722.0,17775.0,-7730.0,3851.0,-1713.0,17751.0,True,929.04,1559.76,579.0500000000001,973.2,False,False,none
2025-las-vegas-grand-prix-r,2025,Las Vegas Grand Prix,90.0,3171,marshal_sector,6,,278.86376953125,8954.5341796875,1.3564849460282873,1374.509848797375,334193,20,-7734.0,3879.0,-1722.0,17775.0,-7730.0,3851.0,-1713.0,17751.0,True,929.04,1559.76,579.0500000000001,973.2,False,False,none
2025-las-vegas-grand-prix-r,2025,Las Vegas Grand Prix,90.0,3172,marshal_sector,7,,2227.708251953125,10723.009765625,-86.59202509546824,1769.8286647151165,334193,20,-7734.0,3879.0,-1722.0,17775.0,-7730.0,3851.0,-1713.0,17751.0,True,929.04,1559.76,579.0500000000001,973.2,False,False,none
2025-las-vegas-grand-prix-r,2025,Las Vegas Grand Prix,90.0,3173,marshal_sector,8,,3416.841552734375,11332.7861328125,-41.55644423549975,1855.8586406738377,334193,20,-7734.0,3879.0,-1722.0,17775.0,-7730.0,3851.0,-1713.0,17751.0,True,929.04,1559.76,579.0500000000001,973.2,False,False,none
2025-las-vegas-grand-prix-r,2025,Las Vegas Grand Prix,90.0,3174,marshal_sector,9,,3874.780517578125,12384.880859375,3.9134751650686463,1984.3365042401313,334193,20,-7734.0,3879.0,-1722.0,17775.0,-7730.0,3851.0,-1713.0,17751.0,True,929.04,1559.76,579.0500000000001,973.2,False,False,none
2025-las-vegas-grand-prix-r,2025,Las Vegas Grand Prix,90.0,3175,marshal_sector,10,,3583.927490234375,13767.30078125,-20.112220232081114,2164.4943339264314,334193,20,-7734.0,3879.0,-1722.0,17775.0,-7730.0,3851.0,-1713.0,17751.0,True,929.04,1559.76,579.0500000000001,973.2,False,False,none
2025-las-vegas-grand-prix-r,2025,Las Vegas Grand Prix,90.0,3176,marshal_sector,11,,975.5769653320312,14259.7646484375,89.32408861816836,2464.4289109195747,334193,20,-7734.0,3879.0,-1722.0,17775.0,-7730.0,3851.0,-1713.0,17751.0,True,929.04,1559.76,579.0500000000001,973.2,False,False,none
2025-las-vegas-grand-prix-r,2025,Las Vegas Grand Prix,90.0,3177,marshal_sector,12,,-1052.5064697265625,14664.130859375,57.24469131411103,2678.0476296161314,334193,20,-7734.0,3879.0,-1722.0,17775.0,-7730.0,3851.0,-1713.0,17751.0,True,929.04,1559.76,579.0500000000001,973.2,False,False,none
2025-las-vegas-grand-prix-r,2025,Las Vegas Grand Prix,90.0,3178,marshal_sector,13,,-2141.796142578125,16302.5634765625,24.994864142897264,2896.4532858684584,334193,20,-7734.0,3879.0,-1722.0,17775.0,-7730.0,3851.0,-1713.0,17751.0,True,929.04,1559.76,579.0500000000001,973.2,False,False,none
2025-las-vegas-grand-prix-r,2025,Las Vegas Grand Prix,90.0,3179,marshal_sector,14,,-4020.37060546875,17691.203125,78.47401779242108,3117.4028784122147,334193,20,-7734.0,3879.0,-1722.0,17775.0,-7730.0,3851.0,-1713.0,17751.0,True,929.04,1559.76,579.0500000000001,973.2,False,False,none
2025-las-vegas-grand-prix-r,2025,Las Vegas Grand Prix,90.0,3180,marshal_sector,15,,-5935.29541015625,15205.4814453125,152.09748919128776,3468.4815653012147,334193,20,-7734.0,3879.0,-1722.0,17775.0,-7730.0,3851.0,-1713.0,17751.0,True,929.04,1559.76,579.0500000000001,973.2,False,False,none
2025-las-vegas-grand-prix-r,2025,Las Vegas Grand Prix,90.0,3181,marshal_sector,16,,-7350.95703125,11571.7333984375,-13.816605945080607,3853.2904994154187,334193,20,-7734.0,3879.0,-1722.0,17775.0,-7730.0,3851.0,-1713.0,17751.0,True,929.04,1559.76,579.0500000000001,973.2,False,False,none
2025-las-vegas-grand-prix-r,2025,Las Vegas Grand Prix,90.0,3182,marshal_sector,17,,-7684.97021484375,6639.38671875,0.4286819905909052,4348.922659197541,334193,20,-7734.0,3879.0,-1722.0,17775.0,-7730.0,3851.0,-1713.0,17751.0,True,929.04,1559.76,579.0500000000001,973.2,False,False,none
2025-las-vegas-grand-prix-r,2025,Las Vegas Grand Prix,90.0,3183,marshal_sector,18,,-7731.185546875,-232.10301208496094,-0.8902923239979749,5041.970038992398,334193,20,-7734.0,3879.0,-1722.0,17775.0,-7730.0,3851.0,-1713.0,17751.0,True,929.04,1559.76,579.0500000000001,973.2,False,False,none
2025-las-vegas-grand-prix-r,2025,Las Vegas Grand Prix,90.0,3184,marshal_sector,19,,-6149.96484375,-1711.929443359375,-92.06727927431243,5291.194748581975,334193,20,-7734.0,3879.0,-1722.0,17775.0,-7730.0,3851.0,-1713.0,17751.0,True,929.04,1559.76,579.0500000000001,973.2,False,False,none
2025-las-vegas-grand-prix-r,2025,Las Vegas Grand Prix,90.0,3185,marshal_sector,20,,-3046.839599609375,-1647.3109130859375,-89.09182943421345,5598.921487611585,334193,20,-7734.0,3879.0,-1722.0,17775.0,-7730.0,3851.0,-1713.0,17751.0,True,929.04,1559.76,579.0500000000001,973.2,False,False,none
2025-las-vegas-grand-prix-r,2025,Las Vegas Grand Prix,90.0,3186,marshal_sector,21,,-96.79737091064453,-1628.02294921875,-87.13128175590674,5853.722433501261,334193,20,-7734.0,3879.0,-1722.0,17775.0,-7730.0,3851.0,-1713.0,17751.0,True,929.04,1559.76,579.0500000000001,973.2,False,False,none
2025-qatar-grand-prix-r,2025,Qatar Grand Prix,61.0,3234,corner,1,,-4102.06103515625,5867.05322265625,-64.58557840889351,789.4751881885218,365582,20,-4472.0,8051.0,-4618.0,10057.0,-4444.0,7996.0,-4590.0,10019.0,True,1001.84,1174.0,622.0,730.45,False,False,none
2025-qatar-grand-prix-r,2025,Qatar Grand Prix,61.0,3235,corner,2,,-1498.0576171875,5023.38720703125,125.69052737981303,1086.6322372392501,365582,20,-4472.0,8051.0,-4618.0,10057.0,-4444.0,7996.0,-4590.0,10019.0,True,1001.84,1174.0,622.0,730.45,False,False,none
2025-qatar-grand-prix-r,2025,Qatar Grand Prix,61.0,3236,corner,3,,-1169.0216064453125,7151.10546875,-19.71812858827954,1294.0359631590454,365582,20,-4472.0,8051.0,-4618.0,10057.0,-4444.0,7996.0,-4590.0,10019.0,True,1001.84,1174.0,622.0,730.45,False,False,none
2025-qatar-grand-prix-r,2025,Qatar Grand Prix,61.0,3237,corner,4,,1700.86083984375,10042.0947265625,-98.58410801377623,1726.476207855,365582,20,-4472.0,8051.0,-4618.0,10057.0,-4444.0,7996.0,-4590.0,10019.0,True,1001.84,1174.0,622.0,730.45,False,False,none
2025-qatar-grand-prix-r,2025,Qatar Grand Prix,61.0,3238,corner,5,,2741.896728515625,8983.0322265625,-174.5257195157703,1879.8564786185393,365582,20,-4472.0,8051.0,-4618.0,10057.0,-4444.0,7996.0,-4590.0,10019.0,True,1001.84,1174.0,622.0,730.45,False,False,none
2025-qatar-grand-prix-r,2025,Qatar Grand Prix,61.0,3239,corner,6,,1329.40283203125,6525.28759765625,68.36502672094214,2187.524463831848,365582,20,-4472.0,8051.0,-4618.0,10057.0,-4444.0,7996.0,-4590.0,10019.0,True,1001.84,1174.0,622.0,730.45,False,False,none
2025-qatar-grand-prix-r,2025,Qatar Grand Prix,61.0,3240,corner,7,,4931.5595703125,7220.83154296875,-151.39251577200127,2582.735341663069,365582,20,-4472.0,8051.0,-4618.0,10057.0,-4444.0,7996.0,-4590.0,10019.0,True,1001.84,1174.0,622.0,730.45,False,False,none
2025-qatar-grand-prix-r,2025,Qatar Grand Prix,61.0,3241,corner,8,,4091.14208984375,5631.65576171875,-29.172323438973425,2777.2983240865656,365582,20,-4472.0,8051.0,-4618.0,10057.0,-4444.0,7996.0,-4590.0,10019.0,True,1001.84,1174.0,622.0,730.45,False,False,none
2025-qatar-grand-prix-r,2025,Qatar Grand Prix,61.0,3242,corner,9,,3637.8564453125,4513.4716796875,147.94255193426767,2891.230463544273,365582,20,-4472.0,8051.0,-4618.0,10057.0,-4444.0,7996.0,-4590.0,10019.0,True,1001.84,1174.0,622.0,730.45,False,False,none
2025-qatar-grand-prix-r,2025,Qatar Grand Prix,61.0,3243,corner,10,,1632.4962158203125,3576.8994140625,-18.224830106039786,3137.88778828377,365582,20,-4472.0,8051.0,-4618.0,10057.0,-4444.0,7996.0,-4590.0,10019.0,True,1001.84,1174.0,622.0,730.45,False,False,none
2025-qatar-grand-prix-r,2025,Qatar Grand Prix,61.0,3244,corner,11,,3995.45068359375,1980.9371337890625,-91.63734544672403,3462.93428371531,365582,20,-4472.0,8051.0,-4618.0,10057.0,-4444.0,7996.0,-4590.0,10019.0,True,1001.84,1174.0,622.0,730.45,False,False,none
2025-qatar-grand-prix-r,2025,Qatar Grand Prix,61.0,3245,corner,12,,7034.22900390625,2124.40966796875,-113.3319080016265,3758.34953072014,365582,20,-4472.0,8051.0,-4618.0,10057.0,-4444.0,7996.0,-4590.0,10019.0,True,1001.84,1174.0,622.0,730.45,False,False,none
2025-qatar-grand-prix-r,2025,Qatar Grand Prix,61.0,3246,corner,13,,8044.39306640625,485.46246337890625,175.85083242802085,3950.942366367534,365582,20,-4472.0,8051.0,-4618.0,10057.0,-4444.0,7996.0,-4590.0,10019.0,True,1001.84,1174.0,622.0,730.45,False,False,none
2025-qatar-grand-prix-r,2025,Qatar Grand Prix,61.0,3247,corner,14,,6947.80908203125,-1163.4581298828125,110.81396046187567,4163.8709066966685,365582,20,-4472.0,8051.0,-4618.0,10057.0,-4444.0,7996.0,-4590.0,10019.0,True,1001.84,1174.0,622.0,730.45,False,False,none
2025-qatar-grand-prix-r,2025,Qatar Grand Prix,61.0,3248,corner,15,,4053.34375,-775.6227416992188,-81.45270358793942,4457.715376039274,365582,20,-4472.0,8051.0,-4618.0,10057.0,-4444.0,7996.0,-4590.0,10019.0,True,1001.84,1174.0,622.0,730.45,False,False,none
2025-qatar-grand-prix-r,2025,Qatar Grand Prix,61.0,3249,corner,16,,1474.8946533203125,-4596.61767578125,101.85221257440253,4935.095161203806,365582,20,-4472.0,8051.0,-4618.0,10057.0,-4444.0,7996.0,-4590.0,10019.0,True,1001.84,1174.0,622.0,730.45,False,False,none
2025-qatar-grand-prix-r,2025,Qatar Grand Prix,61.0,3250,marshal_light,1,,-920.7018432617188,-1312.6893310546875,-150.94589729031327,5361.213018614558,365582,20,-4472.0,8051.0,-4618.0,10057.0,-4444.0,7996.0,-4590.0,10019.0,True,1001.84,1174.0,622.0,730.45,False,False,none
2025-qatar-grand-prix-r,2025,Qatar Grand Prix,61.0,3251,marshal_light,2,,-2367.84228515625,1301.0687255859375,-150.05193478573847,279.30646923972296,365582,20,-4472.0,8051.0,-4618.0,10057.0,-4444.0,7996.0,-4590.0,10019.0,True,1001.84,1174.0,622.0,730.45,False,False,none
2025-qatar-grand-prix-r,2025,Qatar Grand Prix,61.0,3252,marshal_light,3,,-3867.540771484375,3923.80517578125,-149.40812639901253,572.7152997029584,365582,20,-4472.0,8051.0,-4618.0,10057.0,-4444.0,7996.0,-4590.0,10019.0,True,1001.84,1174.0,622.0,730.45,False,False,none
2025-qatar-grand-prix-r,2025,Qatar Grand Prix,61.0,3253,marshal_light,4,,-2340.470947265625,5096.5126953125,-122.32050977732932,995.7307934528832,365582,20,-4472.0,8051.0,-4618.0,10057.0,-4444.0,7996.0,-4590.0,10019.0,True,1001.84,1174.0,622.0,730.45,False,False,none
2025-qatar-grand-prix-r,2025,Qatar Grand Prix,61.0,3254,marshal_light,5,,-1234.2515869140625,6300.90576171875,1.04115617919933,1219.1069774443324,365582,20,-4472.0,8051.0,-4618.0,10057.0,-4444.0,7996.0,-4590.0,10019.0,True,1001.84,1174.0,622.0,730.45,False,False,none
2025-qatar-grand-prix-r,2025,Qatar Grand Prix,61.0,3255,marshal_light,6,,612.09228515625,9309.3818359375,-41.523288308012305,1570.9737504278805,365582,20,-4472.0,8051.0,-4618.0,10057.0,-4444.0,7996.0,-4590.0,10019.0,True,1001.84,1174.0,622.0,730.45,False,False,none
2025-qatar-grand-prix-r,2025,Qatar Grand Prix,61.0,3256,marshal_light,7,,2604.77197265625,9363.5732421875,-147.74778539960502,1841.4498224446656,365582,20,-4472.0,8051.0,-4618.0,10057.0,-4444.0,7996.0,-4590.0,10019.0,True,1001.84,1174.0,622.0,730.45,False,False,none
2025-qatar-grand-prix-r,2025,Qatar Grand Prix,61.0,3257,marshal_light,8,,2142.598876953125,8042.51318359375,-45.690439331619906,1998.1489538060148,365582,20,-4472.0,8051.0,-4618.0,10057.0,-4444.0,7996.0,-4590.0,10019.0,True,1001.84,1174.0,622.0,730.45,False,False,none
2025-qatar-grand-prix-r,2025,Qatar Grand Prix,61.0,3258,marshal_light,9,,3595.105224609375,7352.49853515625,113.17300849804465,2429.7679722037437,365582,20,-4472.0,8051.0,-4618.0,10057.0,-4444.0,7996.0,-4590.0,10019.0,True,1001.84,1174.0,622.0,730.45,False,False,none
2025-qatar-grand-prix-r,2025,Qatar Grand Prix,61.0,3259,marshal_light,10,,4472.62548828125,6184.6826171875,-40.79031367154362,2717.8330674449962,365582,20,-4472.0,8051.0,-4618.0,10057.0,-4444.0,7996.0,-4590.0,10019.0,True,1001.84,1174.0,622.0,730.45,False,False,none
2025-qatar-grand-prix-r,2025,Qatar Grand Prix,61.0,3260,marshal_light,11,,3430.3505859375,4307.72900390625,-53.81479488964268,2935.0853431535247,365582,20,-4472.0,8051.0,-4618.0,10057.0,-4444.0,7996.0,-4590.0,10019.0,True,1001.84,1174.0,622.0,730.45,False,False,none
2025-qatar-grand-prix-r,2025,Qatar Grand Prix,61.0,3261,marshal_light,12,,2437.6875,4031.375,99.6279215290563,3041.3244898567827,365582,20,-4472.0,8051.0,-4618.0,10057.0,-4444.0,7996.0,-4590.0,10019.0,True,1001.84,1174.0,622.0,730.45,False,False,none
2025-qatar-grand-prix-r,2025,Qatar Grand Prix,61.0,3262,marshal_light,13,,3070.247314453125,2161.7255859375,69.51573713793915,3337.9524295361766,365582,20,-4472.0,8051.0,-4618.0,10057.0,-4444.0,7996.0,-4590.0,10019.0,True,1001.84,1174.0,622.0,730.45,False,False,none
2025-qatar-grand-prix-r,2025,Qatar Grand Prix,61.0,3263,marshal_light,14,,6167.416015625,2183.771484375,99.29620043373477,3659.320505805329,365582,20,-4472.0,8051.0,-4618.0,10057.0,-4444.0,7996.0,-4590.0,10019.0,True,1001.84,1174.0,622.0,730.45,False,False,none
2025-qatar-grand-prix-r,2025,Qatar Grand Prix,61.0,3264,marshal_light,15,,7991.72119140625,853.6884155273438,-159.26850436742242,3931.8954770411915,365582,20,-4472.0,8051.0,-4618.0,10057.0,-4444.0,7996.0,-4590.0,10019.0,True,1001.84,1174.0,622.0,730.45,False,False,none
2025-qatar-grand-prix-r,2025,Qatar Grand Prix,61.0,3265,marshal_light,16,,6735.96337890625,-1213.4229736328125,92.89854617822394,4183.050577964846,365582,20,-4472.0,8051.0,-4618.0,10057.0,-4444.0,7996.0,-4590.0,10019.0,True,1001.84,1174.0,622.0,730.45,False,False,none
2025-qatar-grand-prix-r,2025,Qatar Grand Prix,61.0,3266,marshal_light,17,,4931.50634765625,-880.245849609375,78.02223384866156,4366.402434813755,365582,20,-4472.0,8051.0,-4618.0,10057.0,-4444.0,7996.0,-4590.0,10019.0,True,1001.84,1174.0,622.0,730.45,False,False,none
2025-qatar-grand-prix-r,2025,Qatar Grand Prix,61.0,3267,marshal_light,18,,2898.05517578125,-2346.29931640625,-24.627912493138364,4651.927568481223,365582,20,-4472.0,8051.0,-4618.0,10057.0,-4444.0,7996.0,-4590.0,10019.0,True,1001.84,1174.0,622.0,730.45,False,False,none
2025-qatar-grand-prix-r,2025,Qatar Grand Prix,61.0,3268,marshal_light,19,,2034.46044921875,-4045.21044921875,150.77352294053432,4850.806020954569,365582,20,-4472.0,8051.0,-4618.0,10057.0,-4444.0,7996.0,-4590.0,10019.0,True,1001.84,1174.0,622.0,730.45,False,False,none
2025-qatar-grand-prix-r,2025,Qatar Grand Prix,61.0,3269,marshal_light,20,,-481.4034118652344,-2113.20361328125,-151.20034588539718,5270.310704140241,365582,20,-4472.0,8051.0,-4618.0,10057.0,-4444.0,7996.0,-4590.0,10019.0,True,1001.84,1174.0,622.0,730.45,False,False,none
2025-qatar-grand-prix-r,2025,Qatar Grand Prix,61.0,3270,marshal_sector,1,,-1539.60302734375,-193.15521240234375,-150.8095154444566,85.0832359346579,365582,20,-4472.0,8051.0,-4618.0,10057.0,-4444.0,7996.0,-4590.0,10019.0,True,1001.84,1174.0,622.0,730.45,False,False,none
2025-qatar-grand-prix-r,2025,Qatar Grand Prix,61.0,3271,marshal_sector,2,,-2993.576904296875,2402.29931640625,-150.39311306687375,377.54502690236075,365582,20,-4472.0,8051.0,-4618.0,10057.0,-4444.0,7996.0,-4590.0,10019.0,True,1001.84,1174.0,622.0,730.45,False,False,none
2025-qatar-grand-prix-r,2025,Qatar Grand Prix,61.0,3272,marshal_sector,3,,-4291.74462890625,5736.96044921875,134.52088704817612,774.6507333322978,365582,20,-4472.0,8051.0,-4618.0,10057.0,-4444.0,7996.0,-4590.0,10019.0,True,1001.84,1174.0,622.0,730.45,False,False,none
2025-qatar-grand-prix-r,2025,Qatar Grand Prix,61.0,3273,marshal_sector,4,,-1494.6334228515625,5025.83349609375,-54.3045959086161,1086.6322372392501,365582,20,-4472.0,8051.0,-4618.0,10057.0,-4444.0,7996.0,-4590.0,10019.0,True,1001.84,1174.0,622.0,730.45,False,False,none
2025-qatar-grand-prix-r,2025,Qatar Grand Prix,61.0,3274,marshal_sector,5,,-937.94970703125,7568.890625,144.06910120037023,1365.4743691946596,365582,20,-4472.0,8051.0,-4618.0,10057.0,-4444.0,7996.0,-4590.0,10019.0,True,1001.84,1174.0,622.0,730.45,False,False,none
2025-qatar-grand-prix-r,2025,Qatar Grand Prix,61.0,3275,marshal_sector,6,,1520.6221923828125,10049.826171875,96.89648866862203,1704.14752845829,365582,20,-4472.0,8051.0,-4618.0,10057.0,-4444.0,7996.0,-4590.0,10019.0,True,1001.84,1174.0,622.0,730.45,False,False,none
2025-qatar-grand-prix-r,2025,Qatar Grand Prix,61.0,3276,marshal_sector,7,,2746.638916015625,8815.123046875,-10.875032646924975,1891.5679386249435,365582,20,-4472.0,8051.0,-4618.0,10057.0,-4444.0,7996.0,-4590.0,10019.0,True,1001.84,1174.0,622.0,730.45,False,False,none
2025-qatar-grand-prix-r,2025,Qatar Grand Prix,61.0,3277,marshal_sector,8,,1248.556640625,6569.34130859375,-125.59440774436864,2179.0569113689094,365582,20,-4472.0,8051.0,-4618.0,10057.0,-4444.0,7996.0,-4590.0,10019.0,True,1001.84,1174.0,622.0,730.45,False,False,none
2025-qatar-grand-prix-r,2025,Qatar Grand Prix,61.0,3278,marshal_sector,9,,4913.49951171875,7254.119140625,28.256550290161847,2582.735341663069,365582,20,-4472.0,8051.0,-4618.0,10057.0,-4444.0,7996.0,-4590.0,10019.0,True,1001.84,1174.0,622.0,730.45,False,False,none
2025-qatar-grand-prix-r,2025,Qatar Grand Prix,61.0,3279,marshal_sector,10,,3924.00048828125,5268.94482421875,159.0831682288529,2821.8780620667453,365582,20,-4472.0,8051.0,-4618.0,10057.0,-4444.0,7996.0,-4590.0,10019.0,True,1001.84,1174.0,622.0,730.45,False,False,none
2025-qatar-grand-prix-r,2025,Qatar Grand Prix,61.0,3280,marshal_sector,11,,2842.920654296875,4107.5517578125,103.50929561733474,2981.608168942199,365582,20,-4472.0,8051.0,-4618.0,10057.0,-4444.0,7996.0,-4590.0,10019.0,True,1001.84,1174.0,622.0,730.45,False,False,none
2025-qatar-grand-prix-r,2025,Qatar Grand Prix,61.0,3281,marshal_sector,12,,1769.5673828125,3043.3369140625,-140.8639726558111,3195.9517947318027,365582,20,-4472.0,8051.0,-4618.0,10057.0,-4444.0,7996.0,-4590.0,10019.0,True,1001.84,1174.0,622.0,730.45,False,False,none
2025-qatar-grand-prix-r,2025,Qatar Grand Prix,61.0,3282,marshal_sector,13,,4235.27001953125,1978.7838134765625,91.61344714256828,3476.537037496833,365582,20,-4472.0,8051.0,-4618.0,10057.0,-4444.0,7996.0,-4590.0,10019.0,True,1001.84,1174.0,622.0,730.45,False,False,none
2025-qatar-grand-prix-r,2025,Qatar Grand Prix,61.0,3283,marshal_sector,14,,7343.98388671875,1924.6749267578125,49.12604182380441,3804.8583447363612,365582,20,-4472.0,8051.0,-4618.0,10057.0,-4444.0,7996.0,-4590.0,10019.0,True,1001.84,1174.0,622.0,730.45,False,False,none
2025-qatar-grand-prix-r,2025,Qatar Grand Prix,61.0,3284,marshal_sector,15,,7737.6845703125,-238.20664978027344,-33.62893181900595,4033.6003503491665,365582,20,-4472.0,8051.0,-4618.0,10057.0,-4444.0,7996.0,-4590.0,10019.0,True,1001.84,1174.0,622.0,730.45,False,False,none
2025-qatar-grand-prix-r,2025,Qatar Grand Prix,61.0,3285,marshal_sector,16,,5708.70458984375,-1048.6849365234375,-103.34889949658947,4299.675284846263,365582,20,-4472.0,8051.0,-4618.0,10057.0,-4444.0,7996.0,-4590.0,10019.0,True,1001.84,1174.0,622.0,730.45,False,False,none
2025-qatar-grand-prix-r,2025,Qatar Grand Prix,61.0,3286,marshal_sector,17,,3404.820068359375,-1297.31005859375,148.2927484435959,4546.837547389197,365582,20,-4472.0,8051.0,-4618.0,10057.0,-4444.0,7996.0,-4590.0,10019.0,True,1001.84,1174.0,622.0,730.45,False,False,none
2025-qatar-grand-prix-r,2025,Qatar Grand Prix,61.0,3287,marshal_sector,18,,2388.526123046875,-3380.426513671875,-27.130389616532604,4761.503672644706,365582,20,-4472.0,8051.0,-4618.0,10057.0,-4444.0,7996.0,-4590.0,10019.0,True,1001.84,1174.0,622.0,730.45,False,False,none
2025-qatar-grand-prix-r,2025,Qatar Grand Prix,61.0,3288,marshal_sector,19,,1012.7401733398438,-4540.85546875,-119.35173307485572,4990.2548772795935,365582,20,-4472.0,8051.0,-4618.0,10057.0,-4444.0,7996.0,-4590.0,10019.0,True,1001.84,1174.0,622.0,730.45,False,False,none
2025-qatar-grand-prix-r,2025,Qatar Grand Prix,61.0,3289,marshal_sector,20,,-391.48455810546875,-2275.049560546875,-151.51387739507305,5252.312933022136,365582,20,-4472.0,8051.0,-4618.0,10057.0,-4444.0,7996.0,-4590.0,10019.0,True,1001.84,1174.0,622.0,730.45,False,False,none
2025-abu-dhabi-grand-prix-r,2025,Abu Dhabi Grand Prix,280.0,3290,corner,1,,4294.859375,2690.7177734375,-35.34059995597422,384.8305268078474,394965,20,-2198.0,5803.0,-5348.0,11779.0,-2185.0,5766.0,-5301.0,11746.0,True,640.08,1370.16,397.55,852.35,False,False,none
2025-abu-dhabi-grand-prix-r,2025,Abu Dhabi Grand Prix,280.0,3291,corner,2,,3848.351318359375,4987.57080078125,42.198163677223626,628.8122592943937,394965,20,-2198.0,5803.0,-5348.0,11779.0,-2185.0,5766.0,-5301.0,11746.0,True,640.08,1370.16,397.55,852.35,False,False,none
2025-abu-dhabi-grand-prix-r,2025,Abu Dhabi Grand Prix,280.0,3292,corner,3,,2206.551025390625,6155.1201171875,-163.16933202306825,838.0081621668488,394965,20,-2198.0,5803.0,-5348.0,11779.0,-2185.0,5766.0,-5301.0,11746.0,True,640.08,1370.16,397.55,852.35,False,False,none
2025-abu-dhabi-grand-prix-r,2025,Abu Dhabi Grand Prix,280.0,3293,corner,4,,2378.65625,8052.80517578125,-8.298533240027417,1038.6107375910658,394965,20,-2198.0,5803.0,-5348.0,11779.0,-2185.0,5766.0,-5301.0,11746.0,True,640.08,1370.16,397.55,852.35,False,False,none
2025-abu-dhabi-grand-prix-r,2025,Abu Dhabi Grand Prix,280.0,3294,corner,5,,1839.3582763671875,11771.70703125,84.3268470749317,1426.3102111512987,394965,20,-2198.0,5803.0,-5348.0,11779.0,-2185.0,5766.0,-5301.0,11746.0,True,640.08,1370.16,397.55,852.35,False,False,none
2025-abu-dhabi-grand-prix-r,2025,Abu Dhabi Grand Prix,280.0,3295,corner,6,,-2150.159423828125,655.3110961914062,-148.9880374353488,2615.3679083464885,394965,20,-2198.0,5803.0,-5348.0,11779.0,-2185.0,5766.0,-5301.0,11746.0,True,640.08,1370.16,397.55,852.35,False,False,none
2025-abu-dhabi-grand-prix-r,2025,Abu Dhabi Grand Prix,280.0,3296,corner,7,,-1583.4920654296875,587.163330078125,46.32093034464459,2678.4301488783353,394965,20,-2198.0,5803.0,-5348.0,11779.0,-2185.0,5766.0,-5301.0,11746.0,True,640.08,1370.16,397.55,852.35,False,False,none
2025-abu-dhabi-grand-prix-r,2025,Abu Dhabi Grand Prix,280.0,3297,corner,8,,-823.9918823242188,-1256.985107421875,-144.58842947351582,2887.605555442825,394965,20,-2198.0,5803.0,-5348.0,11779.0,-2185.0,5766.0,-5301.0,11746.0,True,640.08,1370.16,397.55,852.35,False,False,none
2025-abu-dhabi-grand-prix-r,2025,Abu Dhabi Grand Prix,280.0,3298,corner,9,,5774.8056640625,-4917.8369140625,-21.95820525980746,3699.026373825844,394965,20,-2198.0,5803.0,-5348.0,11779.0,-2185.0,5766.0,-5301.0,11746.0,True,640.08,1370.16,397.55,852.35,False,False,none
2025-abu-dhabi-grand-prix-r,2025,Abu Dhabi Grand Prix,280.0,3299,corner,10,,3125.7744140625,-3602.140380859375,82.8907618378775,4025.73728868247,394965,20,-2198.0,5803.0,-5348.0,11779.0,-2185.0,5766.0,-5301.0,11746.0,True,640.08,1370.16,397.55,852.35,False,False,none
2025-abu-dhabi-grand-prix-r,2025,Abu Dhabi Grand Prix,280.0,3300,corner,11,,1799.5865478515625,-2781.958251953125,34.85988973910911,4182.459295430556,394965,20,-2198.0,5803.0,-5348.0,11779.0,-2185.0,5766.0,-5301.0,11746.0,True,640.08,1370.16,397.55,852.35,False,False,none
2025-abu-dhabi-grand-prix-r,2025,Abu Dhabi Grand Prix,280.0,3301,corner,12,,1634.6038818359375,-1529.775146484375,149.6450958742448,4307.179126179124,394965,20,-2198.0,5803.0,-5348.0,11779.0,-2185.0,5766.0,-5301.0,11746.0,True,640.08,1370.16,397.55,852.35,False,False,none
2025-abu-dhabi-grand-prix-r,2025,Abu Dhabi Grand Prix,280.0,3302,corner,13,,2619.7744140625,-1222.7818603515625,-41.8112415231557,4414.783438639763,394965,20,-2198.0,5803.0,-5348.0,11779.0,-2185.0,5766.0,-5301.0,11746.0,True,640.08,1370.16,397.55,852.35,False,False,none
2025-abu-dhabi-grand-prix-r,2025,Abu Dhabi Grand Prix,280.0,3303,corner,14,,2523.817138671875,-131.88153076171875,54.746030923061184,4534.654882650533,394965,20,-2198.0,5803.0,-5348.0,11779.0,-2185.0,5766.0,-5301.0,11746.0,True,640.08,1370.16,397.55,852.35,False,False,none
2025-abu-dhabi-grand-prix-r,2025,Abu Dhabi Grand Prix,280.0,3304,corner,15,,-79.35454559326172,-206.44224548339844,-112.58216166384628,4813.64169785674,394965,20,-2198.0,5803.0,-5348.0,11779.0,-2185.0,5766.0,-5301.0,11746.0,True,640.08,1370.16,397.55,852.35,False,False,none
2025-abu-dhabi-grand-prix-r,2025,Abu Dhabi Grand Prix,280.0,3305,corner,16,,-1076.555908203125,1716.3370361328125,-23.292456563401426,5040.393816920459,394965,20,-2198.0,5803.0,-5348.0,11779.0,-2185.0,5766.0,-5301.0,11746.0,True,640.08,1370.16,397.55,852.35,False,False,none
2025-abu-dhabi-grand-prix-r,2025,Abu Dhabi Grand Prix,280.0,3306,marshal_light,1,,508.0,2070.0,105.9465868758545,5201.143617699228,394965,20,-2198.0,5803.0,-5348.0,11779.0,-2185.0,5766.0,-5301.0,11746.0,True,640.08,1370.16,397.55,852.35,False,False,none
2025-abu-dhabi-grand-prix-r,2025,Abu Dhabi Grand Prix,280.0,3307,marshal_light,2,,3850.91064453125,2467.16162109375,-77.32307552440716,339.7153610793418,394965,20,-2198.0,5803.0,-5348.0,11779.0,-2185.0,5766.0,-5301.0,11746.0,True,640.08,1370.16,397.55,852.35,False,False,none
2025-abu-dhabi-grand-prix-r,2025,Abu Dhabi Grand Prix,280.0,3308,marshal_light,3,,4162.91650390625,4321.48583984375,17.67213560052842,552.5503161286836,394965,20,-2198.0,5803.0,-5348.0,11779.0,-2185.0,5766.0,-5301.0,11746.0,True,640.08,1370.16,397.55,852.35,False,False,none
2025-abu-dhabi-grand-prix-r,2025,Abu Dhabi Grand Prix,280.0,3309,marshal_light,4,,2288.220458984375,5977.6826171875,-146.13317767725354,820.0228744995989,394965,20,-2198.0,5803.0,-5348.0,11779.0,-2185.0,5766.0,-5301.0,11746.0,True,640.08,1370.16,397.55,852.35,False,False,none
2025-abu-dhabi-grand-prix-r,2025,Abu Dhabi Grand Prix,280.0,3310,marshal_light,5,,2422.0,8572.283203125,-0.0035039052274659496,1076.5771963632724,394965,20,-2198.0,5803.0,-5348.0,11779.0,-2185.0,5766.0,-5301.0,11746.0,True,640.08,1370.16,397.55,852.35,False,False,none
2025-abu-dhabi-grand-prix-r,2025,Abu Dhabi Grand Prix,280.0,3311,marshal_light,6,,2350.34521484375,10290.4951171875,4.043321781932097,1257.1133076572041,394965,20,-2198.0,5803.0,-5348.0,11779.0,-2185.0,5766.0,-5301.0,11746.0,True,640.08,1370.16,397.55,852.35,False,False,none
2025-abu-dhabi-grand-prix-r,2025,Abu Dhabi Grand Prix,280.0,3312,marshal_light,7,,982.343505859375,9856.71875,-19.85215901436417,1650.6771108384123,394965,20,-2198.0,5803.0,-5348.0,11779.0,-2185.0,5766.0,-5301.0,11746.0,True,640.08,1370.16,397.55,852.35,False,False,none
2025-abu-dhabi-grand-prix-r,2025,Abu Dhabi Grand Prix,280.0,3313,marshal_light,8,,-1111.8233642578125,4083.1376953125,-20.34936537050872,2255.156525188763,394965,20,-2198.0,5803.0,-5348.0,11779.0,-2185.0,5766.0,-5301.0,11746.0,True,640.08,1370.16,397.55,852.35,False,False,none
2025-abu-dhabi-grand-prix-r,2025,Abu Dhabi Grand Prix,280.0,3314,marshal_light,9,,-2180.9599609375,788.1787719726562,-177.6864679638744,2600.626771736164,394965,20,-2198.0,5803.0,-5348.0,11779.0,-2185.0,5766.0,-5301.0,11746.0,True,640.08,1370.16,397.55,852.35,False,False,none
2025-abu-dhabi-grand-prix-r,2025,Abu Dhabi Grand Prix,280.0,3315,marshal_light,10,,-1073.21484375,-846.0064697265625,-153.06362874950142,2828.920036164675,394965,20,-2198.0,5803.0,-5348.0,11779.0,-2185.0,5766.0,-5301.0,11746.0,True,640.08,1370.16,397.55,852.35,False,False,none
2025-abu-dhabi-grand-prix-r,2025,Abu Dhabi Grand Prix,280.0,3316,marshal_light,11,,1570.271484375,-3451.5185546875,49.397424235393814,3204.7871307678183,394965,20,-2198.0,5803.0,-5348.0,11779.0,-2185.0,5766.0,-5301.0,11746.0,True,640.08,1370.16,397.55,852.35,False,False,none
2025-abu-dhabi-grand-prix-r,2025,Abu Dhabi Grand Prix,280.0,3317,marshal_light,12,,4948.5751953125,-5313.15869140625,-108.23199787184699,3587.0076998838977,394965,20,-2198.0,5803.0,-5348.0,11779.0,-2185.0,5766.0,-5301.0,11746.0,True,640.08,1370.16,397.55,852.35,False,False,none
2025-abu-dhabi-grand-prix-r,2025,Abu Dhabi Grand Prix,280.0,3318,marshal_light,13,,5797.97119140625,-4648.47314453125,7.454412845098083,3726.3697541470365,394965,20,-2198.0,5803.0,-5348.0,11779.0,-2185.0,5766.0,-5301.0,11746.0,True,640.08,1370.16,397.55,852.35,False,False,none
2025-abu-dhabi-grand-prix-r,2025,Abu Dhabi Grand Prix,280.0,3319,marshal_light,14,,3864.6865234375,-3666.5625,-94.09823064492997,3939.975215461329,394965,20,-2198.0,5803.0,-5348.0,11779.0,-2185.0,5766.0,-5301.0,11746.0,True,640.08,1370.16,397.55,852.35,False,False,none
2025-abu-dhabi-grand-prix-r,2025,Abu Dhabi Grand Prix,280.0,3320,marshal_light,15,,1995.1651611328125,-3004.547119140625,47.2211269646823,4144.812472205187,394965,20,-2198.0,5803.0,-5348.0,11779.0,-2185.0,5766.0,-5301.0,11746.0,True,640.08,1370.16,397.55,852.35,False,False,none
2025-abu-dhabi-grand-prix-r,2025,Abu Dhabi Grand Prix,280.0,3321,marshal_light,16,,1572.7369384765625,-1829.962890625,175.66599114084735,4274.546081743273,394965,20,-2198.0,5803.0,-5348.0,11779.0,-2185.0,5766.0,-5301.0,11746.0,True,640.08,1370.16,397.55,852.35,False,False,none
2025-abu-dhabi-grand-prix-r,2025,Abu Dhabi Grand Prix,280.0,3322,marshal_light,17,,2359.68896484375,-1402.2191162109375,-64.45496375919383,4405.15534165704,394965,20,-2198.0,5803.0,-5348.0,11779.0,-2185.0,5766.0,-5301.0,11746.0,True,640.08,1370.16,397.55,852.35,False,False,none
2025-abu-dhabi-grand-prix-r,2025,Abu Dhabi Grand Prix,280.0,3323,marshal_light,18,,2707.052734375,-331.44757080078125,24.72720590427788,4511.23954991468,394965,20,-2198.0,5803.0,-5348.0,11779.0,-2185.0,5766.0,-5301.0,11746.0,True,640.08,1370.16,397.55,852.35,False,False,none
2025-abu-dhabi-grand-prix-r,2025,Abu Dhabi Grand Prix,280.0,3324,marshal_light,19,,-158.16213989257812,-173.08328247070312,-115.9418606961085,4813.64169785674,394965,20,-2198.0,5803.0,-5348.0,11779.0,-2185.0,5766.0,-5301.0,11746.0,True,640.08,1370.16,397.55,852.35,False,False,none
2025-abu-dhabi-grand-prix-r,2025,Abu Dhabi Grand Prix,280.0,3325,marshal_light,20,,-843.3074340820312,1920.2293701171875,108.82666933494568,5074.994944152561,394965,20,-2198.0,5803.0,-5348.0,11779.0,-2185.0,5766.0,-5301.0,11746.0,True,640.08,1370.16,397.55,852.35,False,False,none
2025-abu-dhabi-grand-prix-r,2025,Abu Dhabi Grand Prix,280.0,3326,marshal_sector,1,,107.8277359008789,2040.8763427734375,93.32782649624107,5169.835863534532,394965,20,-2198.0,5803.0,-5348.0,11779.0,-2185.0,5766.0,-5301.0,11746.0,True,640.08,1370.16,397.55,852.35,False,False,none
2025-abu-dhabi-grand-prix-r,2025,Abu Dhabi Grand Prix,280.0,3327,marshal_sector,2,,3718.310546875,2444.718505859375,-80.51024299328618,325.22935975489804,394965,20,-2198.0,5803.0,-5348.0,11779.0,-2185.0,5766.0,-5301.0,11746.0,True,640.08,1370.16,397.55,852.35,False,False,none
2025-abu-dhabi-grand-prix-r,2025,Abu Dhabi Grand Prix,280.0,3328,marshal_sector,3,,4080.13427734375,4560.22900390625,20.205899393918074,577.4172296804501,394965,20,-2198.0,5803.0,-5348.0,11779.0,-2185.0,5766.0,-5301.0,11746.0,True,640.08,1370.16,397.55,852.35,False,False,none
2025-abu-dhabi-grand-prix-r,2025,Abu Dhabi Grand Prix,280.0,3329,marshal_sector,4,,2260.44140625,6032.0029296875,-155.35066420956008,820.0228744995989,394965,20,-2198.0,5803.0,-5348.0,11779.0,-2185.0,5766.0,-5301.0,11746.0,True,640.08,1370.16,397.55,852.35,False,False,none
2025-abu-dhabi-grand-prix-r,2025,Abu Dhabi Grand Prix,280.0,3330,marshal_sector,5,,2421.333984375,8678.2578125,0.46705655444131267,1102.0661639908838,394965,20,-2198.0,5803.0,-5348.0,11779.0,-2185.0,5766.0,-5301.0,11746.0,True,640.08,1370.16,397.55,852.35,False,False,none
2025-abu-dhabi-grand-prix-r,2025,Abu Dhabi Grand Prix,280.0,3331,marshal_sector,6,,2342.714599609375,10400.283203125,4.917705971710963,1281.3208508030248,394965,20,-2198.0,5803.0,-5348.0,11779.0,-2185.0,5766.0,-5301.0,11746.0,True,640.08,1370.16,397.55,852.35,False,False,none
2025-abu-dhabi-grand-prix-r,2025,Abu Dhabi Grand Prix,280.0,3332,marshal_sector,7,,1043.8790283203125,10029.51171875,-18.865468515017426,1639.8779958743962,394965,20,-2198.0,5803.0,-5348.0,11779.0,-2185.0,5766.0,-5301.0,11746.0,True,640.08,1370.16,397.55,852.35,False,False,none
2025-abu-dhabi-grand-prix-r,2025,Abu Dhabi Grand Prix,280.0,3333,marshal_sector,8,,-1120.4107666015625,4060.23779296875,-20.682051649654444,2255.156525188763,394965,20,-2198.0,5803.0,-5348.0,11779.0,-2185.0,5766.0,-5301.0,11746.0,True,640.08,1370.16,397.55,852.35,False,False,none
2025-abu-dhabi-grand-prix-r,2025,Abu Dhabi Grand Prix,280.0,3334,marshal_sector,9,,-2173.114990234375,865.1953735351562,171.94691431873622,2594.713531045198,394965,20,-2198.0,5803.0,-5348.0,11779.0,-2185.0,5766.0,-5301.0,11746.0,True,640.08,1370.16,397.55,852.35,False,False,none
2025-abu-dhabi-grand-prix-r,2025,Abu Dhabi Grand Prix,280.0,3335,marshal_sector,10,,-996.51416015625,-985.2239990234375,-150.98946193103532,2851.0317584403324,394965,20,-2198.0,5803.0,-5348.0,11779.0,-2185.0,5766.0,-5301.0,11746.0,True,640.08,1370.16,397.55,852.35,False,False,none
2025-abu-dhabi-grand-prix-r,2025,Abu Dhabi Grand Prix,280.0,3336,marshal_sector,11,,1342.531005859375,-3260.01708984375,50.33254425474671,3185.317313958255,394965,20,-2198.0,5803.0,-5348.0,11779.0,-2185.0,5766.0,-5301.0,11746.0,True,640.08,1370.16,397.55,852.35,False,False,none
2025-abu-dhabi-grand-prix-r,2025,Abu Dhabi Grand Prix,280.0,3337,marshal_sector,12,,4976.08154296875,-5320.73681640625,-105.53367881005079,3597.464648914227,394965,20,-2198.0,5803.0,-5348.0,11779.0,-2185.0,5766.0,-5301.0,11746.0,True,640.08,1370.16,397.55,852.35,False,False,none
2025-abu-dhabi-grand-prix-r,2025,Abu Dhabi Grand Prix,280.0,3338,marshal_sector,13,,5764.9345703125,-4505.83203125,21.25340377337729,3736.442700183388,394965,20,-2198.0,5803.0,-5348.0,11779.0,-2185.0,5766.0,-5301.0,11746.0,True,640.08,1370.16,397.55,852.35,False,False,none
2025-abu-dhabi-grand-prix-r,2025,Abu Dhabi Grand Prix,280.0,3339,marshal_sector,14,,3279.622314453125,-3619.72021484375,-95.16956191407613,4007.822228271969,394965,20,-2198.0,5803.0,-5348.0,11779.0,-2185.0,5766.0,-5301.0,11746.0,True,640.08,1370.16,397.55,852.35,False,False,none
2025-abu-dhabi-grand-prix-r,2025,Abu Dhabi Grand Prix,280.0,3340,marshal_sector,15,,1944.285400390625,-2957.534912109375,45.427638704892935,4144.812472205187,394965,20,-2198.0,5803.0,-5348.0,11779.0,-2185.0,5766.0,-5301.0,11746.0,True,640.08,1370.16,397.55,852.35,False,False,none
2025-abu-dhabi-grand-prix-r,2025,Abu Dhabi Grand Prix,280.0,3341,marshal_sector,16,,1608.1097412109375,-1584.6343994140625,163.13849512702728,4299.542212535889,394965,20,-2198.0,5803.0,-5348.0,11779.0,-2185.0,5766.0,-5301.0,11746.0,True,640.08,1370.16,397.55,852.35,False,False,none
2025-abu-dhabi-grand-prix-r,2025,Abu Dhabi Grand Prix,280.0,3342,marshal_sector,17,,2558.96484375,-1277.0,-50.125286319969064,4405.15534165704,394965,20,-2198.0,5803.0,-5348.0,11779.0,-2185.0,5766.0,-5301.0,11746.0,True,640.08,1370.16,397.55,852.35,False,False,none
2025-abu-dhabi-grand-prix-r,2025,Abu Dhabi Grand Prix,280.0,3343,marshal_sector,18,,2638.668701171875,-235.48936462402344,44.40564981798112,4519.254635255577,394965,20,-2198.0,5803.0,-5348.0,11779.0,-2185.0,5766.0,-5301.0,11746.0,True,640.08,1370.16,397.55,852.35,False,False,none
2025-abu-dhabi-grand-prix-r,2025,Abu Dhabi Grand Prix,280.0,3344,marshal_sector,19,,11.863082885742188,-241.5784454345703,-105.99467751046738,4798.265670336073,394965,20,-2198.0,5803.0,-5348.0,11779.0,-2185.0,5766.0,-5301.0,11746.0,True,640.08,1370.16,397.55,852.35,False,False,none
2025-abu-dhabi-grand-prix-r,2025,Abu Dhabi Grand Prix,280.0,3345,marshal_sector,20,,-1031.5025634765625,1798.063720703125,146.63205465962196,5046.0418127498415,394965,20,-2198.0,5803.0,-5348.0,11779.0,-2185.0,5766.0,-5301.0,11746.0,True,640.08,1370.16,397.55,852.35,False,False,none
