race_control_message_id,session_id,year,event_name,message_time_utc,session_time_ms,category,message,status,flag,scope,sector,racing_number,driver_code,lap_number,taxonomy,normalized_message,missing_session_time,missing_lap_scope,missing_driver_scope,is_driver_scoped,is_lap_scoped
3106,2025-australian-grand-prix-r,2025,Australian Grand Prix,2025-03-16 04:00:59+00:00,59000.0,Flag,DOUBLE YELLOW IN TRACK SECTOR 2,,DOUBLE YELLOW,Sector,2.0,,,1,flags,double yellow in track sector #,False,False,True,False,True
3107,2025-australian-grand-prix-r,2025,Australian Grand Prix,2025-03-16 04:02:17+00:00,137000.0,Other,ABORTED START,,,,,,,1,other,aborted start,False,False,True,False,True
3108,2025-australian-grand-prix-r,2025,Australian Grand Prix,2025-03-16 04:04:15+00:00,255000.0,Other,FORMATION LAP WILL START AT 15:15,,,,,,,1,other,formation lap will start at #:#,False,False,True,False,True
3109,2025-australian-grand-prix-r,2025,Australian Grand Prix,2025-03-16 04:05:17+00:00,317000.0,Flag,CLEAR IN TRACK SECTOR 2,,CLEAR,Sector,2.0,,,1,flags,clear in track sector #,False,False,True,False,True
3110,2025-australian-grand-prix-r,2025,Australian Grand Prix,2025-03-16 04:18:23+00:00,1103000.0,Flag,GREEN LIGHT - PIT EXIT OPEN,,GREEN,Track,,,,1,pit_entry_exit,green light - pit exit open,False,False,True,False,True
3111,2025-australian-grand-prix-r,2025,Australian Grand Prix,2025-03-16 04:19:27+00:00,1167000.0,Flag,DOUBLE YELLOW IN TRACK SECTOR 8,,DOUBLE YELLOW,Sector,8.0,,,1,flags,double yellow in track sector #,False,False,True,False,True
3112,2025-australian-grand-prix-r,2025,Australian Grand Prix,2025-03-16 04:19:31+00:00,1171000.0,SafetyCar,SAFETY CAR DEPLOYED,DEPLOYED,,,,,,1,safety_car,safety car deployed,False,False,True,False,True
3113,2025-australian-grand-prix-r,2025,Australian Grand Prix,2025-03-16 04:20:18+00:00,1218000.0,Flag,DOUBLE YELLOW IN TRACK SECTOR 8,,DOUBLE YELLOW,Sector,8.0,,,1,flags,double yellow in track sector #,False,False,True,False,True
3114,2025-australian-grand-prix-r,2025,Australian Grand Prix,2025-03-16 04:20:58+00:00,1258000.0,Flag,DOUBLE YELLOW IN TRACK SECTOR 20,,DOUBLE YELLOW,Sector,20.0,,,2,flags,double yellow in track sector #,False,False,True,False,True
3115,2025-australian-grand-prix-r,2025,Australian Grand Prix,2025-03-16 04:21:22+00:00,1282000.0,SafetyCar,SAFETY CAR THROUGH THE PIT LANE,THROUGH THE PIT LANE,,,,,,2,safety_car,safety car through the pit lane,False,False,True,False,True
3116,2025-australian-grand-prix-r,2025,Australian Grand Prix,2025-03-16 04:24:24+00:00,1464000.0,Other,RECOVERY VEHICLE ON TRACK AT TURN 14,,,,,,,3,other,recovery vehicle on track at turn #,False,False,True,False,True
3117,2025-australian-grand-prix-r,2025,Australian Grand Prix,2025-03-16 04:26:13+00:00,1573000.0,Other,RECOVERY VEHICLE ON TRACK BEFORE TURN 6,,,,,,,4,other,recovery vehicle on track before turn #,False,False,True,False,True
3118,2025-australian-grand-prix-r,2025,Australian Grand Prix,2025-03-16 04:30:00+00:00,1800000.0,Other,SAFETY CAR WILL USE START/FINISH STRAIGHT,,,,,,,5,safety_car,safety car will use start/finish straight,False,False,True,False,True
3119,2025-australian-grand-prix-r,2025,Australian Grand Prix,2025-03-16 04:30:05+00:00,1805000.0,Flag,CLEAR IN TRACK SECTOR 20,,CLEAR,Sector,20.0,,,5,flags,clear in track sector #,False,False,True,False,True
3120,2025-australian-grand-prix-r,2025,Australian Grand Prix,2025-03-16 04:30:31+00:00,1831000.0,Flag,CLEAR IN TRACK SECTOR 8,,CLEAR,Sector,8.0,,,5,flags,clear in track sector #,False,False,True,False,True
3121,2025-australian-grand-prix-r,2025,Australian Grand Prix,2025-03-16 04:33:54+00:00,2034000.0,SafetyCar,SAFETY CAR IN THIS LAP,IN THIS LAP,,,,,,7,safety_car,safety car in this lap,False,False,True,False,True
3122,2025-australian-grand-prix-r,2025,Australian Grand Prix,2025-03-16 04:35:12+00:00,2112000.0,Flag,TRACK CLEAR,,CLEAR,Track,,,,7,flags,track clear,False,False,True,False,True
3123,2025-australian-grand-prix-r,2025,Australian Grand Prix,2025-03-16 04:36:21+00:00,2181000.0,Other,INCIDENT INVOLVING CAR 14 (ALO) NOTED - SAFETY CAR INFRINGEMENT,,,,,,,8,safety_car,incident involving car # (alo) noted - safety car infringement,False,False,True,False,True
3124,2025-australian-grand-prix-r,2025,Australian Grand Prix,2025-03-16 04:37:35+00:00,2255000.0,Other,INCIDENT INVOLVING CAR 22 (TSU) NOTED - SAFETY CAR INFRINGEMENT,,,,,,,9,safety_car,incident involving car # (tsu) noted - safety car infringement,False,False,True,False,True
3125,2025-australian-grand-prix-r,2025,Australian Grand Prix,2025-03-16 04:37:41+00:00,2261000.0,Other,FIA STEWARDS: INCIDENT INVOLVING CAR 14 (ALO) UNDER INVESTIGATION - SAFETY CAR INFRINGEMENT,,,,,,,9,safety_car,fia stewards: incident involving car # (alo) under investigation - safety car infringement,False,False,True,False,True
3126,2025-australian-grand-prix-r,2025,Australian Grand Prix,2025-03-16 04:38:41+00:00,2321000.0,Other,FIA STEWARDS: INCIDENT INVOLVING CAR 22 (TSU) UNDER INVESTIGATION - SAFETY CAR INFRINGEMENT,,,,,,,10,safety_car,fia stewards: incident involving car # (tsu) under investigation - safety car infringement,False,False,True,False,True
3127,2025-australian-grand-prix-r,2025,Australian Grand Prix,2025-03-16 04:42:06+00:00,2526000.0,Drs,DRS ENABLED,ENABLED,,,,,,12,drs,drs enabled,False,False,True,False,True
3128,2025-australian-grand-prix-r,2025,Australian Grand Prix,2025-03-16 04:50:42+00:00,3042000.0,Other,CAR 12 (ANT) TIME 1:37.326 DELETED - TRACK LIMITS AT TURN 4 LAP 16 15:48:48,,,,,,,17,other,car # (ant) time #:#.# deleted - track limits at turn # lap # #:#:#,False,False,True,False,True
3129,2025-australian-grand-prix-r,2025,Australian Grand Prix,2025-03-16 04:51:05+00:00,3065000.0,Other,TRACK SURFACE SLIPPERY IN TRACK SECTOR 15,,,,,,,18,other,track surface slippery in track sector #,False,False,True,False,True
3130,2025-australian-grand-prix-r,2025,Australian Grand Prix,2025-03-16 04:51:15+00:00,3075000.0,Flag,CLEAR IN TRACK SECTOR 15,,CLEAR,Sector,15.0,,,18,flags,clear in track sector #,False,False,True,False,True
3131,2025-australian-grand-prix-r,2025,Australian Grand Prix,2025-03-16 04:51:20+00:00,3080000.0,Other,TRACK SURFACE SLIPPERY IN TRACK SECTOR 12,,,,,,,18,other,track surface slippery in track sector #,False,False,True,False,True
3132,2025-australian-grand-prix-r,2025,Australian Grand Prix,2025-03-16 04:51:31+00:00,3091000.0,Flag,CLEAR IN TRACK SECTOR 12,,CLEAR,Sector,12.0,,,18,flags,clear in track sector #,False,False,True,False,True
3133,2025-australian-grand-prix-r,2025,Australian Grand Prix,2025-03-16 04:51:45+00:00,3105000.0,Other,INCIDENT INVOLVING CAR 23 (ALB) NOTED - SAFETY CAR INFRINGEMENT,,,,,,,18,safety_car,incident involving car # (alb) noted - safety car infringement,False,False,True,False,True
3134,2025-australian-grand-prix-r,2025,Australian Grand Prix,2025-03-16 04:51:51+00:00,3111000.0,Other,INCIDENT INVOLVING CAR 44 (HAM) NOTED - SAFETY CAR INFRINGEMENT,,,,,,,18,safety_car,incident involving car # (ham) noted - safety car infringement,False,False,True,False,True
3135,2025-australian-grand-prix-r,2025,Australian Grand Prix,2025-03-16 04:52:03+00:00,3123000.0,Other,TRACK SURFACE SLIPPERY IN TRACK SECTOR 13,,,,,,,18,other,track surface slippery in track sector #,False,False,True,False,True
3136,2025-australian-grand-prix-r,2025,Australian Grand Prix,2025-03-16 04:52:04+00:00,3124000.0,Other,TRACK SURFACE SLIPPERY IN TRACK SECTOR 1,,,,,,,18,other,track surface slippery in track sector #,False,False,True,False,True
3137,2025-australian-grand-prix-r,2025,Australian Grand Prix,2025-03-16 04:52:10+00:00,3130000.0,Flag,CLEAR IN TRACK SECTOR 1,,CLEAR,Sector,1.0,,,18,flags,clear in track sector #,False,False,True,False,True
3138,2025-australian-grand-prix-r,2025,Australian Grand Prix,2025-03-16 04:52:11+00:00,3131000.0,Flag,CLEAR IN TRACK SECTOR 13,,CLEAR,Sector,13.0,,,18,flags,clear in track sector #,False,False,True,False,True
3139,2025-australian-grand-prix-r,2025,Australian Grand Prix,2025-03-16 04:52:52+00:00,3172000.0,Other,FIA STEWARDS: INCIDENT INVOLVING CAR 23 (ALB) UNDER INVESTIGATION - SAFETY CAR INFRINGEMENT,,,,,,,19,safety_car,fia stewards: incident involving car # (alb) under investigation - safety car infringement,False,False,True,False,True
3140,2025-australian-grand-prix-r,2025,Australian Grand Prix,2025-03-16 04:52:56+00:00,3176000.0,Other,TRACK SURFACE SLIPPERY IN TRACK SECTOR 15,,,,,,,19,other,track surface slippery in track sector #,False,False,True,False,True
3141,2025-australian-grand-prix-r,2025,Australian Grand Prix,2025-03-16 04:52:56+00:00,3176000.0,Flag,CLEAR IN TRACK SECTOR 15,,CLEAR,Sector,15.0,,,19,flags,clear in track sector #,False,False,True,False,True
3142,2025-australian-grand-prix-r,2025,Australian Grand Prix,2025-03-16 04:53:00+00:00,3180000.0,Other,FIA STEWARDS: INCIDENT INVOLVING CAR 44 (HAM) UNDER INVESTIGATION - SAFETY CAR INFRINGEMENT,,,,,,,19,safety_car,fia stewards: incident involving car # (ham) under investigation - safety car infringement,False,False,True,False,True
3143,2025-australian-grand-prix-r,2025,Australian Grand Prix,2025-03-16 04:54:00+00:00,3240000.0,Other,FIA STEWARDS: INCIDENT INVOLVING CAR 14 (ALO) NO FURTHER ACTION - SAFETY CAR INFRINGEMENT,,,,,,,20,safety_car,fia stewards: incident involving car # (alo) no further action - safety car infringement,False,False,True,False,True
3144,2025-australian-grand-prix-r,2025,Australian Grand Prix,2025-03-16 04:54:12+00:00,3252000.0,Other,FIA STEWARDS: INCIDENT INVOLVING CAR 22 (TSU) NO FURTHER ACTION - SAFETY CAR INFRINGEMENT,,,,,,,20,safety_car,fia stewards: incident involving car # (tsu) no further action - safety car infringement,False,False,True,False,True
3145,2025-australian-grand-prix-r,2025,Australian Grand Prix,2025-03-16 04:54:21+00:00,3261000.0,Other,FIA STEWARDS: INCIDENT INVOLVING CAR 23 (ALB) NO FURTHER ACTION - SAFETY CAR INFRINGEMENT,,,,,,,20,safety_car,fia stewards: incident involving car # (alb) no further action - safety car infringement,False,False,True,False,True
3146,2025-australian-grand-prix-r,2025,Australian Grand Prix,2025-03-16 04:54:31+00:00,3271000.0,Other,FIA STEWARDS: INCIDENT INVOLVING CAR 44 (HAM) NO FURTHER ACTION - SAFETY CAR INFRINGEMENT,,,,,,,20,safety_car,fia stewards: incident involving car # (ham) no further action - safety car infringement,False,False,True,False,True
3147,2025-australian-grand-prix-r,2025,Australian Grand Prix,2025-03-16 05:07:48+00:00,4068000.0,Flag,WAVED BLUE FLAG FOR CAR 87 (BEA) TIMED AT 16:07:48,,BLUE,Driver,,87.0,BEA,29,flags,waved blue flag for car # (bea) timed at #:#:#,False,False,False,True,True
3148,2025-australian-grand-prix-r,2025,Australian Grand Prix,2025-03-16 05:08:37+00:00,4117000.0,Flag,WAVED BLUE FLAG FOR CAR 31 (OCO) TIMED AT 16:08:36,,BLUE,Driver,,31.0,OCO,29,flags,waved blue flag for car # (oco) timed at #:#:#,False,False,False,True,True
3149,2025-australian-grand-prix-r,2025,Australian Grand Prix,2025-03-16 05:08:47+00:00,4127000.0,Other,CAR 30 (LAW) TIME 1:31.084 DELETED - TRACK LIMITS AT TURN 6 LAP 28 16:07:39,,,,,,,30,other,car # (law) time #:#.# deleted - track limits at turn # lap # #:#:#,False,False,True,False,True
3150,2025-australian-grand-prix-r,2025,Australian Grand Prix,2025-03-16 05:13:01+00:00,4381000.0,Flag,WAVED BLUE FLAG FOR CAR 30 (LAW) TIMED AT 16:13:00,,BLUE,Driver,,30.0,LAW,32,flags,waved blue flag for car # (law) timed at #:#:#,False,False,False,True,True
3151,2025-australian-grand-prix-r,2025,Australian Grand Prix,2025-03-16 05:13:38+00:00,4418000.0,Flag,WAVED BLUE FLAG FOR CAR 30 (LAW) TIMED AT 16:13:37,,BLUE,Driver,,30.0,LAW,33,flags,waved blue flag for car # (law) timed at #:#:#,False,False,False,True,True
3152,2025-australian-grand-prix-r,2025,Australian Grand Prix,2025-03-16 05:13:42+00:00,4422000.0,Other,CAR 81 (PIA) TIME 1:29.379 DELETED - TRACK LIMITS AT TURN 6 LAP 32 16:12:17,,,,,,,33,other,car # (pia) time #:#.# deleted - track limits at turn # lap # #:#:#,False,False,True,False,True
3153,2025-australian-grand-prix-r,2025,Australian Grand Prix,2025-03-16 05:14:46+00:00,4486000.0,Flag,WAVED BLUE FLAG FOR CAR 87 (BEA) TIMED AT 16:14:46,,BLUE,Driver,,87.0,BEA,34,flags,waved blue flag for car # (bea) timed at #:#:#,False,False,False,True,True
3154,2025-australian-grand-prix-r,2025,Australian Grand Prix,2025-03-16 05:14:49+00:00,4489000.0,Flag,DOUBLE YELLOW IN TRACK SECTOR 10,,DOUBLE YELLOW,Sector,10.0,,,34,flags,double yellow in track sector #,False,False,True,False,True
3155,2025-australian-grand-prix-r,2025,Australian Grand Prix,2025-03-16 05:15:09+00:00,4509000.0,SafetyCar,SAFETY CAR DEPLOYED,DEPLOYED,,,,,,34,safety_car,safety car deployed,False,False,True,False,True
3156,2025-australian-grand-prix-r,2025,Australian Grand Prix,2025-03-16 05:21:22+00:00,4882000.0,Other,RECOVERY VEHICLE ON TRACK AT TURN 8,,,,,,,37,other,recovery vehicle on track at turn #,False,False,True,False,True
3157,2025-australian-grand-prix-r,2025,Australian Grand Prix,2025-03-16 05:24:33+00:00,5073000.0,Flag,DOUBLE YELLOW IN TRACK SECTOR 8,,DOUBLE YELLOW,Sector,8.0,,,38,flags,double yellow in track sector #,False,False,True,False,True
3158,2025-australian-grand-prix-r,2025,Australian Grand Prix,2025-03-16 05:24:36+00:00,5076000.0,Flag,DOUBLE YELLOW IN TRACK SECTOR 9,,DOUBLE YELLOW,Sector,9.0,,,38,flags,double yellow in track sector #,False,False,True,False,True
3159,2025-australian-grand-prix-r,2025,Australian Grand Prix,2025-03-16 05:25:02+00:00,5102000.0,Flag,CLEAR IN TRACK SECTOR 8,,CLEAR,Sector,8.0,,,38,flags,clear in track sector #,False,False,True,False,True
3160,2025-australian-grand-prix-r,2025,Australian Grand Prix,2025-03-16 05:28:03+00:00,5283000.0,Flag,CLEAR IN TRACK SECTOR 9,,CLEAR,Sector,9.0,,,39,flags,clear in track sector #,False,False,True,False,True
3161,2025-australian-grand-prix-r,2025,Australian Grand Prix,2025-03-16 05:28:05+00:00,5285000.0,Flag,CLEAR IN TRACK SECTOR 10,,CLEAR,Sector,10.0,,,39,flags,clear in track sector #,False,False,True,False,True
3162,2025-australian-grand-prix-r,2025,Australian Grand Prix,2025-03-16 05:28:35+00:00,5315000.0,Other,"LAPPED CARS MAY NOW OVERTAKE THE SAFETY CAR: 5, 31, 87, 30",,,,,,,40,safety_car,"lapped cars may now overtake the safety car: #, #, #, #",False,False,True,False,True
3163,2025-australian-grand-prix-r,2025,Australian Grand Prix,2025-03-16 05:30:08+00:00,5408000.0,Other,INCIDENT INVOLVING CARS 5 (BOR) AND 30 (LAW) NOTED - UNSAFE RELEASE,,,,,,,40,investigations_noted,incident involving cars # (bor) and # (law) noted - unsafe release,False,False,True,False,True
3164,2025-australian-grand-prix-r,2025,Australian Grand Prix,2025-03-16 05:30:50+00:00,5450000.0,SafetyCar,SAFETY CAR IN THIS LAP,IN THIS LAP,,,,,,41,safety_car,safety car in this lap,False,False,True,False,True
3165,2025-australian-grand-prix-r,2025,Australian Grand Prix,2025-03-16 05:31:01+00:00,5461000.0,Other,FIA STEWARDS: INCIDENT INVOLVING CARS 5 (BOR) AND 30 (LAW) UNDER INVESTIGATION - UNSAFE RELEASE,,,,,,,41,investigations_noted,fia stewards: incident involving cars # (bor) and # (law) under investigation - unsafe release,False,False,True,False,True
3166,2025-australian-grand-prix-r,2025,Australian Grand Prix,2025-03-16 05:32:25+00:00,5545000.0,Flag,TRACK CLEAR,,CLEAR,Track,,,,41,flags,track clear,False,False,True,False,True
3167,2025-australian-grand-prix-r,2025,Australian Grand Prix,2025-03-16 05:34:05+00:00,5645000.0,Drs,DRS ENABLED,ENABLED,,,,,,43,drs,drs enabled,False,False,True,False,True
3168,2025-australian-grand-prix-r,2025,Australian Grand Prix,2025-03-16 05:35:17+00:00,5717000.0,Other,FIA STEWARDS: 5 SECOND TIME PENALTY FOR CAR 5 (BOR) - UNSAFE RELEASE,,,,,,,43,penalties,fia stewards: # second time penalty for car # (bor) - unsafe release,False,False,True,False,True
3169,2025-australian-grand-prix-r,2025,Australian Grand Prix,2025-03-16 05:36:48+00:00,5808000.0,Flag,YELLOW IN TRACK SECTOR 19,,YELLOW,Sector,19.0,,,44,flags,yellow in track sector #,False,False,True,False,True
3170,2025-australian-grand-prix-r,2025,Australian Grand Prix,2025-03-16 05:37:14+00:00,5834000.0,Other,TRACK SURFACE SLIPPERY IN TRACK SECTOR 18,,,,,,,45,other,track surface slippery in track sector #,False,False,True,False,True
3171,2025-australian-grand-prix-r,2025,Australian Grand Prix,2025-03-16 05:37:35+00:00,5855000.0,Flag,DOUBLE YELLOW IN TRACK SECTOR 19,,DOUBLE YELLOW,Sector,19.0,,,45,flags,double yellow in track sector #,False,False,True,False,True
3172,2025-australian-grand-prix-r,2025,Australian Grand Prix,2025-03-16 05:37:37+00:00,5857000.0,Flag,YELLOW IN TRACK SECTOR 18,,YELLOW,Sector,18.0,,,45,flags,yellow in track sector #,False,False,True,False,True
3173,2025-australian-grand-prix-r,2025,Australian Grand Prix,2025-03-16 05:38:12+00:00,5892000.0,Flag,CLEAR IN TRACK SECTOR 19,,CLEAR,Sector,19.0,,,45,flags,clear in track sector #,False,False,True,False,True
3174,2025-australian-grand-prix-r,2025,Australian Grand Prix,2025-03-16 05:38:13+00:00,5893000.0,Flag,CLEAR IN TRACK SECTOR 18,,CLEAR,Sector,18.0,,,45,flags,clear in track sector #,False,False,True,False,True
3175,2025-australian-grand-prix-r,2025,Australian Grand Prix,2025-03-16 05:38:34+00:00,5914000.0,Other,CAR 81 (PIA) LAP DELETED - TRACK LIMITS AT TURN 12 LAP 44 16:36:38,,,,,,,46,other,car # (pia) lap deleted - track limits at turn # lap # #:#:#,False,False,True,False,True
3176,2025-australian-grand-prix-r,2025,Australian Grand Prix,2025-03-16 05:38:45+00:00,5925000.0,Other,CAR 4 (NOR) TIME 1:45.587 DELETED - TRACK LIMITS AT TURN 12 LAP 44 16:36:36,,,,,,,46,other,car # (nor) time #:#.# deleted - track limits at turn # lap # #:#:#,False,False,True,False,True
3177,2025-australian-grand-prix-r,2025,Australian Grand Prix,2025-03-16 05:38:57+00:00,5937000.0,Flag,WAVED BLUE FLAG FOR CAR 87 (BEA) TIMED AT 16:38:56,,BLUE,Driver,,87.0,BEA,46,flags,waved blue flag for car # (bea) timed at #:#:#,False,False,False,True,True
3178,2025-australian-grand-prix-r,2025,Australian Grand Prix,2025-03-16 05:39:06+00:00,5946000.0,Flag,WAVED BLUE FLAG FOR CAR 87 (BEA) TIMED AT 16:39:06,,BLUE,Driver,,87.0,BEA,46,flags,waved blue flag for car # (bea) timed at #:#:#,False,False,False,True,True
3179,2025-australian-grand-prix-r,2025,Australian Grand Prix,2025-03-16 05:40:09+00:00,6009000.0,Flag,WAVED BLUE FLAG FOR CAR 81 (PIA) TIMED AT 16:40:09,,BLUE,Driver,,81.0,PIA,46,flags,waved blue flag for car # (pia) timed at #:#:#,False,False,False,True,True
3180,2025-australian-grand-prix-r,2025,Australian Grand Prix,2025-03-16 05:40:26+00:00,6026000.0,Flag,WAVED BLUE FLAG FOR CAR 87 (BEA) TIMED AT 16:40:25,,BLUE,Driver,,87.0,BEA,47,flags,waved blue flag for car # (bea) timed at #:#:#,False,False,False,True,True
3181,2025-australian-grand-prix-r,2025,Australian Grand Prix,2025-03-16 05:40:33+00:00,6033000.0,Flag,WAVED BLUE FLAG FOR CAR 81 (PIA) TIMED AT 16:40:33,,BLUE,Driver,,81.0,PIA,47,flags,waved blue flag for car # (pia) timed at #:#:#,False,False,False,True,True
3182,2025-australian-grand-prix-r,2025,Australian Grand Prix,2025-03-16 05:40:37+00:00,6037000.0,Flag,YELLOW IN TRACK SECTOR 18,,YELLOW,Sector,18.0,,,47,flags,yellow in track sector #,False,False,True,False,True
3183,2025-australian-grand-prix-r,2025,Australian Grand Prix,2025-03-16 05:40:41+00:00,6041000.0,Flag,DOUBLE YELLOW IN TRACK SECTOR 19,,DOUBLE YELLOW,Sector,19.0,,,47,flags,double yellow in track sector #,False,False,True,False,True
3184,2025-australian-grand-prix-r,2025,Australian Grand Prix,2025-03-16 05:40:42+00:00,6042000.0,Flag,DOUBLE YELLOW IN TRACK SECTOR 18,,DOUBLE YELLOW,Sector,18.0,,,47,flags,double yellow in track sector #,False,False,True,False,True
3185,2025-australian-grand-prix-r,2025,Australian Grand Prix,2025-03-16 05:40:45+00:00,6045000.0,Flag,YELLOW IN TRACK SECTOR 19,,YELLOW,Sector,19.0,,,47,flags,yellow in track sector #,False,False,True,False,True
3186,2025-australian-grand-prix-r,2025,Australian Grand Prix,2025-03-16 05:40:54+00:00,6054000.0,Flag,YELLOW IN TRACK SECTOR 18,,YELLOW,Sector,18.0,,,47,flags,yellow in track sector #,False,False,True,False,True
3187,2025-australian-grand-prix-r,2025,Australian Grand Prix,2025-03-16 05:40:55+00:00,6055000.0,Flag,CLEAR IN TRACK SECTOR 18,,CLEAR,Sector,18.0,,,47,flags,clear in track sector #,False,False,True,False,True
3188,2025-australian-grand-prix-r,2025,Australian Grand Prix,2025-03-16 05:40:56+00:00,6056000.0,Flag,DOUBLE YELLOW IN TRACK SECTOR 19,,DOUBLE YELLOW,Sector,19.0,,,47,flags,double yellow in track sector #,False,False,True,False,True
3189,2025-australian-grand-prix-r,2025,Australian Grand Prix,2025-03-16 05:41:00+00:00,6060000.0,Flag,DOUBLE YELLOW IN TRACK SECTOR 2,,DOUBLE YELLOW,Sector,2.0,,,47,flags,double yellow in track sector #,False,False,True,False,True
3190,2025-australian-grand-prix-r,2025,Australian Grand Prix,2025-03-16 05:41:02+00:00,6062000.0,Other,DRS DISABLED IN ZONE 3,,,,,,,47,drs,drs disabled in zone #,False,False,True,False,True
3191,2025-australian-grand-prix-r,2025,Australian Grand Prix,2025-03-16 05:41:06+00:00,6066000.0,SafetyCar,SAFETY CAR DEPLOYED,DEPLOYED,,,,,,47,safety_car,safety car deployed,False,False,True,False,True
3192,2025-australian-grand-prix-r,2025,Australian Grand Prix,2025-03-16 05:42:48+00:00,6168000.0,Other,CAR 22 (TSU) TIME 1:35.983 DELETED - TRACK LIMITS AT TURN 12 LAP 45 16:38:17,,,,,,,48,other,car # (tsu) time #:#.# deleted - track limits at turn # lap # #:#:#,False,False,True,False,True
3193,2025-australian-grand-prix-r,2025,Australian Grand Prix,2025-03-16 05:45:02+00:00,6302000.0,Other,FIA STEWARDS: PENALTY SERVED - 5 SECOND TIME PENALTY FOR CAR 5 (BOR) - UNSAFE RELEASE,,,,,,,49,penalties,fia stewards: penalty served - # second time penalty for car # (bor) - unsafe release,False,False,True,False,True
3194,2025-australian-grand-prix-r,2025,Australian Grand Prix,2025-03-16 05:46:32+00:00,6392000.0,Other,CAR 22 (TSU) TIME 2:33.312 DELETED - TRACK LIMITS AT TURN 4 LAP 47 16:40:53,,,,,,,49,other,car # (tsu) time #:#.# deleted - track limits at turn # lap # #:#:#,False,False,True,False,True
3195,2025-australian-grand-prix-r,2025,Australian Grand Prix,2025-03-16 05:46:48+00:00,6408000.0,Flag,CLEAR IN TRACK SECTOR 2,,CLEAR,Sector,2.0,,,49,flags,clear in track sector #,False,False,True,False,True
3196,2025-australian-grand-prix-r,2025,Australian Grand Prix,2025-03-16 05:47:00+00:00,6420000.0,Flag,CLEAR IN TRACK SECTOR 19,,CLEAR,Sector,19.0,,,50,flags,clear in track sector #,False,False,True,False,True
3197,2025-australian-grand-prix-r,2025,Australian Grand Prix,2025-03-16 05:47:04+00:00,6424000.0,Other,LAPPED CAR MAY NOW OVERTAKE THE SAFETY CAR: 87,,,,,,,50,safety_car,lapped car may now overtake the safety car: #,False,False,True,False,True
3198,2025-australian-grand-prix-r,2025,Australian Grand Prix,2025-03-16 05:49:42+00:00,6582000.0,SafetyCar,SAFETY CAR IN THIS LAP,IN THIS LAP,,,,,,51,safety_car,safety car in this lap,False,False,True,False,True
3199,2025-australian-grand-prix-r,2025,Australian Grand Prix,2025-03-16 05:51:17+00:00,6677000.0,Flag,TRACK CLEAR,,CLEAR,Track,,,,51,flags,track clear,False,False,True,False,True
3200,2025-australian-grand-prix-r,2025,Australian Grand Prix,2025-03-16 05:55:31+00:00,6931000.0,Drs,DRS ENABLED,ENABLED,,,,,,54,drs,drs enabled,False,False,True,False,True
3201,2025-australian-grand-prix-r,2025,Australian Grand Prix,2025-03-16 05:58:19+00:00,7099000.0,Other,CAR 10 (GAS) TIME 1:34.967 DELETED - TRACK LIMITS AT TURN 1 LAP 54 16:54:53,,,,,,,56,other,car # (gas) time #:#.# deleted - track limits at turn # lap # #:#:#,False,False,True,False,True
3202,2025-australian-grand-prix-r,2025,Australian Grand Prix,2025-03-16 05:58:32+00:00,7112000.0,Other,INCIDENT INVOLVING CAR 12 (ANT) NOTED - UNSAFE RELEASE,,,,,,,56,investigations_noted,incident involving car # (ant) noted - unsafe release,False,False,True,False,True
3203,2025-australian-grand-prix-r,2025,Australian Grand Prix,2025-03-16 05:59:02+00:00,7142000.0,Other,FIA STEWARDS: INCIDENT INVOLVING CAR 12 (ANT) UNDER INVESTIGATION - UNSAFE RELEASE,,,,,,,56,investigations_noted,fia stewards: incident involving car # (ant) under investigation - unsafe release,False,False,True,False,True
3204,2025-australian-grand-prix-r,2025,Australian Grand Prix,2025-03-16 05:59:50+00:00,7190000.0,Other,FIA STEWARDS: 5 SECOND TIME PENALTY FOR CAR 12 (ANT) - UNSAFE RELEASE,,,,,,,57,penalties,fia stewards: # second time penalty for car # (ant) - unsafe release,False,False,True,False,True
3205,2025-australian-grand-prix-r,2025,Australian Grand Prix,2025-03-16 06:00:29+00:00,7229000.0,Flag,CHEQUERED FLAG,,CHEQUERED,Track,,,,57,red_flag,chequered flag,False,False,True,False,True
3093,2025-australian-grand-prix-r,2025,Australian Grand Prix,2025-03-16 03:15:05+00:00,,Other,LOW GRIP CONDITIONS,,,,,,,1,other,low grip conditions,True,False,True,False,True
3094,2025-australian-grand-prix-r,2025,Australian Grand Prix,2025-03-16 03:15:08+00:00,,Drs,DRS DISABLED,DISABLED,,,,,,1,drs,drs disabled,True,False,True,False,True
3095,2025-australian-grand-prix-r,2025,Australian Grand Prix,2025-03-16 03:20:01+00:00,,Flag,GREEN LIGHT - PIT EXIT OPEN,,GREEN,Track,,,,1,pit_entry_exit,green light - pit exit open,True,False,True,False,True
3096,2025-australian-grand-prix-r,2025,Australian Grand Prix,2025-03-16 03:25:03+00:00,,Flag,YELLOW IN TRACK SECTOR 17,,YELLOW,Sector,17.0,,,1,flags,yellow in track sector #,True,False,True,False,True
3097,2025-australian-grand-prix-r,2025,Australian Grand Prix,2025-03-16 03:25:08+00:00,,Flag,CLEAR IN TRACK SECTOR 17,,CLEAR,Sector,17.0,,,1,flags,clear in track sector #,True,False,True,False,True
3098,2025-australian-grand-prix-r,2025,Australian Grand Prix,2025-03-16 03:30:01+00:00,,Other,PIT EXIT CLOSED,,,,,,,1,pit_entry_exit,pit exit closed,True,False,True,False,True
3099,2025-australian-grand-prix-r,2025,Australian Grand Prix,2025-03-16 03:41:43+00:00,,Flag,DOUBLE YELLOW IN TRACK SECTOR 10,,DOUBLE YELLOW,Sector,10.0,,,1,flags,double yellow in track sector #,True,False,True,False,True
3100,2025-australian-grand-prix-r,2025,Australian Grand Prix,2025-03-16 03:42:22+00:00,,Flag,YELLOW IN TRACK SECTOR 9,,YELLOW,Sector,9.0,,,1,flags,yellow in track sector #,True,False,True,False,True
3101,2025-australian-grand-prix-r,2025,Australian Grand Prix,2025-03-16 03:43:16+00:00,,Flag,CLEAR IN TRACK SECTOR 10,,CLEAR,Sector,10.0,,,1,flags,clear in track sector #,True,False,True,False,True
3102,2025-australian-grand-prix-r,2025,Australian Grand Prix,2025-03-16 03:43:17+00:00,,Flag,CLEAR IN TRACK SECTOR 9,,CLEAR,Sector,9.0,,,1,flags,clear in track sector #,True,False,True,False,True
3103,2025-australian-grand-prix-r,2025,Australian Grand Prix,2025-03-16 03:45:05+00:00,,Other,RISK OF RAIN FOR F1 RACE IS 40%,,,,,,,1,other,risk of rain for f1 race is #%,True,False,True,False,True
3104,2025-australian-grand-prix-r,2025,Australian Grand Prix,2025-03-16 03:49:00+00:00,,Flag,DOUBLE YELLOW IN TRACK SECTOR 3,,DOUBLE YELLOW,Sector,3.0,,,1,flags,double yellow in track sector #,True,False,True,False,True
3105,2025-australian-grand-prix-r,2025,Australian Grand Prix,2025-03-16 03:49:47+00:00,,Flag,CLEAR IN TRACK SECTOR 3,,CLEAR,Sector,3.0,,,1,flags,clear in track sector #,True,False,True,False,True
3227,2025-chinese-grand-prix-r,2025,Chinese Grand Prix,2025-03-23 07:03:39+00:00,219000.0,Flag,GREEN LIGHT - PIT EXIT OPEN,,GREEN,Track,,,,1,pit_entry_exit,green light - pit exit open,False,False,True,False,True
3228,2025-chinese-grand-prix-r,2025,Chinese Grand Prix,2025-03-23 07:04:30+00:00,270000.0,Flag,DOUBLE YELLOW IN TRACK SECTOR 10,,DOUBLE YELLOW,Sector,10.0,,,1,flags,double yellow in track sector #,False,False,True,False,True
3229,2025-chinese-grand-prix-r,2025,Chinese Grand Prix,2025-03-23 07:04:33+00:00,273000.0,Flag,DOUBLE YELLOW IN TRACK SECTOR 9,,DOUBLE YELLOW,Sector,9.0,,,1,flags,double yellow in track sector #,False,False,True,False,True
3230,2025-chinese-grand-prix-r,2025,Chinese Grand Prix,2025-03-23 07:04:39+00:00,279000.0,Flag,YELLOW IN TRACK SECTOR 10,,YELLOW,Sector,10.0,,,1,flags,yellow in track sector #,False,False,True,False,True
3231,2025-chinese-grand-prix-r,2025,Chinese Grand Prix,2025-03-23 07:04:41+00:00,281000.0,Flag,CLEAR IN TRACK SECTOR 10,,CLEAR,Sector,10.0,,,1,flags,clear in track sector #,False,False,True,False,True
3232,2025-chinese-grand-prix-r,2025,Chinese Grand Prix,2025-03-23 07:04:42+00:00,282000.0,Flag,CLEAR IN TRACK SECTOR 9,,CLEAR,Sector,9.0,,,1,flags,clear in track sector #,False,False,True,False,True
3233,2025-chinese-grand-prix-r,2025,Chinese Grand Prix,2025-03-23 07:04:43+00:00,283000.0,Flag,YELLOW IN TRACK SECTOR 8,,YELLOW,Sector,8.0,,,1,flags,yellow in track sector #,False,False,True,False,True
3234,2025-chinese-grand-prix-r,2025,Chinese Grand Prix,2025-03-23 07:04:46+00:00,286000.0,Flag,CLEAR IN TRACK SECTOR 8,,CLEAR,Sector,8.0,,,1,flags,clear in track sector #,False,False,True,False,True
3235,2025-chinese-grand-prix-r,2025,Chinese Grand Prix,2025-03-23 07:04:49+00:00,289000.0,Flag,YELLOW IN TRACK SECTOR 8,,YELLOW,Sector,8.0,,,1,flags,yellow in track sector #,False,False,True,False,True
3236,2025-chinese-grand-prix-r,2025,Chinese Grand Prix,2025-03-23 07:04:51+00:00,291000.0,Flag,CLEAR IN TRACK SECTOR 8,,CLEAR,Sector,8.0,,,1,flags,clear in track sector #,False,False,True,False,True
3237,2025-chinese-grand-prix-r,2025,Chinese Grand Prix,2025-03-23 07:05:26+00:00,326000.0,Other,TRACK SURFACE SLIPPERY IN TRACK SECTOR 10,,,,,,,2,other,track surface slippery in track sector #,False,False,True,False,True
3238,2025-chinese-grand-prix-r,2025,Chinese Grand Prix,2025-03-23 07:05:33+00:00,333000.0,Drs,DRS ENABLED,ENABLED,,,,,,2,drs,drs enabled,False,False,True,False,True
3239,2025-chinese-grand-prix-r,2025,Chinese Grand Prix,2025-03-23 07:07:00+00:00,420000.0,Flag,DOUBLE YELLOW IN TRACK SECTOR 10,,DOUBLE YELLOW,Sector,10.0,,,3,flags,double yellow in track sector #,False,False,True,False,True
3240,2025-chinese-grand-prix-r,2025,Chinese Grand Prix,2025-03-23 07:07:26+00:00,446000.0,Flag,CLEAR IN TRACK SECTOR 10,,CLEAR,Sector,10.0,,,3,flags,clear in track sector #,False,False,True,False,True
3241,2025-chinese-grand-prix-r,2025,Chinese Grand Prix,2025-03-23 07:07:57+00:00,477000.0,Other,CAR 5 (BOR) LAP DELETED - TRACK LIMITS AT TURN 8 LAP 1 15:04:30,,,,,,,3,other,car # (bor) lap deleted - track limits at turn # lap # #:#:#,False,False,True,False,True
3242,2025-chinese-grand-prix-r,2025,Chinese Grand Prix,2025-03-23 07:13:03+00:00,783000.0,Flag,DOUBLE YELLOW IN TRACK SECTOR 3,,DOUBLE YELLOW,Sector,3.0,,,6,flags,double yellow in track sector #,False,False,True,False,True
3243,2025-chinese-grand-prix-r,2025,Chinese Grand Prix,2025-03-23 07:13:09+00:00,789000.0,Flag,CLEAR IN TRACK SECTOR 3,,CLEAR,Sector,3.0,,,6,flags,clear in track sector #,False,False,True,False,True
3244,2025-chinese-grand-prix-r,2025,Chinese Grand Prix,2025-03-23 07:13:55+00:00,835000.0,Other,CAR 6 (HAD) LAP DELETED - TRACK LIMITS AT TURN 10 LAP 1 15:04:33,,,,,,,7,other,car # (had) lap deleted - track limits at turn # lap # #:#:#,False,False,True,False,True
3245,2025-chinese-grand-prix-r,2025,Chinese Grand Prix,2025-03-23 07:35:41+00:00,2141000.0,Other,CAR 22 (TSU) TIME 1:39.932 DELETED - TRACK LIMITS AT TURN 14 LAP 16 15:30:17,,,,,,,20,other,car # (tsu) time #:#.# deleted - track limits at turn # lap # #:#:#,False,False,True,False,True
3246,2025-chinese-grand-prix-r,2025,Chinese Grand Prix,2025-03-23 08:19:53+00:00,4793000.0,Other,TURN 14 INCIDENT INVOLVING CARS 7 (DOO) AND 6 (HAD) NOTED - FORCING ANOTHER DRIVER OFF THE TRACK,,,,,,,47,investigations_noted,turn # incident involving cars # (doo) and # (had) noted - forcing another driver off the track,False,False,True,False,True
3247,2025-chinese-grand-prix-r,2025,Chinese Grand Prix,2025-03-23 08:20:50+00:00,4850000.0,Flag,WAVED BLUE FLAG FOR CAR 22 (TSU) TIMED AT 16:20:49,,BLUE,Driver,,22.0,TSU,48,flags,waved blue flag for car # (tsu) timed at #:#:#,False,False,False,True,True
3248,2025-chinese-grand-prix-r,2025,Chinese Grand Prix,2025-03-23 08:21:24+00:00,4884000.0,Other,FIA STEWARDS: TURN 14 INCIDENT INVOLVING CARS 7 (DOO) AND 6 (HAD) UNDER INVESTIGATION - FORCING ANOTHER DRIVER OFF THE TRACK,,,,,,,48,investigations_noted,fia stewards: turn # incident involving cars # (doo) and # (had) under investigation - forcing another driver off the track,False,False,True,False,True
3249,2025-chinese-grand-prix-r,2025,Chinese Grand Prix,2025-03-23 08:22:37+00:00,4957000.0,Flag,WAVED BLUE FLAG FOR CAR 27 (HUL) TIMED AT 16:22:36,,BLUE,Driver,,27.0,HUL,49,flags,waved blue flag for car # (hul) timed at #:#:#,False,False,False,True,True
3250,2025-chinese-grand-prix-r,2025,Chinese Grand Prix,2025-03-23 08:24:11+00:00,5051000.0,Flag,WAVED BLUE FLAG FOR CAR 27 (HUL) TIMED AT 16:24:10,,BLUE,Driver,,27.0,HUL,50,flags,waved blue flag for car # (hul) timed at #:#:#,False,False,False,True,True
3251,2025-chinese-grand-prix-r,2025,Chinese Grand Prix,2025-03-23 08:24:22+00:00,5062000.0,Other,FIA STEWARDS: 10 SECOND TIME PENALTY FOR CAR 7 (DOO) - FORCING ANOTHER DRIVER OFF THE TRACK,,,,,,,50,penalties,fia stewards: # second time penalty for car # (doo) - forcing another driver off the track,False,False,True,False,True
3252,2025-chinese-grand-prix-r,2025,Chinese Grand Prix,2025-03-23 08:24:33+00:00,5073000.0,Other,CAR 7 (DOO) TIME 1:38.345 DELETED - TRACK LIMITS AT TURN 14 LAP 45 16:17:53,,,,,,,50,other,car # (doo) time #:#.# deleted - track limits at turn # lap # #:#:#,False,False,True,False,True
3253,2025-chinese-grand-prix-r,2025,Chinese Grand Prix,2025-03-23 08:24:35+00:00,5075000.0,Other,CAR 6 (HAD) TIME 1:38.600 DELETED - TRACK LIMITS AT TURN 14 LAP 45 16:17:53,,,,,,,50,other,car # (had) time #:#.# deleted - track limits at turn # lap # #:#:#,False,False,True,False,True
3254,2025-chinese-grand-prix-r,2025,Chinese Grand Prix,2025-03-23 08:26:04+00:00,5164000.0,Flag,WAVED BLUE FLAG FOR CAR 5 (BOR) TIMED AT 16:26:03,,BLUE,Driver,,5.0,BOR,51,flags,waved blue flag for car # (bor) timed at #:#:#,False,False,False,True,True
3255,2025-chinese-grand-prix-r,2025,Chinese Grand Prix,2025-03-23 08:26:38+00:00,5198000.0,Other,TURN 1 INCIDENT INVOLVING CAR 7 (DOO) NOTED - MOVING UNDER BRAKING,,,,,,,52,investigations_noted,turn # incident involving car # (doo) noted - moving under braking,False,False,True,False,True
3256,2025-chinese-grand-prix-r,2025,Chinese Grand Prix,2025-03-23 08:27:22+00:00,5242000.0,Flag,WAVED BLUE FLAG FOR CAR 5 (BOR) TIMED AT 16:27:22,,BLUE,Driver,,5.0,BOR,52,flags,waved blue flag for car # (bor) timed at #:#:#,False,False,False,True,True
3257,2025-chinese-grand-prix-r,2025,Chinese Grand Prix,2025-03-23 08:29:53+00:00,5393000.0,Flag,WAVED BLUE FLAG FOR CAR 27 (HUL) TIMED AT 16:29:52,,BLUE,Driver,,27.0,HUL,54,flags,waved blue flag for car # (hul) timed at #:#:#,False,False,False,True,True
3258,2025-chinese-grand-prix-r,2025,Chinese Grand Prix,2025-03-23 08:32:57+00:00,5577000.0,Flag,WAVED BLUE FLAG FOR CAR 27 (HUL) TIMED AT 16:32:57,,BLUE,Driver,,27.0,HUL,56,flags,waved blue flag for car # (hul) timed at #:#:#,False,False,False,True,True
3259,2025-chinese-grand-prix-r,2025,Chinese Grand Prix,2025-03-23 08:33:14+00:00,5594000.0,Other,FIA STEWARDS: TURN 1 INCIDENT INVOLVING CAR 7 (DOO) REVIEWED NO FURTHER INVESTIGATION - MOVING UNDER BRAKING,,,,,,,56,investigations_noted,fia stewards: turn # incident involving car # (doo) reviewed no further investigation - moving under braking,False,False,True,False,True
3260,2025-chinese-grand-prix-r,2025,Chinese Grand Prix,2025-03-23 08:34:33+00:00,5673000.0,Flag,CHEQUERED FLAG,,CHEQUERED,Track,,,,56,red_flag,chequered flag,False,False,True,False,True
3261,2025-chinese-grand-prix-r,2025,Chinese Grand Prix,2025-03-23 08:34:36+00:00,5676000.0,Flag,WAVED BLUE FLAG FOR CAR 5 (BOR) TIMED AT 16:34:35,,BLUE,Driver,,5.0,BOR,56,flags,waved blue flag for car # (bor) timed at #:#:#,False,False,False,True,True
3206,2025-chinese-grand-prix-r,2025,Chinese Grand Prix,2025-03-23 06:20:01+00:00,,Flag,GREEN LIGHT - PIT EXIT OPEN,,GREEN,Track,,,,1,pit_entry_exit,green light - pit exit open,True,False,True,False,True
3207,2025-chinese-grand-prix-r,2025,Chinese Grand Prix,2025-03-23 06:24:15+00:00,,Other,INCIDENT INVOLVING CAR 5 (BOR) NOTED - FAILING TO FOLLOW RACE DIRECTORS INSTRUCTIONS – PRACTICE START INFRINGEMENT,,,,,,,1,investigations_noted,incident involving car # (bor) noted - failing to follow race directors instructions – practice start infringement,True,False,True,False,True
3208,2025-chinese-grand-prix-r,2025,Chinese Grand Prix,2025-03-23 06:25:50+00:00,,Other,INCIDENT INVOLVING CAR 23 (ALB) NOTED - FAILING TO FOLLOW RACE DIRECTORS INSTRUCTIONS – PRACTICE START INFRINGEMENT,,,,,,,1,investigations_noted,incident involving car # (alb) noted - failing to follow race directors instructions – practice start infringement,True,False,True,False,True
3209,2025-chinese-grand-prix-r,2025,Chinese Grand Prix,2025-03-23 06:28:10+00:00,,Other,INCIDENT INVOLVING CAR 22 (TSU) NOTED - FAILING TO FOLLOW RACE DIRECTORS INSTRUCTIONS – PRACTICE START INFRINGEMENT,,,,,,,1,investigations_noted,incident involving car # (tsu) noted - failing to follow race directors instructions – practice start infringement,True,False,True,False,True
3210,2025-chinese-grand-prix-r,2025,Chinese Grand Prix,2025-03-23 06:30:01+00:00,,Other,PIT EXIT CLOSED,,,,,,,1,pit_entry_exit,pit exit closed,True,False,True,False,True
3211,2025-chinese-grand-prix-r,2025,Chinese Grand Prix,2025-03-23 06:32:39+00:00,,Flag,YELLOW IN TRACK SECTOR 15,,YELLOW,Sector,15.0,,,1,flags,yellow in track sector #,True,False,True,False,True
3212,2025-chinese-grand-prix-r,2025,Chinese Grand Prix,2025-03-23 06:32:40+00:00,,Flag,DOUBLE YELLOW IN TRACK SECTOR 15,,DOUBLE YELLOW,Sector,15.0,,,1,flags,double yellow in track sector #,True,False,True,False,True
3213,2025-chinese-grand-prix-r,2025,Chinese Grand Prix,2025-03-23 06:32:53+00:00,,Flag,DOUBLE YELLOW IN TRACK SECTOR 19,,DOUBLE YELLOW,Sector,19.0,,,1,flags,double yellow in track sector #,True,False,True,False,True
3214,2025-chinese-grand-prix-r,2025,Chinese Grand Prix,2025-03-23 06:32:54+00:00,,Other,DRS DISABLED IN ZONE 2,,,,,,,1,drs,drs disabled in zone #,True,False,True,False,True
3215,2025-chinese-grand-prix-r,2025,Chinese Grand Prix,2025-03-23 06:33:03+00:00,,Flag,CLEAR IN TRACK SECTOR 19,,CLEAR,Sector,19.0,,,1,flags,clear in track sector #,True,False,True,False,True
3216,2025-chinese-grand-prix-r,2025,Chinese Grand Prix,2025-03-23 06:33:03+00:00,,Other,DRS ENABLED IN ZONE 2,,,,,,,1,drs,drs enabled in zone #,True,False,True,False,True
3217,2025-chinese-grand-prix-r,2025,Chinese Grand Prix,2025-03-23 06:33:38+00:00,,Other,FIA STEWARDS: INCIDENT INVOLVING CAR 5 (BOR) WILL BE INVESTIGATED AFTER THE RACE - FAILING TO FOLLOW RACE DIRECTORS INSTRUCTIONS – PRACTICE START INFRINGEMENT,,,,,,,1,investigations_noted,fia stewards: incident involving car # (bor) will be investigated after the race - failing to follow race directors instructions – practice start infringement,True,False,True,False,True
3218,2025-chinese-grand-prix-r,2025,Chinese Grand Prix,2025-03-23 06:33:46+00:00,,Other,FIA STEWARDS: INCIDENT INVOLVING CAR 23 (ALB) WILL BE INVESTIGATED AFTER THE RACE - FAILING TO FOLLOW RACE DIRECTORS INSTRUCTIONS – PRACTICE START INFRINGEMENT,,,,,,,1,investigations_noted,fia stewards: incident involving car # (alb) will be investigated after the race - failing to follow race directors instructions – practice start infringement,True,False,True,False,True
3219,2025-chinese-grand-prix-r,2025,Chinese Grand Prix,2025-03-23 06:33:52+00:00,,Other,FIA STEWARDS: INCIDENT INVOLVING CAR 22 (TSU) WILL BE INVESTIGATED AFTER THE RACE - FAILING TO FOLLOW RACE DIRECTORS INSTRUCTIONS – PRACTICE START INFRINGEMENT,,,,,,,1,investigations_noted,fia stewards: incident involving car # (tsu) will be investigated after the race - failing to follow race directors instructions – practice start infringement,True,False,True,False,True
3220,2025-chinese-grand-prix-r,2025,Chinese Grand Prix,2025-03-23 06:34:34+00:00,,Flag,DOUBLE YELLOW IN TRACK SECTOR 14,,DOUBLE YELLOW,Sector,14.0,,,1,flags,double yellow in track sector #,True,False,True,False,True
3221,2025-chinese-grand-prix-r,2025,Chinese Grand Prix,2025-03-23 06:34:55+00:00,,Flag,CLEAR IN TRACK SECTOR 15,,CLEAR,Sector,15.0,,,1,flags,clear in track sector #,True,False,True,False,True
3222,2025-chinese-grand-prix-r,2025,Chinese Grand Prix,2025-03-23 06:34:59+00:00,,Flag,CLEAR IN TRACK SECTOR 14,,CLEAR,Sector,14.0,,,1,flags,clear in track sector #,True,False,True,False,True
3223,2025-chinese-grand-prix-r,2025,Chinese Grand Prix,2025-03-23 06:36:38+00:00,,Other,INCIDENT INVOLVING CAR 27 (HUL) NOTED - FAILING TO FOLLOW RACE DIRECTORS INSTRUCTIONS – PRACTICE START INFRINGEMENT,,,,,,,1,investigations_noted,incident involving car # (hul) noted - failing to follow race directors instructions – practice start infringement,True,False,True,False,True
3224,2025-chinese-grand-prix-r,2025,Chinese Grand Prix,2025-03-23 06:37:40+00:00,,Other,FIA STEWARDS: INCIDENT INVOLVING CAR 27 (HUL) WILL BE INVESTIGATED AFTER THE RACE - FAILING TO FOLLOW RACE DIRECTORS INSTRUCTIONS – PRACTICE START INFRINGEMENT,,,,,,,1,investigations_noted,fia stewards: incident involving car # (hul) will be investigated after the race - failing to follow race directors instructions – practice start infringement,True,False,True,False,True
3225,2025-chinese-grand-prix-r,2025,Chinese Grand Prix,2025-03-23 06:45:19+00:00,,Other,RISK OF RAIN FOR F1 RACE IS 10%,,,,,,,1,other,risk of rain for f1 race is #%,True,False,True,False,True
3226,2025-chinese-grand-prix-r,2025,Chinese Grand Prix,2025-03-23 06:57:03+00:00,,Drs,DRS DISABLED,DISABLED,,,,,,1,drs,drs disabled,True,False,True,False,True
3266,2025-japanese-grand-prix-r,2025,Japanese Grand Prix,2025-04-06 05:03:47+00:00,227000.0,Flag,GREEN LIGHT - PIT EXIT OPEN,,GREEN,Track,,,,1,pit_entry_exit,green light - pit exit open,False,False,True,False,True
3267,2025-japanese-grand-prix-r,2025,Japanese Grand Prix,2025-04-06 05:05:35+00:00,335000.0,Drs,DRS ENABLED,ENABLED,,,,,,2,drs,drs enabled,False,False,True,False,True
3268,2025-japanese-grand-prix-r,2025,Japanese Grand Prix,2025-04-06 05:08:16+00:00,496000.0,Other,CAR 12 (ANT) TIME 1:34.531 DELETED - TRACK LIMITS AT TURN 17 LAP 2 14:06:57,,,,,,,3,other,car # (ant) time #:#.# deleted - track limits at turn # lap # #:#:#,False,False,True,False,True
3269,2025-japanese-grand-prix-r,2025,Japanese Grand Prix,2025-04-06 05:29:55+00:00,1795000.0,Other,CAR 55 (SAI) TIME 1:34.451 DELETED - TRACK LIMITS AT TURN 17 LAP 15 14:27:34,,,,,,,17,other,car # (sai) time #:#.# deleted - track limits at turn # lap # #:#:#,False,False,True,False,True
3270,2025-japanese-grand-prix-r,2025,Japanese Grand Prix,2025-04-06 05:31:49+00:00,1909000.0,Other,TURN 17 INCIDENT INVOLVING CARS 55 (SAI) NOTED - LEAVING THE TRACK AND GAINING AN ADVANTAGE,,,,,,,18,investigations_noted,turn # incident involving cars # (sai) noted - leaving the track and gaining an advantage,False,False,True,False,True
3271,2025-japanese-grand-prix-r,2025,Japanese Grand Prix,2025-04-06 05:35:26+00:00,2126000.0,Other,FIA STEWARDS: TURN 17 INCIDENT INVOLVING CAR 55 (SAI) REVIEWED NO FURTHER INVESTIGATION - LEAVING THE TRACK AND GAINING AN ADVANTAGE,,,,,,,21,investigations_noted,fia stewards: turn # incident involving car # (sai) reviewed no further investigation - leaving the track and gaining an advantage,False,False,True,False,True
3272,2025-japanese-grand-prix-r,2025,Japanese Grand Prix,2025-04-06 05:42:02+00:00,2522000.0,Other,PIT EXIT INCIDENT INVOLVING CARS 1 (VER) AND 4 (NOR) NOTED,,,,,,,25,investigations_noted,pit exit incident involving cars # (ver) and # (nor) noted,False,False,True,False,True
3273,2025-japanese-grand-prix-r,2025,Japanese Grand Prix,2025-04-06 05:43:05+00:00,2585000.0,Other,FIA STEWARDS: PIT EXIT INCIDENT INVOLVING CARS 1 (VER) AND 4 (NOR) REVIEWED NO FURTHER INVESTIGATION,,,,,,,26,investigations_noted,fia stewards: pit exit incident involving cars # (ver) and # (nor) reviewed no further investigation,False,False,True,False,True
3274,2025-japanese-grand-prix-r,2025,Japanese Grand Prix,2025-04-06 05:45:15+00:00,2715000.0,Other,CAR 55 (SAI) TIME 1:33.932 DELETED - TRACK LIMITS AT TURN 17 LAP 25 14:43:19,,,,,,,27,other,car # (sai) time #:#.# deleted - track limits at turn # lap # #:#:#,False,False,True,False,True
3275,2025-japanese-grand-prix-r,2025,Japanese Grand Prix,2025-04-06 05:45:28+00:00,2728000.0,Other,TURN 17 INCIDENT INVOLVING CAR 55 (SAI) NOTED - LEAVING THE TRACK AND GAINING AN ADVANTAGE,,,,,,,27,investigations_noted,turn # incident involving car # (sai) noted - leaving the track and gaining an advantage,False,False,True,False,True
3276,2025-japanese-grand-prix-r,2025,Japanese Grand Prix,2025-04-06 05:47:54+00:00,2874000.0,Other,FIA STEWARDS: TURN 17 INCIDENT INVOLVING CAR 55 (SAI) REVIEWED NO FURTHER INVESTIGATION - LEAVING THE TRACK AND GAINING AN ADVANTAGE,,,,,,,29,investigations_noted,fia stewards: turn # incident involving car # (sai) reviewed no further investigation - leaving the track and gaining an advantage,False,False,True,False,True
3277,2025-japanese-grand-prix-r,2025,Japanese Grand Prix,2025-04-06 05:48:23+00:00,2903000.0,Other,CAR 22 (TSU) TIME 1:33.745 DELETED - TRACK LIMITS AT TURN 17 LAP 26 14:45:10,,,,,,,29,other,car # (tsu) time #:#.# deleted - track limits at turn # lap # #:#:#,False,False,True,False,True
3278,2025-japanese-grand-prix-r,2025,Japanese Grand Prix,2025-04-06 05:57:07+00:00,3427000.0,Other,CAR 63 (RUS) TIME 1:32.080 DELETED - TRACK LIMITS AT TURN 17 LAP 33 14:55:29,,,,,,,35,other,car # (rus) time #:#.# deleted - track limits at turn # lap # #:#:#,False,False,True,False,True
3279,2025-japanese-grand-prix-r,2025,Japanese Grand Prix,2025-04-06 06:13:43+00:00,4423000.0,Flag,WAVED BLUE FLAG FOR CAR 18 (STR) TIMED AT 15:13:43,,BLUE,Driver,,18.0,STR,45,flags,waved blue flag for car # (str) timed at #:#:#,False,False,False,True,True
3280,2025-japanese-grand-prix-r,2025,Japanese Grand Prix,2025-04-06 06:13:51+00:00,4431000.0,Flag,WAVED BLUE FLAG FOR CAR 18 (STR) TIMED AT 15:13:50,,BLUE,Driver,,18.0,STR,46,flags,waved blue flag for car # (str) timed at #:#:#,False,False,False,True,True
3281,2025-japanese-grand-prix-r,2025,Japanese Grand Prix,2025-04-06 06:18:15+00:00,4695000.0,Other,CAR 12 (ANT) TIME 1:31.238 DELETED - TRACK LIMITS AT TURN 17 LAP 47 15:16:58,,,,,,,48,other,car # (ant) time #:#.# deleted - track limits at turn # lap # #:#:#,False,False,True,False,True
3282,2025-japanese-grand-prix-r,2025,Japanese Grand Prix,2025-04-06 06:25:53+00:00,5153000.0,Flag,CHEQUERED FLAG,,CHEQUERED,Track,,,,53,red_flag,chequered flag,False,False,True,False,True
3283,2025-japanese-grand-prix-r,2025,Japanese Grand Prix,2025-04-06 06:26:13+00:00,5173000.0,Other,CAR 4 (NOR) TIME 1:31.423 DELETED - TRACK LIMITS AT TURN 17 LAP 53 15:25:48,,,,,,,53,other,car # (nor) time #:#.# deleted - track limits at turn # lap # #:#:#,False,False,True,False,True
3284,2025-japanese-grand-prix-r,2025,Japanese Grand Prix,2025-04-06 06:29:16+00:00,5356000.0,Other,CAR 10 (GAS) TIME 1:33.169 DELETED - TRACK LIMITS AT TURN 17 LAP 53 15:26:48,,,,,,,53,other,car # (gas) time #:#.# deleted - track limits at turn # lap # #:#:#,False,False,True,False,True
3262,2025-japanese-grand-prix-r,2025,Japanese Grand Prix,2025-04-06 04:20:00+00:00,,Flag,GREEN LIGHT - PIT EXIT OPEN,,GREEN,Track,,,,1,pit_entry_exit,green light - pit exit open,True,False,True,False,True
3263,2025-japanese-grand-prix-r,2025,Japanese Grand Prix,2025-04-06 04:30:00+00:00,,Other,PIT EXIT CLOSED,,,,,,,1,pit_entry_exit,pit exit closed,True,False,True,False,True
3264,2025-japanese-grand-prix-r,2025,Japanese Grand Prix,2025-04-06 04:45:14+00:00,,Other,RISK OF RAIN FOR F1 RACE IS 20%,,,,,,,1,other,risk of rain for f1 race is #%,True,False,True,False,True
3265,2025-japanese-grand-prix-r,2025,Japanese Grand Prix,2025-04-06 04:57:06+00:00,,Drs,DRS DISABLED,DISABLED,,,,,,1,drs,drs disabled,True,False,True,False,True
3289,2025-bahrain-grand-prix-r,2025,Bahrain Grand Prix,2025-04-13 15:03:49+00:00,229000.0,Flag,GREEN LIGHT - PIT EXIT OPEN,,GREEN,Track,,,,1,pit_entry_exit,green light - pit exit open,False,False,True,False,True
3290,2025-bahrain-grand-prix-r,2025,Bahrain Grand Prix,2025-04-13 15:05:28+00:00,328000.0,Drs,DRS ENABLED,ENABLED,,,,,,2,drs,drs enabled,False,False,True,False,True
3291,2025-bahrain-grand-prix-r,2025,Bahrain Grand Prix,2025-04-13 15:06:27+00:00,387000.0,Other,CAR 12 (ANT) LAP DELETED - TRACK LIMITS AT TURN 7 LAP 1 18:04:28,,,,,,,2,other,car # (ant) lap deleted - track limits at turn # lap # #:#:#,False,False,True,False,True
3292,2025-bahrain-grand-prix-r,2025,Bahrain Grand Prix,2025-04-13 15:07:50+00:00,470000.0,Other,INCIDENT INVOLVING CAR 4 (NOR) NOTED - FALSE START - OUT OF POSITION,,,,,,,3,investigations_noted,incident involving car # (nor) noted - false start - out of position,False,False,True,False,True
3293,2025-bahrain-grand-prix-r,2025,Bahrain Grand Prix,2025-04-13 15:09:45+00:00,585000.0,Other,CAR 12 (ANT) LAP DELETED - TRACK LIMITS AT TURN 4 LAP 1 18:04:22,,,,,,,4,other,car # (ant) lap deleted - track limits at turn # lap # #:#:#,False,False,True,False,True
3294,2025-bahrain-grand-prix-r,2025,Bahrain Grand Prix,2025-04-13 15:09:50+00:00,590000.0,Other,CAR 14 (ALO) LAP DELETED - TRACK LIMITS AT TURN 4 LAP 1 18:04:23,,,,,,,4,other,car # (alo) lap deleted - track limits at turn # lap # #:#:#,False,False,True,False,True
3295,2025-bahrain-grand-prix-r,2025,Bahrain Grand Prix,2025-04-13 15:10:28+00:00,628000.0,Other,FIA STEWARDS: INCIDENT INVOLVING CAR 4 (NOR) UNDER INVESTIGATION - FALSE START - OUT OF POSITION,,,,,,,5,investigations_noted,fia stewards: incident involving car # (nor) under investigation - false start - out of position,False,False,True,False,True
3296,2025-bahrain-grand-prix-r,2025,Bahrain Grand Prix,2025-04-13 15:11:40+00:00,700000.0,Other,CAR 31 (OCO) LAP DELETED - TRACK LIMITS AT TURN 4 LAP 1 18:04:24,,,,,,,5,other,car # (oco) lap deleted - track limits at turn # lap # #:#:#,False,False,True,False,True
3297,2025-bahrain-grand-prix-r,2025,Bahrain Grand Prix,2025-04-13 15:12:40+00:00,760000.0,Other,CAR 6 (HAD) TIME 1:39.603 DELETED - TRACK LIMITS AT TURN 13 LAP 2 18:06:57,,,,,,,6,other,car # (had) time #:#.# deleted - track limits at turn # lap # #:#:#,False,False,True,False,True
3298,2025-bahrain-grand-prix-r,2025,Bahrain Grand Prix,2025-04-13 15:14:51+00:00,891000.0,Other,FIA STEWARDS: 5 SECOND TIME PENALTY FOR CAR 4 (NOR) - FALSE START - OUT OF POSITION,,,,,,,7,penalties,fia stewards: # second time penalty for car # (nor) - false start - out of position,False,False,True,False,True
3299,2025-bahrain-grand-prix-r,2025,Bahrain Grand Prix,2025-04-13 15:15:26+00:00,926000.0,Other,CAR 44 (HAM) LAP DELETED - TRACK LIMITS AT TURN 3 LAP 1 18:04:08,,,,,,,8,other,car # (ham) lap deleted - track limits at turn # lap # #:#:#,False,False,True,False,True
3300,2025-bahrain-grand-prix-r,2025,Bahrain Grand Prix,2025-04-13 15:17:32+00:00,1052000.0,Other,CAR 12 (ANT) TIME 1:39.197 DELETED - TRACK LIMITS AT TURN 13 LAP 8 18:16:44,,,,,,,9,other,car # (ant) time #:#.# deleted - track limits at turn # lap # #:#:#,False,False,True,False,True
3301,2025-bahrain-grand-prix-r,2025,Bahrain Grand Prix,2025-04-13 15:19:11+00:00,1151000.0,Other,CAR 6 (HAD) TIME 1:37.392 DELETED - TRACK LIMITS AT TURN 13 LAP 8 18:17:15,,,,,,,10,other,car # (had) time #:#.# deleted - track limits at turn # lap # #:#:#,False,False,True,False,True
3302,2025-bahrain-grand-prix-r,2025,Bahrain Grand Prix,2025-04-13 15:19:44+00:00,1184000.0,Other,CAR 22 (TSU) TIME 1:40.727 DELETED - TRACK LIMITS AT TURN 13 LAP 9 18:18:29,,,,,,,10,other,car # (tsu) time #:#.# deleted - track limits at turn # lap # #:#:#,False,False,True,False,True
3303,2025-bahrain-grand-prix-r,2025,Bahrain Grand Prix,2025-04-13 15:21:20+00:00,1280000.0,Other,TURN 4 INCIDENT INVOLVING CARS 55 (SAI) AND 1 (VER) NOTED,,,,,,,11,investigations_noted,turn # incident involving cars # (sai) and # (ver) noted,False,False,True,False,True
3304,2025-bahrain-grand-prix-r,2025,Bahrain Grand Prix,2025-04-13 15:23:11+00:00,1391000.0,Other,CAR 7 (DOO) TIME 1:37.745 DELETED - TRACK LIMITS AT TURN 13 LAP 11 18:22:09,,,,,,,12,other,car # (doo) time #:#.# deleted - track limits at turn # lap # #:#:#,False,False,True,False,True
3305,2025-bahrain-grand-prix-r,2025,Bahrain Grand Prix,2025-04-13 15:24:26+00:00,1466000.0,Other,CAR 6 (HAD) TIME 1:38.623 DELETED - TRACK LIMITS AT TURN 13 LAP 11 18:22:12,,,,,,,13,other,car # (had) time #:#.# deleted - track limits at turn # lap # #:#:#,False,False,True,False,True
3306,2025-bahrain-grand-prix-r,2025,Bahrain Grand Prix,2025-04-13 15:24:43+00:00,1483000.0,Other,CAR 4 (NOR) TIME 1:41.534 DELETED - TRACK LIMITS AT TURN 13 LAP 10 18:19:57,,,,,,,13,other,car # (nor) time #:#.# deleted - track limits at turn # lap # #:#:#,False,False,True,False,True
3307,2025-bahrain-grand-prix-r,2025,Bahrain Grand Prix,2025-04-13 15:25:47+00:00,1547000.0,Other,CAR 12 (ANT) TIME 1:59.713 DELETED - TRACK LIMITS AT TURN 11 LAP 13 18:25:11,,,,,,,14,other,car # (ant) time #:#.# deleted - track limits at turn # lap # #:#:#,False,False,True,False,True
3308,2025-bahrain-grand-prix-r,2025,Bahrain Grand Prix,2025-04-13 15:26:17+00:00,1577000.0,Other,FIA STEWARDS: TURN 4 INCIDENT INVOLVING CARS 55 (SAI) AND 1 (VER) REVIEWED NO FURTHER INVESTIGATION,,,,,,,14,investigations_noted,fia stewards: turn # incident involving cars # (sai) and # (ver) reviewed no further investigation,False,False,True,False,True
3309,2025-bahrain-grand-prix-r,2025,Bahrain Grand Prix,2025-04-13 15:27:25+00:00,1645000.0,Other,CAR 30 (LAW) TIME 1:43.984 DELETED - TRACK LIMITS AT TURN 13 LAP 14 18:26:59,,,,,,,15,other,car # (law) time #:#.# deleted - track limits at turn # lap # #:#:#,False,False,True,False,True
3310,2025-bahrain-grand-prix-r,2025,Bahrain Grand Prix,2025-04-13 15:27:56+00:00,1676000.0,Other,TRACK SURFACE SLIPPERY IN TRACK SECTOR 10,,,,,,,15,other,track surface slippery in track sector #,False,False,True,False,True
3311,2025-bahrain-grand-prix-r,2025,Bahrain Grand Prix,2025-04-13 15:28:16+00:00,1696000.0,Other,TRACK SURFACE SLIPPERY IN TRACK SECTOR 11,,,,,,,15,other,track surface slippery in track sector #,False,False,True,False,True
3312,2025-bahrain-grand-prix-r,2025,Bahrain Grand Prix,2025-04-13 15:28:55+00:00,1735000.0,Flag,CLEAR IN TRACK SECTOR 10,,CLEAR,Sector,10.0,,,16,flags,clear in track sector #,False,False,True,False,True
3313,2025-bahrain-grand-prix-r,2025,Bahrain Grand Prix,2025-04-13 15:28:56+00:00,1736000.0,Flag,CLEAR IN TRACK SECTOR 11,,CLEAR,Sector,11.0,,,16,flags,clear in track sector #,False,False,True,False,True
3314,2025-bahrain-grand-prix-r,2025,Bahrain Grand Prix,2025-04-13 15:30:36+00:00,1836000.0,Other,PIT LANE INCIDENT INVOLVING CAR 87 (BEA) NOTED - UNSAFE RELEASE,,,,,,,17,investigations_noted,pit lane incident involving car # (bea) noted - unsafe release,False,False,True,False,True
3315,2025-bahrain-grand-prix-r,2025,Bahrain Grand Prix,2025-04-13 15:32:51+00:00,1971000.0,Other,FIA STEWARDS: PENALTY SERVED - 5 SECOND TIME PENALTY FOR CAR 4 (NOR) - FALSE START - OUT OF POSITION,,,,,,,18,penalties,fia stewards: penalty served - # second time penalty for car # (nor) - false start - out of position,False,False,True,False,True
3316,2025-bahrain-grand-prix-r,2025,Bahrain Grand Prix,2025-04-13 15:33:56+00:00,2036000.0,Other,FIA STEWARDS: PIT LANE INCIDENT INVOLVING CAR 87 (BEA) REVIEWED NO FURTHER INVESTIGATION - UNSAFE RELEASE,,,,,,,19,investigations_noted,fia stewards: pit lane incident involving car # (bea) reviewed no further investigation - unsafe release,False,False,True,False,True
3317,2025-bahrain-grand-prix-r,2025,Bahrain Grand Prix,2025-04-13 15:34:53+00:00,2093000.0,Other,CAR 30 (LAW) TIME 1:39.836 DELETED - TRACK LIMITS AT TURN 13 LAP 18 18:33:58,,,,,,,19,other,car # (law) time #:#.# deleted - track limits at turn # lap # #:#:#,False,False,True,False,True
3318,2025-bahrain-grand-prix-r,2025,Bahrain Grand Prix,2025-04-13 15:39:33+00:00,2373000.0,Other,CAR 12 (ANT) TIME 1:39.467 DELETED - TRACK LIMITS AT TURN 13 LAP 10 18:20:03,,,,,,,22,other,car # (ant) time #:#.# deleted - track limits at turn # lap # #:#:#,False,False,True,False,True
3319,2025-bahrain-grand-prix-r,2025,Bahrain Grand Prix,2025-04-13 15:40:40+00:00,2440000.0,Flag,BLACK AND WHITE FLAG FOR CAR 6 (HAD) - TRACK LIMITS,,BLACK AND WHITE,Driver,,6.0,HAD,23,flags,black and white flag for car # (had) - track limits,False,False,False,True,True
3320,2025-bahrain-grand-prix-r,2025,Bahrain Grand Prix,2025-04-13 15:40:46+00:00,2446000.0,Flag,BLACK AND WHITE FLAG FOR CAR 12 (ANT) - TRACK LIMITS,,BLACK AND WHITE,Driver,,12.0,ANT,23,flags,black and white flag for car # (ant) - track limits,False,False,False,True,True
3321,2025-bahrain-grand-prix-r,2025,Bahrain Grand Prix,2025-04-13 15:42:12+00:00,2532000.0,Other,CAR 81 (PIA) TIME 1:37.933 DELETED - TRACK LIMITS AT TURN 11 LAP 23 18:41:20,,,,,,,24,other,car # (pia) time #:#.# deleted - track limits at turn # lap # #:#:#,False,False,True,False,True
3322,2025-bahrain-grand-prix-r,2025,Bahrain Grand Prix,2025-04-13 15:49:52+00:00,2992000.0,Other,CAR 7 (DOO) TIME 1:39.521 DELETED - TRACK LIMITS AT TURN 13 LAP 27 18:48:31,,,,,,,28,other,car # (doo) time #:#.# deleted - track limits at turn # lap # #:#:#,False,False,True,False,True
3323,2025-bahrain-grand-prix-r,2025,Bahrain Grand Prix,2025-04-13 15:54:19+00:00,3259000.0,Other,TRACK SURFACE SLIPPERY IN TRACK SECTOR 3,,,,,,,31,other,track surface slippery in track sector #,False,False,True,False,True
3324,2025-bahrain-grand-prix-r,2025,Bahrain Grand Prix,2025-04-13 15:56:09+00:00,3369000.0,SafetyCar,SAFETY CAR DEPLOYED,DEPLOYED,,,,,,32,safety_car,safety car deployed,False,False,True,False,True
3325,2025-bahrain-grand-prix-r,2025,Bahrain Grand Prix,2025-04-13 15:56:09+00:00,3369000.0,Flag,CLEAR IN TRACK SECTOR 3,,CLEAR,Sector,3.0,,,32,flags,clear in track sector #,False,False,True,False,True
3326,2025-bahrain-grand-prix-r,2025,Bahrain Grand Prix,2025-04-13 16:00:13+00:00,3613000.0,Other,TURN 1 INCIDENT INVOLVING CARS 22 (TSU) AND 55 (SAI) NOTED - CAUSING A COLLISION,,,,,,,34,investigations_noted,turn # incident involving cars # (tsu) and # (sai) noted - causing a collision,False,False,True,False,True
3327,2025-bahrain-grand-prix-r,2025,Bahrain Grand Prix,2025-04-13 16:02:20+00:00,3740000.0,SafetyCar,SAFETY CAR IN THIS LAP,IN THIS LAP,,,,,,35,safety_car,safety car in this lap,False,False,True,False,True
3328,2025-bahrain-grand-prix-r,2025,Bahrain Grand Prix,2025-04-13 16:03:55+00:00,3835000.0,Flag,TRACK CLEAR,,CLEAR,Track,,,,35,flags,track clear,False,False,True,False,True
3329,2025-bahrain-grand-prix-r,2025,Bahrain Grand Prix,2025-04-13 16:04:43+00:00,3883000.0,Other,FIA STEWARDS: TURN 1 INCIDENT INVOLVING CARS 22 (TSU) AND 55 (SAI) REVIEWED NO FURTHER INVESTIGATION - CAUSING A COLLISION,,,,,,,36,investigations_noted,fia stewards: turn # incident involving cars # (tsu) and # (sai) reviewed no further investigation - causing a collision,False,False,True,False,True
3330,2025-bahrain-grand-prix-r,2025,Bahrain Grand Prix,2025-04-13 16:05:49+00:00,3949000.0,Drs,DRS ENABLED,ENABLED,,,,,,37,drs,drs enabled,False,False,True,False,True
3331,2025-bahrain-grand-prix-r,2025,Bahrain Grand Prix,2025-04-13 16:06:27+00:00,3987000.0,Other,CAR 4 (NOR) TIME 1:36.505 DELETED - TRACK LIMITS AT TURN 4 LAP 36 19:04:45,,,,,,,37,other,car # (nor) time #:#.# deleted - track limits at turn # lap # #:#:#,False,False,True,False,True
3332,2025-bahrain-grand-prix-r,2025,Bahrain Grand Prix,2025-04-13 16:07:39+00:00,4059000.0,Other,TURN 2 INCIDENT INVOLVING CARS 30 (LAW) AND 18 (STR) NOTED - CAUSING A COLLISION,,,,,,,38,investigations_noted,turn # incident involving cars # (law) and # (str) noted - causing a collision,False,False,True,False,True
3333,2025-bahrain-grand-prix-r,2025,Bahrain Grand Prix,2025-04-13 16:09:08+00:00,4148000.0,Other,CAR 14 (ALO) TIME 1:40.731 DELETED - TRACK LIMITS AT TURN 1 LAP 36 19:04:35,,,,,,,39,other,car # (alo) time #:#.# deleted - track limits at turn # lap # #:#:#,False,False,True,False,True
3334,2025-bahrain-grand-prix-r,2025,Bahrain Grand Prix,2025-04-13 16:09:10+00:00,4150000.0,Other,CAR 55 (SAI) TIME 1:40.833 DELETED - TRACK LIMITS AT TURN 10 LAP 36 19:05:14,,,,,,,39,other,car # (sai) time #:#.# deleted - track limits at turn # lap # #:#:#,False,False,True,False,True
3335,2025-bahrain-grand-prix-r,2025,Bahrain Grand Prix,2025-04-13 16:10:09+00:00,4209000.0,Other,CAR 27 (HUL) TIME 1:38.943 DELETED - TRACK LIMITS AT TURN 13 LAP 36 19:05:40,,,,,,,39,other,car # (hul) time #:#.# deleted - track limits at turn # lap # #:#:#,False,False,True,False,True
3336,2025-bahrain-grand-prix-r,2025,Bahrain Grand Prix,2025-04-13 16:10:59+00:00,4259000.0,Other,FIA STEWARDS: TURN 2 INCIDENT INVOLVING CARS 30 (LAW) AND 18 (STR) UNDER INVESTIGATION - CAUSING A COLLISION,,,,,,,40,investigations_noted,fia stewards: turn # incident involving cars # (law) and # (str) under investigation - causing a collision,False,False,True,False,True
3337,2025-bahrain-grand-prix-r,2025,Bahrain Grand Prix,2025-04-13 16:11:07+00:00,4267000.0,Other,CAR 16 (LEC) TIME 1:36.142 DELETED - TRACK LIMITS AT TURN 13 LAP 38 19:08:45,,,,,,,40,other,car # (lec) time #:#.# deleted - track limits at turn # lap # #:#:#,False,False,True,False,True
3338,2025-bahrain-grand-prix-r,2025,Bahrain Grand Prix,2025-04-13 16:12:46+00:00,4366000.0,Other,TURN 4 INCIDENT INVOLVING CARS 30 (LAW) AND 18 (STR) NOTED - SAFETY CAR INFRINGEMENT,,,,,,,41,safety_car,turn # incident involving cars # (law) and # (str) noted - safety car infringement,False,False,True,False,True
3339,2025-bahrain-grand-prix-r,2025,Bahrain Grand Prix,2025-04-13 16:13:05+00:00,4385000.0,Other,FIA STEWARDS: 5 SECOND TIME PENALTY FOR CAR 30 (LAW) - CAUSING A COLLISION,,,,,,,41,penalties,fia stewards: # second time penalty for car # (law) - causing a collision,False,False,True,False,True
3340,2025-bahrain-grand-prix-r,2025,Bahrain Grand Prix,2025-04-13 16:14:09+00:00,4449000.0,Other,FIA STEWARDS: TURN 4 INCIDENT INVOLVING CARS 30 (LAW) AND 18 (STR) REVIEWED NO FURTHER INVESTIGATION - SAFETY CAR INFRINGEMENT,,,,,,,42,safety_car,fia stewards: turn # incident involving cars # (law) and # (str) reviewed no further investigation - safety car infringement,False,False,True,False,True
3341,2025-bahrain-grand-prix-r,2025,Bahrain Grand Prix,2025-04-13 16:14:41+00:00,4481000.0,Other,TURN 10 INCIDENT INVOLVING CARS 55 (SAI) AND 12 (ANT) NOTED - FORCING ANOTHER DRIVER OFF THE TRACK,,,,,,,42,investigations_noted,turn # incident involving cars # (sai) and # (ant) noted - forcing another driver off the track,False,False,True,False,True
3342,2025-bahrain-grand-prix-r,2025,Bahrain Grand Prix,2025-04-13 16:16:26+00:00,4586000.0,Other,TURN 1 INCIDENT INVOLVING CARS 22 (TSU) AND 55 (SAI) NOTED - CAUSING A COLLISION,,,,,,,43,investigations_noted,turn # incident involving cars # (tsu) and # (sai) noted - causing a collision,False,False,True,False,True
3343,2025-bahrain-grand-prix-r,2025,Bahrain Grand Prix,2025-04-13 16:17:04+00:00,4624000.0,Other,FIA STEWARDS: TURN 10 INCIDENT INVOLVING CARS 55 (SAI) AND 12 (ANT) UNDER INVESTIGATION - FORCING ANOTHER DRIVER OFF THE TRACK,,,,,,,44,investigations_noted,fia stewards: turn # incident involving cars # (sai) and # (ant) under investigation - forcing another driver off the track,False,False,True,False,True
3344,2025-bahrain-grand-prix-r,2025,Bahrain Grand Prix,2025-04-13 16:17:16+00:00,4636000.0,Other,FIA STEWARDS: 10 SECOND TIME PENALTY FOR CAR 55 (SAI) - FORCING ANOTHER DRIVER OFF THE TRACK,,,,,,,44,penalties,fia stewards: # second time penalty for car # (sai) - forcing another driver off the track,False,False,True,False,True
3345,2025-bahrain-grand-prix-r,2025,Bahrain Grand Prix,2025-04-13 16:17:25+00:00,4645000.0,Other,CAR 44 (HAM) TIME 1:37.115 DELETED - TRACK LIMITS AT TURN 4 LAP 42 19:14:25,,,,,,,44,other,car # (ham) time #:#.# deleted - track limits at turn # lap # #:#:#,False,False,True,False,True
3346,2025-bahrain-grand-prix-r,2025,Bahrain Grand Prix,2025-04-13 16:18:34+00:00,4714000.0,Other,CAR 12 (ANT) TIME 1:39.917 DELETED - TRACK LIMITS AT TURN 10 LAP 36 19:05:15,,,,,,,44,other,car # (ant) time #:#.# deleted - track limits at turn # lap # #:#:#,False,False,True,False,True
3347,2025-bahrain-grand-prix-r,2025,Bahrain Grand Prix,2025-04-13 16:18:50+00:00,4730000.0,Other,FIA STEWARDS: TURN 1 INCIDENT INVOLVING CARS 22 (TSU) AND 55 (SAI) REVIEWED NO FURTHER INVESTIGATION - CAUSING A COLLISION,,,,,,,45,investigations_noted,fia stewards: turn # incident involving cars # (tsu) and # (sai) reviewed no further investigation - causing a collision,False,False,True,False,True
3348,2025-bahrain-grand-prix-r,2025,Bahrain Grand Prix,2025-04-13 16:21:14+00:00,4874000.0,Other,CAR 1 (VER) TIME 1:37.385 DELETED - TRACK LIMITS AT TURN 13 LAP 45 19:20:09,,,,,,,46,other,car # (ver) time #:#.# deleted - track limits at turn # lap # #:#:#,False,False,True,False,True
3349,2025-bahrain-grand-prix-r,2025,Bahrain Grand Prix,2025-04-13 16:23:49+00:00,5029000.0,Other,CAR 7 (DOO) TIME 1:37.533 DELETED - TRACK LIMITS AT TURN 13 LAP 42 19:15:22,,,,,,,48,other,car # (doo) time #:#.# deleted - track limits at turn # lap # #:#:#,False,False,True,False,True
3350,2025-bahrain-grand-prix-r,2025,Bahrain Grand Prix,2025-04-13 16:23:57+00:00,5037000.0,Flag,BLACK AND WHITE FLAG FOR CAR 7 (DOO) - TRACK LIMITS,,BLACK AND WHITE,Driver,,7.0,DOO,48,flags,black and white flag for car # (doo) - track limits,False,False,False,True,True
3351,2025-bahrain-grand-prix-r,2025,Bahrain Grand Prix,2025-04-13 16:26:41+00:00,5201000.0,Other,TURN 1 INCIDENT INVOLVING CARS 30 (LAW) AND 27 (HUL) NOTED - CAUSING A COLLISION,,,,,,,50,investigations_noted,turn # incident involving cars # (law) and # (hul) noted - causing a collision,False,False,True,False,True
3352,2025-bahrain-grand-prix-r,2025,Bahrain Grand Prix,2025-04-13 16:28:13+00:00,5293000.0,Other,CAR 1 (VER) TIME 1:37.484 DELETED - TRACK LIMITS AT TURN 13 LAP 48 19:25:01,,,,,,,50,other,car # (ver) time #:#.# deleted - track limits at turn # lap # #:#:#,False,False,True,False,True
3353,2025-bahrain-grand-prix-r,2025,Bahrain Grand Prix,2025-04-13 16:29:27+00:00,5367000.0,Other,FIA STEWARDS: TURN 1 INCIDENT INVOLVING CARS 30 (LAW) AND 27 (HUL) UNDER INVESTIGATION - CAUSING A COLLISION,,,,,,,51,investigations_noted,fia stewards: turn # incident involving cars # (law) and # (hul) under investigation - causing a collision,False,False,True,False,True
3354,2025-bahrain-grand-prix-r,2025,Bahrain Grand Prix,2025-04-13 16:30:12+00:00,5412000.0,Other,INCIDENT INVOLVING CAR 63 (RUS) NOTED - DRS INFRINGEMENT,,,,,,,52,drs,incident involving car # (rus) noted - drs infringement,False,False,True,False,True
3355,2025-bahrain-grand-prix-r,2025,Bahrain Grand Prix,2025-04-13 16:31:55+00:00,5515000.0,Other,FIA STEWARDS: INCIDENT INVOLVING CAR 63 (RUS) WILL BE INVESTIGATED AFTER THE RACE - DRS INFRINGEMENT,,,,,,,53,drs,fia stewards: incident involving car # (rus) will be investigated after the race - drs infringement,False,False,True,False,True
3356,2025-bahrain-grand-prix-r,2025,Bahrain Grand Prix,2025-04-13 16:32:20+00:00,5540000.0,Other,CAR 4 (NOR) TIME 1:37.861 DELETED - TRACK LIMITS AT TURN 4 LAP 49 19:25:38,,,,,,,53,other,car # (nor) time #:#.# deleted - track limits at turn # lap # #:#:#,False,False,True,False,True
3357,2025-bahrain-grand-prix-r,2025,Bahrain Grand Prix,2025-04-13 16:32:25+00:00,5545000.0,Flag,BLACK AND WHITE FLAG FOR CAR 4 (NOR) - TRACK LIMITS,,BLACK AND WHITE,Driver,,4.0,NOR,53,flags,black and white flag for car # (nor) - track limits,False,False,False,True,True
3358,2025-bahrain-grand-prix-r,2025,Bahrain Grand Prix,2025-04-13 16:33:03+00:00,5583000.0,Other,CAR 22 (TSU) TIME 1:37.834 DELETED - TRACK LIMITS AT TURN 13 LAP 50 19:28:25,,,,,,,53,other,car # (tsu) time #:#.# deleted - track limits at turn # lap # #:#:#,False,False,True,False,True
3359,2025-bahrain-grand-prix-r,2025,Bahrain Grand Prix,2025-04-13 16:33:55+00:00,5635000.0,Other,FIA STEWARDS: 10 SECOND TIME PENALTY FOR CAR 30 (LAW) - CAUSING A COLLISION,,,,,,,54,penalties,fia stewards: # second time penalty for car # (law) - causing a collision,False,False,True,False,True
3360,2025-bahrain-grand-prix-r,2025,Bahrain Grand Prix,2025-04-13 16:34:27+00:00,5667000.0,Other,CAR 87 (BEA) TIME 1:38.548 DELETED - TRACK LIMITS AT TURN 13 LAP 52 19:31:42,,,,,,,54,other,car # (bea) time #:#.# deleted - track limits at turn # lap # #:#:#,False,False,True,False,True
3361,2025-bahrain-grand-prix-r,2025,Bahrain Grand Prix,2025-04-13 16:34:48+00:00,5688000.0,Other,CAR 22 (TSU) TIME 1:38.497 DELETED - TRACK LIMITS AT TURN 13 LAP 52 19:31:41,,,,,,,55,other,car # (tsu) time #:#.# deleted - track limits at turn # lap # #:#:#,False,False,True,False,True
3362,2025-bahrain-grand-prix-r,2025,Bahrain Grand Prix,2025-04-13 16:34:52+00:00,5692000.0,Flag,BLACK AND WHITE FLAG FOR CAR 22 (TSU) - TRACK LIMITS,,BLACK AND WHITE,Driver,,22.0,TSU,55,flags,black and white flag for car # (tsu) - track limits,False,False,False,True,True
3363,2025-bahrain-grand-prix-r,2025,Bahrain Grand Prix,2025-04-13 16:35:34+00:00,5734000.0,Other,CAR 87 (BEA) TIME 1:38.643 DELETED - TRACK LIMITS AT TURN 13 LAP 54 19:35:00,,,,,,,55,other,car # (bea) time #:#.# deleted - track limits at turn # lap # #:#:#,False,False,True,False,True
3364,2025-bahrain-grand-prix-r,2025,Bahrain Grand Prix,2025-04-13 16:37:36+00:00,5856000.0,Other,CAR 1 (VER) TIME 1:38.687 DELETED - TRACK LIMITS AT TURN 4 LAP 55 19:35:37,,,,,,,56,other,car # (ver) time #:#.# deleted - track limits at turn # lap # #:#:#,False,False,True,False,True
3365,2025-bahrain-grand-prix-r,2025,Bahrain Grand Prix,2025-04-13 16:37:41+00:00,5861000.0,Flag,BLACK AND WHITE FLAG FOR CAR 1 (VER) - TRACK LIMITS,,BLACK AND WHITE,Driver,,1.0,VER,56,flags,black and white flag for car # (ver) - track limits,False,False,False,True,True
3366,2025-bahrain-grand-prix-r,2025,Bahrain Grand Prix,2025-04-13 16:39:29+00:00,5969000.0,Flag,CHEQUERED FLAG,,CHEQUERED,Track,,,,57,red_flag,chequered flag,False,False,True,False,True
3367,2025-bahrain-grand-prix-r,2025,Bahrain Grand Prix,2025-04-13 16:42:21+00:00,6141000.0,Other,CAR 7 (DOO) TIME 1:38.811 DELETED - TRACK LIMITS AT TURN 13 LAP 56 19:38:23,,,,,,,57,other,car # (doo) time #:#.# deleted - track limits at turn # lap # #:#:#,False,False,True,False,True
3368,2025-bahrain-grand-prix-r,2025,Bahrain Grand Prix,2025-04-13 16:42:28+00:00,6148000.0,Other,INCIDENT INVOLVING CAR 7 (DOO) NOTED - TRACK LIMITS,,,,,,,57,investigations_noted,incident involving car # (doo) noted - track limits,False,False,True,False,True
3369,2025-bahrain-grand-prix-r,2025,Bahrain Grand Prix,2025-04-13 16:42:48+00:00,6168000.0,Other,FIA STEWARDS: INCIDENT INVOLVING CAR 7 (DOO) UNDER INVESTIGATION - TRACK LIMITS,,,,,,,57,investigations_noted,fia stewards: incident involving car # (doo) under investigation - track limits,False,False,True,False,True
3370,2025-bahrain-grand-prix-r,2025,Bahrain Grand Prix,2025-04-13 16:42:56+00:00,6176000.0,Other,CAR 18 (STR) TIME 1:38.980 DELETED - TRACK LIMITS AT TURN 13 LAP 57 19:40:15,,,,,,,57,other,car # (str) time #:#.# deleted - track limits at turn # lap # #:#:#,False,False,True,False,True
3371,2025-bahrain-grand-prix-r,2025,Bahrain Grand Prix,2025-04-13 16:43:07+00:00,6187000.0,Other,FIA STEWARDS: 5 SECOND TIME PENALTY FOR CAR 7 (DOO) - TRACK LIMITS,,,,,,,57,penalties,fia stewards: # second time penalty for car # (doo) - track limits,False,False,True,False,True
3372,2025-bahrain-grand-prix-r,2025,Bahrain Grand Prix,2025-04-13 16:52:34+00:00,6754000.0,Flag,DOUBLE YELLOW IN TRACK SECTOR 1,,DOUBLE YELLOW,Sector,1.0,,,57,flags,double yellow in track sector #,False,False,True,False,True
3373,2025-bahrain-grand-prix-r,2025,Bahrain Grand Prix,2025-04-13 16:52:36+00:00,6756000.0,Flag,CLEAR IN TRACK SECTOR 1,,CLEAR,Sector,1.0,,,57,flags,clear in track sector #,False,False,True,False,True
3374,2025-bahrain-grand-prix-r,2025,Bahrain Grand Prix,2025-04-13 16:53:27+00:00,6807000.0,Flag,DOUBLE YELLOW IN TRACK SECTOR 1,,DOUBLE YELLOW,Sector,1.0,,,57,flags,double yellow in track sector #,False,False,True,False,True
3375,2025-bahrain-grand-prix-r,2025,Bahrain Grand Prix,2025-04-13 16:53:28+00:00,6808000.0,Flag,CLEAR IN TRACK SECTOR 1,,CLEAR,Sector,1.0,,,57,flags,clear in track sector #,False,False,True,False,True
3285,2025-bahrain-grand-prix-r,2025,Bahrain Grand Prix,2025-04-13 14:20:01+00:00,,Flag,GREEN LIGHT - PIT EXIT OPEN,,GREEN,Track,,,,1,pit_entry_exit,green light - pit exit open,True,False,True,False,True
3286,2025-bahrain-grand-prix-r,2025,Bahrain Grand Prix,2025-04-13 14:30:01+00:00,,Other,PIT EXIT CLOSED,,,,,,,1,pit_entry_exit,pit exit closed,True,False,True,False,True
3287,2025-bahrain-grand-prix-r,2025,Bahrain Grand Prix,2025-04-13 14:45:06+00:00,,Other,RISK OF RAIN FOR F1 RACE IS 0%,,,,,,,1,other,risk of rain for f1 race is #%,True,False,True,False,True
3288,2025-bahrain-grand-prix-r,2025,Bahrain Grand Prix,2025-04-13 14:57:04+00:00,,Drs,DRS DISABLED,DISABLED,,,,,,1,drs,drs disabled,True,False,True,False,True
3380,2025-saudi-arabian-grand-prix-r,2025,Saudi Arabian Grand Prix,2025-04-20 17:03:55+00:00,235000.0,Flag,GREEN LIGHT - PIT EXIT OPEN,,GREEN,Track,,,,1,pit_entry_exit,green light - pit exit open,False,False,True,False,True
3381,2025-saudi-arabian-grand-prix-r,2025,Saudi Arabian Grand Prix,2025-04-20 17:04:25+00:00,265000.0,Flag,DOUBLE YELLOW IN TRACK SECTOR 4,,DOUBLE YELLOW,Sector,4.0,,,1,flags,double yellow in track sector #,False,False,True,False,True
3382,2025-saudi-arabian-grand-prix-r,2025,Saudi Arabian Grand Prix,2025-04-20 17:04:27+00:00,267000.0,Flag,DOUBLE YELLOW IN TRACK SECTOR 2,,DOUBLE YELLOW,Sector,2.0,,,1,flags,double yellow in track sector #,False,False,True,False,True
3383,2025-saudi-arabian-grand-prix-r,2025,Saudi Arabian Grand Prix,2025-04-20 17:04:28+00:00,268000.0,Flag,YELLOW IN TRACK SECTOR 2,,YELLOW,Sector,2.0,,,1,flags,yellow in track sector #,False,False,True,False,True
3384,2025-saudi-arabian-grand-prix-r,2025,Saudi Arabian Grand Prix,2025-04-20 17:04:28+00:00,268000.0,Flag,YELLOW IN TRACK SECTOR 3,,YELLOW,Sector,3.0,,,1,flags,yellow in track sector #,False,False,True,False,True
3385,2025-saudi-arabian-grand-prix-r,2025,Saudi Arabian Grand Prix,2025-04-20 17:04:30+00:00,270000.0,Flag,CLEAR IN TRACK SECTOR 2,,CLEAR,Sector,2.0,,,1,flags,clear in track sector #,False,False,True,False,True
3386,2025-saudi-arabian-grand-prix-r,2025,Saudi Arabian Grand Prix,2025-04-20 17:04:31+00:00,271000.0,Flag,YELLOW IN TRACK SECTOR 2,,YELLOW,Sector,2.0,,,1,flags,yellow in track sector #,False,False,True,False,True
3387,2025-saudi-arabian-grand-prix-r,2025,Saudi Arabian Grand Prix,2025-04-20 17:04:43+00:00,283000.0,Flag,CLEAR IN TRACK SECTOR 2,,CLEAR,Sector,2.0,,,1,flags,clear in track sector #,False,False,True,False,True
3388,2025-saudi-arabian-grand-prix-r,2025,Saudi Arabian Grand Prix,2025-04-20 17:05:02+00:00,302000.0,SafetyCar,SAFETY CAR DEPLOYED,DEPLOYED,,,,,,1,safety_car,safety car deployed,False,False,True,False,True
3389,2025-saudi-arabian-grand-prix-r,2025,Saudi Arabian Grand Prix,2025-04-20 17:05:24+00:00,324000.0,Flag,DOUBLE YELLOW IN TRACK SECTOR 4,,DOUBLE YELLOW,Sector,4.0,,,1,flags,double yellow in track sector #,False,False,True,False,True
3390,2025-saudi-arabian-grand-prix-r,2025,Saudi Arabian Grand Prix,2025-04-20 17:05:34+00:00,334000.0,Other,RECOVERY VEHICLE ON TRACK AT TURN 5,,,,,,,1,other,recovery vehicle on track at turn #,False,False,True,False,True
3391,2025-saudi-arabian-grand-prix-r,2025,Saudi Arabian Grand Prix,2025-04-20 17:06:05+00:00,365000.0,Flag,CLEAR IN TRACK SECTOR 3,,CLEAR,Sector,3.0,,,2,flags,clear in track sector #,False,False,True,False,True
3392,2025-saudi-arabian-grand-prix-r,2025,Saudi Arabian Grand Prix,2025-04-20 17:06:09+00:00,369000.0,Flag,DOUBLE YELLOW IN TRACK SECTOR 4,,DOUBLE YELLOW,Sector,4.0,,,2,flags,double yellow in track sector #,False,False,True,False,True
3393,2025-saudi-arabian-grand-prix-r,2025,Saudi Arabian Grand Prix,2025-04-20 17:06:14+00:00,374000.0,Flag,DOUBLE YELLOW IN TRACK SECTOR 4,,DOUBLE YELLOW,Sector,4.0,,,2,flags,double yellow in track sector #,False,False,True,False,True
3394,2025-saudi-arabian-grand-prix-r,2025,Saudi Arabian Grand Prix,2025-04-20 17:06:17+00:00,377000.0,Flag,DOUBLE YELLOW IN TRACK SECTOR 4,,DOUBLE YELLOW,Sector,4.0,,,2,flags,double yellow in track sector #,False,False,True,False,True
3395,2025-saudi-arabian-grand-prix-r,2025,Saudi Arabian Grand Prix,2025-04-20 17:07:30+00:00,450000.0,Other,TURN 1 INCIDENT INVOLVING CARS 1 (VER) AND 81 (PIA) NOTED,,,,,,,2,investigations_noted,turn # incident involving cars # (ver) and # (pia) noted,False,False,True,False,True
3396,2025-saudi-arabian-grand-prix-r,2025,Saudi Arabian Grand Prix,2025-04-20 17:09:12+00:00,552000.0,Other,FIA STEWARDS: TURN 1 INCIDENT INVOLVING CARS 1 (VER) AND 81 (PIA) UNDER INVESTIGATION,,,,,,,3,investigations_noted,fia stewards: turn # incident involving cars # (ver) and # (pia) under investigation,False,False,True,False,True
3397,2025-saudi-arabian-grand-prix-r,2025,Saudi Arabian Grand Prix,2025-04-20 17:09:28+00:00,568000.0,SafetyCar,SAFETY CAR IN THIS LAP,IN THIS LAP,,,,,,3,safety_car,safety car in this lap,False,False,True,False,True
3398,2025-saudi-arabian-grand-prix-r,2025,Saudi Arabian Grand Prix,2025-04-20 17:09:39+00:00,579000.0,Flag,CLEAR IN TRACK SECTOR 4,,CLEAR,Sector,4.0,,,3,flags,clear in track sector #,False,False,True,False,True
3399,2025-saudi-arabian-grand-prix-r,2025,Saudi Arabian Grand Prix,2025-04-20 17:11:06+00:00,666000.0,Flag,TRACK CLEAR,,CLEAR,Track,,,,3,flags,track clear,False,False,True,False,True
3400,2025-saudi-arabian-grand-prix-r,2025,Saudi Arabian Grand Prix,2025-04-20 17:11:26+00:00,686000.0,Other,FIA STEWARDS: 5 SECOND TIME PENALTY FOR CAR 1 (VER) - LEAVING THE TRACK AND GAINING AN ADVANTAGE,,,,,,,3,penalties,fia stewards: # second time penalty for car # (ver) - leaving the track and gaining an advantage,False,False,True,False,True
3401,2025-saudi-arabian-grand-prix-r,2025,Saudi Arabian Grand Prix,2025-04-20 17:12:13+00:00,733000.0,Other,TURN 5 INCIDENT INVOLVING CARS 22 (TSU) AND 10 (GAS) NOTED - CAUSING A COLLISION,,,,,,,4,investigations_noted,turn # incident involving cars # (tsu) and # (gas) noted - causing a collision,False,False,True,False,True
3402,2025-saudi-arabian-grand-prix-r,2025,Saudi Arabian Grand Prix,2025-04-20 17:13:13+00:00,793000.0,Drs,DRS ENABLED,ENABLED,,,,,,5,drs,drs enabled,False,False,True,False,True
3403,2025-saudi-arabian-grand-prix-r,2025,Saudi Arabian Grand Prix,2025-04-20 17:16:33+00:00,993000.0,Other,FIA STEWARDS: TURN 5 INCIDENT INVOLVING CARS 22 (TSU) AND 10 (GAS) WILL BE INVESTIGATED AFTER THE RACE - CAUSING A COLLISION,,,,,,,7,investigations_noted,fia stewards: turn # incident involving cars # (tsu) and # (gas) will be investigated after the race - causing a collision,False,False,True,False,True
3404,2025-saudi-arabian-grand-prix-r,2025,Saudi Arabian Grand Prix,2025-04-20 17:18:03+00:00,1083000.0,Other,CAR 1 (VER) LAP DELETED - TRACK LIMITS AT TURN 2 LAP 1 20:04:05,,,,,,,8,other,car # (ver) lap deleted - track limits at turn # lap # #:#:#,False,False,True,False,True
3405,2025-saudi-arabian-grand-prix-r,2025,Saudi Arabian Grand Prix,2025-04-20 17:18:23+00:00,1103000.0,Other,CAR 12 (ANT) LAP DELETED - TRACK LIMITS AT TURN 2 LAP 1 20:04:06,,,,,,,8,other,car # (ant) lap deleted - track limits at turn # lap # #:#:#,False,False,True,False,True
3406,2025-saudi-arabian-grand-prix-r,2025,Saudi Arabian Grand Prix,2025-04-20 17:23:23+00:00,1403000.0,Other,CAR 5 (BOR) TIME 1:36.994 DELETED - TRACK LIMITS AT TURN 17 LAP 8 20:19:07,,,,,,,11,other,car # (bor) time #:#.# deleted - track limits at turn # lap # #:#:#,False,False,True,False,True
3407,2025-saudi-arabian-grand-prix-r,2025,Saudi Arabian Grand Prix,2025-04-20 17:26:27+00:00,1587000.0,Other,CAR 18 (STR) TIME 1:36.148 DELETED - TRACK LIMITS AT TURN 22 LAP 12 20:25:41,,,,,,,13,other,car # (str) time #:#.# deleted - track limits at turn # lap # #:#:#,False,False,True,False,True
3408,2025-saudi-arabian-grand-prix-r,2025,Saudi Arabian Grand Prix,2025-04-20 17:36:30+00:00,2190000.0,Other,CAR 30 (LAW) TIME 1:35.162 DELETED - TRACK LIMITS AT TURN 11 LAP 18 20:34:35,,,,,,,19,other,car # (law) time #:#.# deleted - track limits at turn # lap # #:#:#,False,False,True,False,True
3409,2025-saudi-arabian-grand-prix-r,2025,Saudi Arabian Grand Prix,2025-04-20 17:37:10+00:00,2230000.0,Other,CAR 23 (ALB) TIME 1:35.896 DELETED - TRACK LIMITS AT TURN 2 LAP 19 20:35:40,,,,,,,20,other,car # (alb) time #:#.# deleted - track limits at turn # lap # #:#:#,False,False,True,False,True
3410,2025-saudi-arabian-grand-prix-r,2025,Saudi Arabian Grand Prix,2025-04-20 17:40:43+00:00,2443000.0,Other,CAR 5 (BOR) TIME 1:36.354 DELETED - TRACK LIMITS AT TURN 2 LAP 21 20:39:10,,,,,,,22,other,car # (bor) time #:#.# deleted - track limits at turn # lap # #:#:#,False,False,True,False,True
3411,2025-saudi-arabian-grand-prix-r,2025,Saudi Arabian Grand Prix,2025-04-20 17:42:00+00:00,2520000.0,Other,CAR 6 (HAD) TIME 1:36.137 DELETED - TRACK LIMITS AT TURN 2 LAP 22 20:40:29,,,,,,,23,other,car # (had) time #:#.# deleted - track limits at turn # lap # #:#:#,False,False,True,False,True
3412,2025-saudi-arabian-grand-prix-r,2025,Saudi Arabian Grand Prix,2025-04-20 17:42:04+00:00,2524000.0,Other,FIA STEWARDS: PENALTY SERVED - 5 SECOND TIME PENALTY FOR CAR 1 (VER),,,,,,,23,penalties,fia stewards: penalty served - # second time penalty for car # (ver),False,False,True,False,True
3413,2025-saudi-arabian-grand-prix-r,2025,Saudi Arabian Grand Prix,2025-04-20 17:47:33+00:00,2853000.0,Other,TURN 1 INCIDENT INVOLVING CARS 5 (BOR) AND 14 (ALO) NOTED,,,,,,,26,investigations_noted,turn # incident involving cars # (bor) and # (alo) noted,False,False,True,False,True
3414,2025-saudi-arabian-grand-prix-r,2025,Saudi Arabian Grand Prix,2025-04-20 17:47:59+00:00,2879000.0,Other,CAR 14 (ALO) TIME 1:37.031 DELETED - TRACK LIMITS AT TURN 2 LAP 25 20:45:38,,,,,,,27,other,car # (alo) time #:#.# deleted - track limits at turn # lap # #:#:#,False,False,True,False,True
3415,2025-saudi-arabian-grand-prix-r,2025,Saudi Arabian Grand Prix,2025-04-20 17:50:56+00:00,3056000.0,Other,CAR 4 (NOR) TIME 1:33.342 DELETED - TRACK LIMITS AT TURN 4 LAP 27 20:48:11,,,,,,,29,other,car # (nor) time #:#.# deleted - track limits at turn # lap # #:#:#,False,False,True,False,True
3416,2025-saudi-arabian-grand-prix-r,2025,Saudi Arabian Grand Prix,2025-04-20 17:52:31+00:00,3151000.0,Other,CAR 30 (LAW) TIME 1:35.190 DELETED - TRACK LIMITS AT TURN 2 LAP 28 20:50:21,,,,,,,30,other,car # (law) time #:#.# deleted - track limits at turn # lap # #:#:#,False,False,True,False,True
3417,2025-saudi-arabian-grand-prix-r,2025,Saudi Arabian Grand Prix,2025-04-20 17:54:11+00:00,3251000.0,Other,CAR 12 (ANT) TIME 1:33.780 DELETED - TRACK LIMITS AT TURN 15 LAP 25 20:45:55,,,,,,,31,other,car # (ant) time #:#.# deleted - track limits at turn # lap # #:#:#,False,False,True,False,True
3418,2025-saudi-arabian-grand-prix-r,2025,Saudi Arabian Grand Prix,2025-04-20 17:54:53+00:00,3293000.0,Other,TURN 1 INCIDENT INVOLVING CARS 30 (LAW) AND 7 (DOO) NOTED,,,,,,,31,investigations_noted,turn # incident involving cars # (law) and # (doo) noted,False,False,True,False,True
3419,2025-saudi-arabian-grand-prix-r,2025,Saudi Arabian Grand Prix,2025-04-20 17:56:14+00:00,3374000.0,Other,CAR 6 (HAD) TIME 1:35.421 DELETED - TRACK LIMITS AT TURN 22 LAP 31 20:55:40,,,,,,,32,other,car # (had) time #:#.# deleted - track limits at turn # lap # #:#:#,False,False,True,False,True
3420,2025-saudi-arabian-grand-prix-r,2025,Saudi Arabian Grand Prix,2025-04-20 17:56:23+00:00,3383000.0,Other,CAR 44 (HAM) TIME 1:34.392 DELETED - TRACK LIMITS AT TURN 22 LAP 31 20:55:45,,,,,,,32,other,car # (ham) time #:#.# deleted - track limits at turn # lap # #:#:#,False,False,True,False,True
3421,2025-saudi-arabian-grand-prix-r,2025,Saudi Arabian Grand Prix,2025-04-20 18:00:29+00:00,3629000.0,Other,FIA STEWARDS: TURN 1 INCIDENT INVOLVING CARS 5 (BOR) AND 14 (ALO) REVIEWED NO FURTHER INVESTIGATION,,,,,,,35,investigations_noted,fia stewards: turn # incident involving cars # (bor) and # (alo) reviewed no further investigation,False,False,True,False,True
3422,2025-saudi-arabian-grand-prix-r,2025,Saudi Arabian Grand Prix,2025-04-20 18:01:50+00:00,3710000.0,Flag,BLACK AND WHITE FLAG FOR CAR 5 (BOR) - MOVING UNDER BRAKING,,BLACK AND WHITE,Driver,,5.0,BOR,35,flags,black and white flag for car # (bor) - moving under braking,False,False,False,True,True
3423,2025-saudi-arabian-grand-prix-r,2025,Saudi Arabian Grand Prix,2025-04-20 18:04:41+00:00,3881000.0,Other,FIA STEWARDS: TURN 1 INCIDENT INVOLVING CARS 30 (LAW) AND 7 (DOO) UNDER INVESTIGATION,,,,,,,37,investigations_noted,fia stewards: turn # incident involving cars # (law) and # (doo) under investigation,False,False,True,False,True
3424,2025-saudi-arabian-grand-prix-r,2025,Saudi Arabian Grand Prix,2025-04-20 18:06:19+00:00,3979000.0,Other,FIA STEWARDS: 10 SECOND TIME PENALTY FOR CAR 30 (LAW) - LEAVING THE TRACK AND GAINING AN ADVANTAGE,,,,,,,38,penalties,fia stewards: # second time penalty for car # (law) - leaving the track and gaining an advantage,False,False,True,False,True
3425,2025-saudi-arabian-grand-prix-r,2025,Saudi Arabian Grand Prix,2025-04-20 18:08:14+00:00,4094000.0,Other,INCIDENT INVOLVING CAR 4 (NOR) NOTED - FAILING TO FOLLOW RACE DIRECTORS INSTRUCTIONS – CROSSING THE LINE AT PIT EXIT,,,,,,,40,investigations_noted,incident involving car # (nor) noted - failing to follow race directors instructions – crossing the line at pit exit,False,False,True,False,True
3426,2025-saudi-arabian-grand-prix-r,2025,Saudi Arabian Grand Prix,2025-04-20 18:10:54+00:00,4254000.0,Flag,WAVED BLUE FLAG FOR CAR 7 (DOO) TIMED AT 21:10:53,,BLUE,Driver,,7.0,DOO,41,flags,waved blue flag for car # (doo) timed at #:#:#,False,False,False,True,True
3427,2025-saudi-arabian-grand-prix-r,2025,Saudi Arabian Grand Prix,2025-04-20 18:13:06+00:00,4386000.0,Flag,WAVED BLUE FLAG FOR CAR 7 (DOO) TIMED AT 21:13:06,,BLUE,Driver,,7.0,DOO,43,flags,waved blue flag for car # (doo) timed at #:#:#,False,False,False,True,True
3428,2025-saudi-arabian-grand-prix-r,2025,Saudi Arabian Grand Prix,2025-04-20 18:14:11+00:00,4451000.0,Other,FIA STEWARDS: INCIDENT INVOLVING CAR 4 (NOR) REVIEWED NO FURTHER INVESTIGATION - FAILING TO FOLLOW RACE DIRECTORS INSTRUCTIONS – CROSSING THE LINE AT PIT EXIT,,,,,,,43,investigations_noted,fia stewards: incident involving car # (nor) reviewed no further investigation - failing to follow race directors instructions – crossing the line at pit exit,False,False,True,False,True
3429,2025-saudi-arabian-grand-prix-r,2025,Saudi Arabian Grand Prix,2025-04-20 18:16:33+00:00,4593000.0,Flag,WAVED BLUE FLAG FOR CAR 7 (DOO) TIMED AT 21:16:32,,BLUE,Driver,,7.0,DOO,45,flags,waved blue flag for car # (doo) timed at #:#:#,False,False,False,True,True
3430,2025-saudi-arabian-grand-prix-r,2025,Saudi Arabian Grand Prix,2025-04-20 18:17:19+00:00,4639000.0,Flag,WAVED BLUE FLAG FOR CAR 7 (DOO) TIMED AT 21:17:19,,BLUE,Driver,,7.0,DOO,46,flags,waved blue flag for car # (doo) timed at #:#:#,False,False,False,True,True
3431,2025-saudi-arabian-grand-prix-r,2025,Saudi Arabian Grand Prix,2025-04-20 18:18:11+00:00,4691000.0,Flag,WAVED BLUE FLAG FOR CAR 18 (STR) TIMED AT 21:18:11,,BLUE,Driver,,18.0,STR,46,flags,waved blue flag for car # (str) timed at #:#:#,False,False,False,True,True
3432,2025-saudi-arabian-grand-prix-r,2025,Saudi Arabian Grand Prix,2025-04-20 18:18:41+00:00,4721000.0,Flag,WAVED BLUE FLAG FOR CAR 5 (BOR) TIMED AT 21:18:40,,BLUE,Driver,,5.0,BOR,46,flags,waved blue flag for car # (bor) timed at #:#:#,False,False,False,True,True
3433,2025-saudi-arabian-grand-prix-r,2025,Saudi Arabian Grand Prix,2025-04-20 18:19:17+00:00,4757000.0,Flag,WAVED BLUE FLAG FOR CAR 5 (BOR) TIMED AT 21:19:16,,BLUE,Driver,,5.0,BOR,47,flags,waved blue flag for car # (bor) timed at #:#:#,False,False,False,True,True
3434,2025-saudi-arabian-grand-prix-r,2025,Saudi Arabian Grand Prix,2025-04-20 18:20:45+00:00,4845000.0,Flag,WAVED BLUE FLAG FOR CAR 18 (STR) TIMED AT 21:20:44,,BLUE,Driver,,18.0,STR,48,flags,waved blue flag for car # (str) timed at #:#:#,False,False,False,True,True
3435,2025-saudi-arabian-grand-prix-r,2025,Saudi Arabian Grand Prix,2025-04-20 18:21:16+00:00,4876000.0,Flag,WAVED BLUE FLAG FOR CAR 5 (BOR) TIMED AT 21:21:16,,BLUE,Driver,,5.0,BOR,48,flags,waved blue flag for car # (bor) timed at #:#:#,False,False,False,True,True
3436,2025-saudi-arabian-grand-prix-r,2025,Saudi Arabian Grand Prix,2025-04-20 18:21:31+00:00,4891000.0,Flag,WAVED BLUE FLAG FOR CAR 18 (STR) TIMED AT 21:21:30,,BLUE,Driver,,18.0,STR,48,flags,waved blue flag for car # (str) timed at #:#:#,False,False,False,True,True
3437,2025-saudi-arabian-grand-prix-r,2025,Saudi Arabian Grand Prix,2025-04-20 18:21:38+00:00,4898000.0,Flag,WAVED BLUE FLAG FOR CAR 5 (BOR) TIMED AT 21:21:37,,BLUE,Driver,,5.0,BOR,48,flags,waved blue flag for car # (bor) timed at #:#:#,False,False,False,True,True
3438,2025-saudi-arabian-grand-prix-r,2025,Saudi Arabian Grand Prix,2025-04-20 18:23:38+00:00,5018000.0,Flag,WAVED BLUE FLAG FOR CAR 27 (HUL) TIMED AT 21:23:38,,BLUE,Driver,,27.0,HUL,50,flags,waved blue flag for car # (hul) timed at #:#:#,False,False,False,True,True
3439,2025-saudi-arabian-grand-prix-r,2025,Saudi Arabian Grand Prix,2025-04-20 18:24:02+00:00,5042000.0,Flag,WAVED BLUE FLAG FOR CAR 27 (HUL) TIMED AT 21:24:02,,BLUE,Driver,,27.0,HUL,50,flags,waved blue flag for car # (hul) timed at #:#:#,False,False,False,True,True
3440,2025-saudi-arabian-grand-prix-r,2025,Saudi Arabian Grand Prix,2025-04-20 18:25:02+00:00,5102000.0,Flag,CHEQUERED FLAG,,CHEQUERED,Track,,,,50,red_flag,chequered flag,False,False,True,False,True
3376,2025-saudi-arabian-grand-prix-r,2025,Saudi Arabian Grand Prix,2025-04-20 16:20:01+00:00,,Flag,GREEN LIGHT - PIT EXIT OPEN,,GREEN,Track,,,,1,pit_entry_exit,green light - pit exit open,True,False,True,False,True
3377,2025-saudi-arabian-grand-prix-r,2025,Saudi Arabian Grand Prix,2025-04-20 16:30:01+00:00,,Other,PIT EXIT CLOSED,,,,,,,1,pit_entry_exit,pit exit closed,True,False,True,False,True
3378,2025-saudi-arabian-grand-prix-r,2025,Saudi Arabian Grand Prix,2025-04-20 16:45:48+00:00,,Other,RISK OF RAIN FOR F1 RACE IS 0 %,,,,,,,1,other,risk of rain for f1 race is # %,True,False,True,False,True
3379,2025-saudi-arabian-grand-prix-r,2025,Saudi Arabian Grand Prix,2025-04-20 16:57:02+00:00,,Drs,DRS DISABLED,DISABLED,,,,,,1,drs,drs disabled,True,False,True,False,True
3460,2025-miami-grand-prix-r,2025,Miami Grand Prix,2025-05-04 20:03:42+00:00,222000.0,Flag,GREEN LIGHT - PIT EXIT OPEN,,GREEN,Track,,,,1,pit_entry_exit,green light - pit exit open,False,False,True,False,True
3461,2025-miami-grand-prix-r,2025,Miami Grand Prix,2025-05-04 20:03:56+00:00,236000.0,Flag,DOUBLE YELLOW IN TRACK SECTOR 2,,DOUBLE YELLOW,Sector,2.0,,,1,flags,double yellow in track sector #,False,False,True,False,True
3462,2025-miami-grand-prix-r,2025,Miami Grand Prix,2025-05-04 20:04:04+00:00,244000.0,Flag,CLEAR IN TRACK SECTOR 2,,CLEAR,Sector,2.0,,,1,flags,clear in track sector #,False,False,True,False,True
3463,2025-miami-grand-prix-r,2025,Miami Grand Prix,2025-05-04 20:04:08+00:00,248000.0,Flag,YELLOW IN TRACK SECTOR 4,,YELLOW,Sector,4.0,,,1,flags,yellow in track sector #,False,False,True,False,True
3464,2025-miami-grand-prix-r,2025,Miami Grand Prix,2025-05-04 20:04:10+00:00,250000.0,Flag,DOUBLE YELLOW IN TRACK SECTOR 4,,DOUBLE YELLOW,Sector,4.0,,,1,flags,double yellow in track sector #,False,False,True,False,True
3465,2025-miami-grand-prix-r,2025,Miami Grand Prix,2025-05-04 20:04:13+00:00,253000.0,Flag,CLEAR IN TRACK SECTOR 4,,CLEAR,Sector,4.0,,,1,flags,clear in track sector #,False,False,True,False,True
3466,2025-miami-grand-prix-r,2025,Miami Grand Prix,2025-05-04 20:04:26+00:00,266000.0,Flag,DOUBLE YELLOW IN TRACK SECTOR 2,,DOUBLE YELLOW,Sector,2.0,,,1,flags,double yellow in track sector #,False,False,True,False,True
3467,2025-miami-grand-prix-r,2025,Miami Grand Prix,2025-05-04 20:04:34+00:00,274000.0,Other,TRACK SURFACE SLIPPERY IN TRACK SECTOR 5,,,,,,,1,other,track surface slippery in track sector #,False,False,True,False,True
3468,2025-miami-grand-prix-r,2025,Miami Grand Prix,2025-05-04 20:05:12+00:00,312000.0,Flag,CLEAR IN TRACK SECTOR 2,,CLEAR,Sector,2.0,,,1,flags,clear in track sector #,False,False,True,False,True
3469,2025-miami-grand-prix-r,2025,Miami Grand Prix,2025-05-04 20:06:00+00:00,360000.0,Flag,DOUBLE YELLOW IN TRACK SECTOR 13,,DOUBLE YELLOW,Sector,13.0,,,2,flags,double yellow in track sector #,False,False,True,False,True
3470,2025-miami-grand-prix-r,2025,Miami Grand Prix,2025-05-04 20:06:00+00:00,360000.0,Flag,DOUBLE YELLOW IN TRACK SECTOR 14,,DOUBLE YELLOW,Sector,14.0,,,2,flags,double yellow in track sector #,False,False,True,False,True
3471,2025-miami-grand-prix-r,2025,Miami Grand Prix,2025-05-04 20:06:03+00:00,363000.0,SafetyCar,VIRTUAL SAFETY CAR DEPLOYED,DEPLOYED,,,,,,2,safety_car,virtual safety car deployed,False,False,True,False,True
3472,2025-miami-grand-prix-r,2025,Miami Grand Prix,2025-05-04 20:06:03+00:00,363000.0,Flag,CLEAR IN TRACK SECTOR 5,,CLEAR,Sector,5.0,,,2,flags,clear in track sector #,False,False,True,False,True
3473,2025-miami-grand-prix-r,2025,Miami Grand Prix,2025-05-04 20:08:51+00:00,531000.0,Flag,CLEAR IN TRACK SECTOR 13,,CLEAR,Sector,13.0,,,3,flags,clear in track sector #,False,False,True,False,True
3474,2025-miami-grand-prix-r,2025,Miami Grand Prix,2025-05-04 20:08:51+00:00,531000.0,Flag,DOUBLE YELLOW IN TRACK SECTOR 13,,DOUBLE YELLOW,Sector,13.0,,,3,flags,double yellow in track sector #,False,False,True,False,True
3475,2025-miami-grand-prix-r,2025,Miami Grand Prix,2025-05-04 20:08:52+00:00,532000.0,Flag,CLEAR IN TRACK SECTOR 14,,CLEAR,Sector,14.0,,,3,flags,clear in track sector #,False,False,True,False,True
3476,2025-miami-grand-prix-r,2025,Miami Grand Prix,2025-05-04 20:08:55+00:00,535000.0,SafetyCar,VIRTUAL SAFETY CAR ENDING,ENDING,,,,,,3,safety_car,virtual safety car ending,False,False,True,False,True
3477,2025-miami-grand-prix-r,2025,Miami Grand Prix,2025-05-04 20:09:08+00:00,548000.0,Flag,TRACK CLEAR,,CLEAR,Track,,,,3,flags,track clear,False,False,True,False,True
3478,2025-miami-grand-prix-r,2025,Miami Grand Prix,2025-05-04 20:09:09+00:00,549000.0,Drs,DRS ENABLED,ENABLED,,,,,,3,drs,drs enabled,False,False,True,False,True
3479,2025-miami-grand-prix-r,2025,Miami Grand Prix,2025-05-04 20:10:59+00:00,659000.0,Other,TURN 1 INCIDENT INVOLVING CARS 7 (DOO) AND 30 (LAW) NOTED - CAUSING A COLLISION,,,,,,,5,investigations_noted,turn # incident involving cars # (doo) and # (law) noted - causing a collision,False,False,True,False,True
3480,2025-miami-grand-prix-r,2025,Miami Grand Prix,2025-05-04 20:12:34+00:00,754000.0,Other,FIA STEWARDS: TURN 1 INCIDENT INVOLVING CARS 7 (DOO) AND 30 (LAW) REVIEWED NO FURTHER INVESTIGATION - CAUSING A COLLISION,,,,,,,6,investigations_noted,fia stewards: turn # incident involving cars # (doo) and # (law) reviewed no further investigation - causing a collision,False,False,True,False,True
3481,2025-miami-grand-prix-r,2025,Miami Grand Prix,2025-05-04 20:12:41+00:00,761000.0,Other,TURN 2 INCIDENT INVOLVING CARS 1 (VER) AND 4 (NOR) NOTED,,,,,,,6,investigations_noted,turn # incident involving cars # (ver) and # (nor) noted,False,False,True,False,True
3482,2025-miami-grand-prix-r,2025,Miami Grand Prix,2025-05-04 20:13:41+00:00,821000.0,Other,FIA STEWARDS: TURN 2 INCIDENT INVOLVING CARS 1 (VER) AND 4 (NOR) REVIEWED NO FURTHER INVESTIGATION,,,,,,,6,investigations_noted,fia stewards: turn # incident involving cars # (ver) and # (nor) reviewed no further investigation,False,False,True,False,True
3483,2025-miami-grand-prix-r,2025,Miami Grand Prix,2025-05-04 20:29:40+00:00,1780000.0,Other,CAR 55 (SAI) TIME 1:32.915 DELETED - TRACK LIMITS AT TURN 15 LAP 16 16:28:57,,,,,,,17,other,car # (sai) time #:#.# deleted - track limits at turn # lap # #:#:#,False,False,True,False,True
3484,2025-miami-grand-prix-r,2025,Miami Grand Prix,2025-05-04 20:31:12+00:00,1872000.0,Other,TURN 15 INCIDENT INVOLVING CAR 55 (SAI) NOTED - LEAVING THE TRACK AND GAINING AN ADVANTAGE,,,,,,,18,investigations_noted,turn # incident involving car # (sai) noted - leaving the track and gaining an advantage,False,False,True,False,True
3485,2025-miami-grand-prix-r,2025,Miami Grand Prix,2025-05-04 20:33:21+00:00,2001000.0,Other,CAR 4 (NOR) TIME 1:34.855 DELETED - TRACK LIMITS AT TURN 11 LAP 17 16:30:10,,,,,,,19,other,car # (nor) time #:#.# deleted - track limits at turn # lap # #:#:#,False,False,True,False,True
3486,2025-miami-grand-prix-r,2025,Miami Grand Prix,2025-05-04 20:33:21+00:00,2001000.0,Other,CAR 1 (VER) TIME 1:34.857 DELETED - TRACK LIMITS AT TURN 11 LAP 17 16:30:10,,,,,,,19,other,car # (ver) time #:#.# deleted - track limits at turn # lap # #:#:#,False,False,True,False,True
3487,2025-miami-grand-prix-r,2025,Miami Grand Prix,2025-05-04 20:34:17+00:00,2057000.0,Other,TURN 11 INCIDENT INVOLVING CARS 4 (NOR) AND 1 (VER) NOTED - LEAVING THE TRACK AND GAINING AN ADVANTAGE,,,,,,,20,investigations_noted,turn # incident involving cars # (nor) and # (ver) noted - leaving the track and gaining an advantage,False,False,True,False,True
3488,2025-miami-grand-prix-r,2025,Miami Grand Prix,2025-05-04 20:35:09+00:00,2109000.0,Other,FIA STEWARDS: TURN 15 INCIDENT INVOLVING CAR 55 (SAI) REVIEWED NO FURTHER INVESTIGATION - LEAVING THE TRACK AND GAINING AN ADVANTAGE,,,,,,,20,investigations_noted,fia stewards: turn # incident involving car # (sai) reviewed no further investigation - leaving the track and gaining an advantage,False,False,True,False,True
3489,2025-miami-grand-prix-r,2025,Miami Grand Prix,2025-05-04 20:35:30+00:00,2130000.0,Other,FIA STEWARDS: TURN 11 INCIDENT INVOLVING CARS 4 (NOR) AND 1 (VER) REVIEWED NO FURTHER INVESTIGATION - LEAVING THE TRACK AND GAINING AN ADVANTAGE,,,,,,,21,investigations_noted,fia stewards: turn # incident involving cars # (nor) and # (ver) reviewed no further investigation - leaving the track and gaining an advantage,False,False,True,False,True
3490,2025-miami-grand-prix-r,2025,Miami Grand Prix,2025-05-04 20:48:05+00:00,2885000.0,SafetyCar,VIRTUAL SAFETY CAR DEPLOYED,DEPLOYED,,,,,,29,safety_car,virtual safety car deployed,False,False,True,False,True
3491,2025-miami-grand-prix-r,2025,Miami Grand Prix,2025-05-04 20:50:12+00:00,3012000.0,SafetyCar,VIRTUAL SAFETY CAR ENDING,ENDING,,,,,,30,safety_car,virtual safety car ending,False,False,True,False,True
3492,2025-miami-grand-prix-r,2025,Miami Grand Prix,2025-05-04 20:50:25+00:00,3025000.0,Flag,TRACK CLEAR,,CLEAR,Track,,,,30,flags,track clear,False,False,True,False,True
3493,2025-miami-grand-prix-r,2025,Miami Grand Prix,2025-05-04 20:50:25+00:00,3025000.0,Drs,DRS ENABLED,ENABLED,,,,,,30,drs,drs enabled,False,False,True,False,True
3494,2025-miami-grand-prix-r,2025,Miami Grand Prix,2025-05-04 20:52:10+00:00,3130000.0,Other,INCIDENT INVOLVING CAR 22 (TSU) NOTED - SPEEDING IN THE PIT LANE,,,,,,,31,investigations_noted,incident involving car # (tsu) noted - speeding in the pit lane,False,False,True,False,True
3495,2025-miami-grand-prix-r,2025,Miami Grand Prix,2025-05-04 20:52:24+00:00,3144000.0,Other,FIA STEWARDS: INCIDENT INVOLVING CAR 22 (TSU) UNDER INVESTIGATION - SPEEDING IN THE PIT LANE,,,,,,,31,investigations_noted,fia stewards: incident involving car # (tsu) under investigation - speeding in the pit lane,False,False,True,False,True
3496,2025-miami-grand-prix-r,2025,Miami Grand Prix,2025-05-04 20:53:04+00:00,3184000.0,Other,CAR 5 (BOR) TIME 1:57.049 DELETED - TRACK LIMITS AT TURN 6 LAP 30 16:51:18,,,,,,,32,other,car # (bor) time #:#.# deleted - track limits at turn # lap # #:#:#,False,False,True,False,True
3497,2025-miami-grand-prix-r,2025,Miami Grand Prix,2025-05-04 20:53:15+00:00,3195000.0,Other,FIA STEWARDS: 5 SECOND TIME PENALTY FOR CAR 22 (TSU) - SPEEDING IN THE PIT LANE,,,,,,,32,penalties,fia stewards: # second time penalty for car # (tsu) - speeding in the pit lane,False,False,True,False,True
3498,2025-miami-grand-prix-r,2025,Miami Grand Prix,2025-05-04 20:53:48+00:00,3228000.0,Flag,WAVED BLUE FLAG FOR CAR 5 (BOR) TIMED AT 16:53:47,,BLUE,Driver,,5.0,BOR,32,flags,waved blue flag for car # (bor) timed at #:#:#,False,False,False,True,True
3499,2025-miami-grand-prix-r,2025,Miami Grand Prix,2025-05-04 20:55:09+00:00,3309000.0,SafetyCar,VIRTUAL SAFETY CAR DEPLOYED,DEPLOYED,,,,,,33,safety_car,virtual safety car deployed,False,False,True,False,True
3500,2025-miami-grand-prix-r,2025,Miami Grand Prix,2025-05-04 20:56:31+00:00,3391000.0,SafetyCar,VIRTUAL SAFETY CAR ENDING,ENDING,,,,,,34,safety_car,virtual safety car ending,False,False,True,False,True
3501,2025-miami-grand-prix-r,2025,Miami Grand Prix,2025-05-04 20:56:44+00:00,3404000.0,Flag,TRACK CLEAR,,CLEAR,Track,,,,34,flags,track clear,False,False,True,False,True
3502,2025-miami-grand-prix-r,2025,Miami Grand Prix,2025-05-04 20:56:44+00:00,3404000.0,Drs,DRS ENABLED,ENABLED,,,,,,34,drs,drs enabled,False,False,True,False,True
3503,2025-miami-grand-prix-r,2025,Miami Grand Prix,2025-05-04 20:58:39+00:00,3519000.0,Flag,WAVED BLUE FLAG FOR CAR 30 (LAW) TIMED AT 16:58:38,,BLUE,Driver,,30.0,LAW,35,flags,waved blue flag for car # (law) timed at #:#:#,False,False,False,True,True
3504,2025-miami-grand-prix-r,2025,Miami Grand Prix,2025-05-04 21:01:25+00:00,3685000.0,Flag,WAVED BLUE FLAG FOR CAR 30 (LAW) TIMED AT 17:01:25,,BLUE,Driver,,30.0,LAW,37,flags,waved blue flag for car # (law) timed at #:#:#,False,False,False,True,True
3505,2025-miami-grand-prix-r,2025,Miami Grand Prix,2025-05-04 21:08:31+00:00,4111000.0,Other,INCIDENT INVOLVING CAR 10 (GAS) NOTED - YELLOW FLAG INFRINGEMENT,,,,,,,42,investigations_noted,incident involving car # (gas) noted - yellow flag infringement,False,False,True,False,True
3506,2025-miami-grand-prix-r,2025,Miami Grand Prix,2025-05-04 21:08:40+00:00,4120000.0,Other,INCIDENT INVOLVING CAR 55 (SAI) NOTED - YELLOW FLAG INFRINGEMENT,,,,,,,42,investigations_noted,incident involving car # (sai) noted - yellow flag infringement,False,False,True,False,True
3507,2025-miami-grand-prix-r,2025,Miami Grand Prix,2025-05-04 21:14:23+00:00,4463000.0,Other,FIA STEWARDS: INCIDENT INVOLVING CAR 10 (GAS) WILL BE INVESTIGATED AFTER THE RACE - YELLOW FLAG INFRINGEMENT,,,,,,,45,investigations_noted,fia stewards: incident involving car # (gas) will be investigated after the race - yellow flag infringement,False,False,True,False,True
3508,2025-miami-grand-prix-r,2025,Miami Grand Prix,2025-05-04 21:14:27+00:00,4467000.0,Other,FIA STEWARDS: INCIDENT INVOLVING CAR 55 (SAI) WILL BE INVESTIGATED AFTER THE RACE - YELLOW FLAG INFRINGEMENT,,,,,,,45,investigations_noted,fia stewards: incident involving car # (sai) will be investigated after the race - yellow flag infringement,False,False,True,False,True
3509,2025-miami-grand-prix-r,2025,Miami Grand Prix,2025-05-04 21:15:03+00:00,4503000.0,Flag,WAVED BLUE FLAG FOR CAR 18 (STR) TIMED AT 17:15:02,,BLUE,Driver,,18.0,STR,46,flags,waved blue flag for car # (str) timed at #:#:#,False,False,False,True,True
3510,2025-miami-grand-prix-r,2025,Miami Grand Prix,2025-05-04 21:16:34+00:00,4594000.0,Flag,WAVED BLUE FLAG FOR CAR 18 (STR) TIMED AT 17:16:34,,BLUE,Driver,,18.0,STR,47,flags,waved blue flag for car # (str) timed at #:#:#,False,False,False,True,True
3511,2025-miami-grand-prix-r,2025,Miami Grand Prix,2025-05-04 21:18:03+00:00,4683000.0,Flag,WAVED BLUE FLAG FOR CAR 14 (ALO) TIMED AT 17:18:03,,BLUE,Driver,,14.0,ALO,48,flags,waved blue flag for car # (alo) timed at #:#:#,False,False,False,True,True
3512,2025-miami-grand-prix-r,2025,Miami Grand Prix,2025-05-04 21:20:04+00:00,4804000.0,Flag,WAVED BLUE FLAG FOR CAR 14 (ALO) TIMED AT 17:20:04,,BLUE,Driver,,14.0,ALO,49,flags,waved blue flag for car # (alo) timed at #:#:#,False,False,False,True,True
3513,2025-miami-grand-prix-r,2025,Miami Grand Prix,2025-05-04 21:20:13+00:00,4813000.0,Flag,WAVED BLUE FLAG FOR CAR 14 (ALO) TIMED AT 17:20:13,,BLUE,Driver,,14.0,ALO,49,flags,waved blue flag for car # (alo) timed at #:#:#,False,False,False,True,True
3514,2025-miami-grand-prix-r,2025,Miami Grand Prix,2025-05-04 21:32:03+00:00,5523000.0,Flag,WAVED BLUE FLAG FOR CAR 27 (HUL) TIMED AT 17:32:03,,BLUE,Driver,,27.0,HUL,57,flags,waved blue flag for car # (hul) timed at #:#:#,False,False,False,True,True
3515,2025-miami-grand-prix-r,2025,Miami Grand Prix,2025-05-04 21:32:33+00:00,5553000.0,Flag,CHEQUERED FLAG,,CHEQUERED,Track,,,,57,red_flag,chequered flag,False,False,True,False,True
3516,2025-miami-grand-prix-r,2025,Miami Grand Prix,2025-05-04 21:34:36+00:00,5676000.0,Other,TURN 17 INCIDENT INVOLVING CARS 44 (HAM) AND 55 (SAI) NOTED - CAUSING A COLLISION,,,,,,,57,investigations_noted,turn # incident involving cars # (ham) and # (sai) noted - causing a collision,False,False,True,False,True
3517,2025-miami-grand-prix-r,2025,Miami Grand Prix,2025-05-04 21:34:50+00:00,5690000.0,Other,FIA STEWARDS: TURN 17 INCIDENT INVOLVING CARS 44 (HAM) AND 55 (SAI) WILL BE INVESTIGATED AFTER THE RACE - CAUSING A COLLISION,,,,,,,57,investigations_noted,fia stewards: turn # incident involving cars # (ham) and # (sai) will be investigated after the race - causing a collision,False,False,True,False,True
3441,2025-miami-grand-prix-r,2025,Miami Grand Prix,2025-05-04 19:05:02+00:00,,Other,PINK HEAD PADDING MATERIAL MUST BE USED,,,,,,,1,other,pink head padding material must be used,True,False,True,False,True
3442,2025-miami-grand-prix-r,2025,Miami Grand Prix,2025-05-04 19:20:00+00:00,,Flag,GREEN LIGHT - PIT EXIT OPEN,,GREEN,Track,,,,1,pit_entry_exit,green light - pit exit open,True,False,True,False,True
3443,2025-miami-grand-prix-r,2025,Miami Grand Prix,2025-05-04 19:30:00+00:00,,Other,PIT EXIT CLOSED,,,,,,,1,pit_entry_exit,pit exit closed,True,False,True,False,True
3444,2025-miami-grand-prix-r,2025,Miami Grand Prix,2025-05-04 19:31:07+00:00,,Flag,DOUBLE YELLOW IN TRACK SECTOR 3,,DOUBLE YELLOW,Sector,3.0,,,1,flags,double yellow in track sector #,True,False,True,False,True
3445,2025-miami-grand-prix-r,2025,Miami Grand Prix,2025-05-04 19:31:47+00:00,,Flag,CLEAR IN TRACK SECTOR 3,,CLEAR,Sector,3.0,,,1,flags,clear in track sector #,True,False,True,False,True
3446,2025-miami-grand-prix-r,2025,Miami Grand Prix,2025-05-04 19:31:50+00:00,,Flag,DOUBLE YELLOW IN TRACK SECTOR 3,,DOUBLE YELLOW,Sector,3.0,,,1,flags,double yellow in track sector #,True,False,True,False,True
3447,2025-miami-grand-prix-r,2025,Miami Grand Prix,2025-05-04 19:34:01+00:00,,Flag,DOUBLE YELLOW IN TRACK SECTOR 20,,DOUBLE YELLOW,Sector,20.0,,,1,flags,double yellow in track sector #,True,False,True,False,True
3448,2025-miami-grand-prix-r,2025,Miami Grand Prix,2025-05-04 19:34:02+00:00,,Other,DRS DISABLED IN ZONE 3,,,,,,,1,drs,drs disabled in zone #,True,False,True,False,True
3449,2025-miami-grand-prix-r,2025,Miami Grand Prix,2025-05-04 19:37:35+00:00,,Flag,CLEAR IN TRACK SECTOR 3,,CLEAR,Sector,3.0,,,1,flags,clear in track sector #,True,False,True,False,True
3450,2025-miami-grand-prix-r,2025,Miami Grand Prix,2025-05-04 19:40:30+00:00,,Flag,DOUBLE YELLOW IN TRACK SECTOR 7,,DOUBLE YELLOW,Sector,7.0,,,1,flags,double yellow in track sector #,True,False,True,False,True
3451,2025-miami-grand-prix-r,2025,Miami Grand Prix,2025-05-04 19:41:34+00:00,,Flag,CLEAR IN TRACK SECTOR 7,,CLEAR,Sector,7.0,,,1,flags,clear in track sector #,True,False,True,False,True
3452,2025-miami-grand-prix-r,2025,Miami Grand Prix,2025-05-04 19:41:38+00:00,,Flag,DOUBLE YELLOW IN TRACK SECTOR 7,,DOUBLE YELLOW,Sector,7.0,,,1,flags,double yellow in track sector #,True,False,True,False,True
3453,2025-miami-grand-prix-r,2025,Miami Grand Prix,2025-05-04 19:42:57+00:00,,Flag,CLEAR IN TRACK SECTOR 7,,CLEAR,Sector,7.0,,,1,flags,clear in track sector #,True,False,True,False,True
3454,2025-miami-grand-prix-r,2025,Miami Grand Prix,2025-05-04 19:43:14+00:00,,Flag,DOUBLE YELLOW IN TRACK SECTOR 7,,DOUBLE YELLOW,Sector,7.0,,,1,flags,double yellow in track sector #,True,False,True,False,True
3455,2025-miami-grand-prix-r,2025,Miami Grand Prix,2025-05-04 19:44:38+00:00,,Flag,CLEAR IN TRACK SECTOR 7,,CLEAR,Sector,7.0,,,1,flags,clear in track sector #,True,False,True,False,True
3456,2025-miami-grand-prix-r,2025,Miami Grand Prix,2025-05-04 19:44:52+00:00,,Other,DRS ENABLED IN ZONE 3,,,,,,,1,drs,drs enabled in zone #,True,False,True,False,True
3457,2025-miami-grand-prix-r,2025,Miami Grand Prix,2025-05-04 19:44:52+00:00,,Flag,CLEAR IN TRACK SECTOR 20,,CLEAR,Sector,20.0,,,1,flags,clear in track sector #,True,False,True,False,True
3458,2025-miami-grand-prix-r,2025,Miami Grand Prix,2025-05-04 19:45:22+00:00,,Other,RISK OF RAIN FOR F1 RACE IS 30%,,,,,,,1,other,risk of rain for f1 race is #%,True,False,True,False,True
3459,2025-miami-grand-prix-r,2025,Miami Grand Prix,2025-05-04 19:57:01+00:00,,Drs,DRS DISABLED,DISABLED,,,,,,1,drs,drs disabled,True,False,True,False,True
3522,2025-emilia-romagna-grand-prix-r,2025,Emilia Romagna Grand Prix,2025-05-18 13:03:33+00:00,213000.0,Flag,GREEN LIGHT - PIT EXIT OPEN,,GREEN,Track,,,,1,pit_entry_exit,green light - pit exit open,False,False,True,False,True
3523,2025-emilia-romagna-grand-prix-r,2025,Emilia Romagna Grand Prix,2025-05-18 13:05:08+00:00,308000.0,Drs,DRS ENABLED,ENABLED,,,,,,2,drs,drs enabled,False,False,True,False,True
3524,2025-emilia-romagna-grand-prix-r,2025,Emilia Romagna Grand Prix,2025-05-18 13:08:32+00:00,512000.0,Other,CAR 10 (GAS) TIME 1:25.766 DELETED - TRACK LIMITS AT TURN 10 LAP 3 15:07:09,,,,,,,4,other,car # (gas) time #:#.# deleted - track limits at turn # lap # #:#:#,False,False,True,False,True
3525,2025-emilia-romagna-grand-prix-r,2025,Emilia Romagna Grand Prix,2025-05-18 13:13:47+00:00,827000.0,Other,CAR 10 (GAS) TIME 1:22.462 DELETED - TRACK LIMITS AT TURN 17 LAP 7 15:13:08,,,,,,,8,other,car # (gas) time #:#.# deleted - track limits at turn # lap # #:#:#,False,False,True,False,True
3526,2025-emilia-romagna-grand-prix-r,2025,Emilia Romagna Grand Prix,2025-05-18 13:42:11+00:00,2531000.0,Flag,YELLOW IN TRACK SECTOR 8,,YELLOW,Sector,8.0,,,29,flags,yellow in track sector #,False,False,True,False,True
3527,2025-emilia-romagna-grand-prix-r,2025,Emilia Romagna Grand Prix,2025-05-18 13:42:34+00:00,2554000.0,SafetyCar,VIRTUAL SAFETY CAR DEPLOYED,DEPLOYED,,,,,,29,safety_car,virtual safety car deployed,False,False,True,False,True
3528,2025-emilia-romagna-grand-prix-r,2025,Emilia Romagna Grand Prix,2025-05-18 13:42:37+00:00,2557000.0,Flag,DOUBLE YELLOW IN TRACK SECTOR 8,,DOUBLE YELLOW,Sector,8.0,,,29,flags,double yellow in track sector #,False,False,True,False,True
3529,2025-emilia-romagna-grand-prix-r,2025,Emilia Romagna Grand Prix,2025-05-18 13:42:44+00:00,2564000.0,Flag,YELLOW IN TRACK SECTOR 7,,YELLOW,Sector,7.0,,,29,flags,yellow in track sector #,False,False,True,False,True
3530,2025-emilia-romagna-grand-prix-r,2025,Emilia Romagna Grand Prix,2025-05-18 13:45:59+00:00,2759000.0,Flag,CLEAR IN TRACK SECTOR 8,,CLEAR,Sector,8.0,,,31,flags,clear in track sector #,False,False,True,False,True
3531,2025-emilia-romagna-grand-prix-r,2025,Emilia Romagna Grand Prix,2025-05-18 13:46:01+00:00,2761000.0,Flag,CLEAR IN TRACK SECTOR 7,,CLEAR,Sector,7.0,,,31,flags,clear in track sector #,False,False,True,False,True
3532,2025-emilia-romagna-grand-prix-r,2025,Emilia Romagna Grand Prix,2025-05-18 13:46:03+00:00,2763000.0,SafetyCar,VIRTUAL SAFETY CAR ENDING,ENDING,,,,,,31,safety_car,virtual safety car ending,False,False,True,False,True
3533,2025-emilia-romagna-grand-prix-r,2025,Emilia Romagna Grand Prix,2025-05-18 13:46:14+00:00,2774000.0,Flag,TRACK CLEAR,,CLEAR,Track,,,,31,flags,track clear,False,False,True,False,True
3534,2025-emilia-romagna-grand-prix-r,2025,Emilia Romagna Grand Prix,2025-05-18 13:46:15+00:00,2775000.0,Drs,DRS ENABLED,ENABLED,,,,,,31,drs,drs enabled,False,False,True,False,True
3535,2025-emilia-romagna-grand-prix-r,2025,Emilia Romagna Grand Prix,2025-05-18 13:50:08+00:00,3008000.0,Other,TURN 2 INCIDENT INVOLVING CARS 22 (TSU) AND 55 (SAI) NOTED - CAUSING A COLLISION,,,,,,,34,investigations_noted,turn # incident involving cars # (tsu) and # (sai) noted - causing a collision,False,False,True,False,True
3536,2025-emilia-romagna-grand-prix-r,2025,Emilia Romagna Grand Prix,2025-05-18 13:51:21+00:00,3081000.0,Other,FIA STEWARDS: TURN 2 INCIDENT INVOLVING CARS 22 (TSU) AND 55 (SAI) REVIEWED NO FURTHER INVESTIGATION - CAUSING A COLLISION,,,,,,,35,investigations_noted,fia stewards: turn # incident involving cars # (tsu) and # (sai) reviewed no further investigation - causing a collision,False,False,True,False,True
3537,2025-emilia-romagna-grand-prix-r,2025,Emilia Romagna Grand Prix,2025-05-18 13:57:03+00:00,3423000.0,Other,TURN 7 INCIDENT INVOLVING CAR 23 (ALB) NOTED -YELLOW FLAG INFRINGEMENT,,,,,,,39,investigations_noted,turn # incident involving car # (alb) noted -yellow flag infringement,False,False,True,False,True
3538,2025-emilia-romagna-grand-prix-r,2025,Emilia Romagna Grand Prix,2025-05-18 13:58:03+00:00,3483000.0,Other,FIA STEWARDS: TURN 7 INCIDENT INVOLVING CAR 23 (ALB) REVIEWED NO FURTHER INVESTIGATION - YELLOW FLAG INFRINGEMENT,,,,,,,40,investigations_noted,fia stewards: turn # incident involving car # (alb) reviewed no further investigation - yellow flag infringement,False,False,True,False,True
3539,2025-emilia-romagna-grand-prix-r,2025,Emilia Romagna Grand Prix,2025-05-18 14:01:56+00:00,3716000.0,Flag,WAVED BLUE FLAG FOR CAR 5 (BOR) TIMED AT 16:01:55,,BLUE,Driver,,5.0,BOR,43,flags,waved blue flag for car # (bor) timed at #:#:#,False,False,False,True,True
3540,2025-emilia-romagna-grand-prix-r,2025,Emilia Romagna Grand Prix,2025-05-18 14:04:26+00:00,3866000.0,Flag,WAVED BLUE FLAG FOR CAR 30 (LAW) TIMED AT 16:04:26,,BLUE,Driver,,30.0,LAW,45,flags,waved blue flag for car # (law) timed at #:#:#,False,False,False,True,True
3541,2025-emilia-romagna-grand-prix-r,2025,Emilia Romagna Grand Prix,2025-05-18 14:04:53+00:00,3893000.0,Flag,WAVED BLUE FLAG FOR CAR 43 (COL) TIMED AT 16:04:53,,BLUE,Driver,,43.0,COL,45,flags,waved blue flag for car # (col) timed at #:#:#,False,False,False,True,True
3542,2025-emilia-romagna-grand-prix-r,2025,Emilia Romagna Grand Prix,2025-05-18 14:06:02+00:00,3962000.0,Flag,WAVED BLUE FLAG FOR CAR 10 (GAS) TIMED AT 16:06:01,,BLUE,Driver,,10.0,GAS,46,flags,waved blue flag for car # (gas) timed at #:#:#,False,False,False,True,True
3543,2025-emilia-romagna-grand-prix-r,2025,Emilia Romagna Grand Prix,2025-05-18 14:06:07+00:00,3967000.0,Flag,YELLOW IN TRACK SECTOR 8,,YELLOW,Sector,8.0,,,46,flags,yellow in track sector #,False,False,True,False,True
3544,2025-emilia-romagna-grand-prix-r,2025,Emilia Romagna Grand Prix,2025-05-18 14:06:21+00:00,3981000.0,Flag,WAVED BLUE FLAG FOR CAR 10 (GAS) TIMED AT 16:06:20,,BLUE,Driver,,10.0,GAS,46,flags,waved blue flag for car # (gas) timed at #:#:#,False,False,False,True,True
3545,2025-emilia-romagna-grand-prix-r,2025,Emilia Romagna Grand Prix,2025-05-18 14:06:27+00:00,3987000.0,SafetyCar,SAFETY CAR DEPLOYED,DEPLOYED,,,,,,46,safety_car,safety car deployed,False,False,True,False,True
3546,2025-emilia-romagna-grand-prix-r,2025,Emilia Romagna Grand Prix,2025-05-18 14:07:06+00:00,4026000.0,Flag,DOUBLE YELLOW IN TRACK SECTOR 8,,DOUBLE YELLOW,Sector,8.0,,,47,flags,double yellow in track sector #,False,False,True,False,True
3547,2025-emilia-romagna-grand-prix-r,2025,Emilia Romagna Grand Prix,2025-05-18 14:09:30+00:00,4170000.0,Other,RECOVERY VEHICLE ON TRACK AT TURN 7,,,,,,,48,other,recovery vehicle on track at turn #,False,False,True,False,True
3548,2025-emilia-romagna-grand-prix-r,2025,Emilia Romagna Grand Prix,2025-05-18 14:14:18+00:00,4458000.0,Flag,DOUBLE YELLOW IN TRACK SECTOR 9,,DOUBLE YELLOW,Sector,9.0,,,50,flags,double yellow in track sector #,False,False,True,False,True
3549,2025-emilia-romagna-grand-prix-r,2025,Emilia Romagna Grand Prix,2025-05-18 14:16:20+00:00,4580000.0,Flag,CLEAR IN TRACK SECTOR 8,,CLEAR,Sector,8.0,,,51,flags,clear in track sector #,False,False,True,False,True
3550,2025-emilia-romagna-grand-prix-r,2025,Emilia Romagna Grand Prix,2025-05-18 14:17:21+00:00,4641000.0,Flag,CLEAR IN TRACK SECTOR 9,,CLEAR,Sector,9.0,,,51,flags,clear in track sector #,False,False,True,False,True
3551,2025-emilia-romagna-grand-prix-r,2025,Emilia Romagna Grand Prix,2025-05-18 14:18:03+00:00,4683000.0,Other,LAPPED CAR MAY NOW OVERTAKE THE SAFETY CAR: 87,,,,,,,52,safety_car,lapped car may now overtake the safety car: #,False,False,True,False,True
3552,2025-emilia-romagna-grand-prix-r,2025,Emilia Romagna Grand Prix,2025-05-18 14:20:09+00:00,4809000.0,SafetyCar,SAFETY CAR IN THIS LAP,IN THIS LAP,,,,,,53,safety_car,safety car in this lap,False,False,True,False,True
3553,2025-emilia-romagna-grand-prix-r,2025,Emilia Romagna Grand Prix,2025-05-18 14:21:42+00:00,4902000.0,Flag,TRACK CLEAR,,CLEAR,Track,,,,53,flags,track clear,False,False,True,False,True
3554,2025-emilia-romagna-grand-prix-r,2025,Emilia Romagna Grand Prix,2025-05-18 14:23:24+00:00,5004000.0,Other,INCIDENT INVOLVING CARS 4 (NOR) AND 23 (ALB) NOTED - SAFETY CAR INFRINGEMENT,,,,,,,55,safety_car,incident involving cars # (nor) and # (alb) noted - safety car infringement,False,False,True,False,True
3555,2025-emilia-romagna-grand-prix-r,2025,Emilia Romagna Grand Prix,2025-05-18 14:23:33+00:00,5013000.0,Drs,DRS ENABLED,ENABLED,,,,,,55,drs,drs enabled,False,False,True,False,True
3556,2025-emilia-romagna-grand-prix-r,2025,Emilia Romagna Grand Prix,2025-05-18 14:24:31+00:00,5071000.0,Other,FIA STEWARDS: INCIDENT INVOLVING CARS 4 (NOR) AND 23 (ALB) REVIEWED NO FURTHER INVESTIGATION - SAFETY CAR INFRINGEMENT,,,,,,,55,safety_car,fia stewards: incident involving cars # (nor) and # (alb) reviewed no further investigation - safety car infringement,False,False,True,False,True
3557,2025-emilia-romagna-grand-prix-r,2025,Emilia Romagna Grand Prix,2025-05-18 14:31:22+00:00,5482000.0,Other,TURN 2 INCIDENT INVOLVING CARS 16 (LEC) AND 23 (ALB) NOTED - FORCING ANOTHER DRIVER OFF THE TRACK,,,,,,,61,investigations_noted,turn # incident involving cars # (lec) and # (alb) noted - forcing another driver off the track,False,False,True,False,True
3558,2025-emilia-romagna-grand-prix-r,2025,Emilia Romagna Grand Prix,2025-05-18 14:31:43+00:00,5503000.0,Other,CAR 23 (ALB) TIME 1:21.386 DELETED - TRACK LIMITS AT TURN 3 LAP 60 16:30:16,,,,,,,61,other,car # (alb) time #:#.# deleted - track limits at turn # lap # #:#:#,False,False,True,False,True
3559,2025-emilia-romagna-grand-prix-r,2025,Emilia Romagna Grand Prix,2025-05-18 14:33:47+00:00,5627000.0,Other,FIA STEWARDS: TURN 2 INCIDENT INVOLVING CARS 16 (LEC) AND 23 (ALB) UNDER INVESTIGATION - FORCING ANOTHER DRIVER OFF THE TRACK,,,,,,,62,investigations_noted,fia stewards: turn # incident involving cars # (lec) and # (alb) under investigation - forcing another driver off the track,False,False,True,False,True
3560,2025-emilia-romagna-grand-prix-r,2025,Emilia Romagna Grand Prix,2025-05-18 14:35:06+00:00,5706000.0,Flag,CHEQUERED FLAG,,CHEQUERED,Track,,,,63,red_flag,chequered flag,False,False,True,False,True
3561,2025-emilia-romagna-grand-prix-r,2025,Emilia Romagna Grand Prix,2025-05-18 14:36:51+00:00,5811000.0,Other,FIA STEWARDS: TURN 2 INCIDENT INVOLVING CARS 16 (LEC) AND 23 (ALB) NO FURTHER ACTION - FORCING ANOTHER DRIVER OFF THE TRACK,,,,,,,63,investigations_noted,fia stewards: turn # incident involving cars # (lec) and # (alb) no further action - forcing another driver off the track,False,False,True,False,True
3518,2025-emilia-romagna-grand-prix-r,2025,Emilia Romagna Grand Prix,2025-05-18 12:20:00+00:00,,Flag,GREEN LIGHT - PIT EXIT OPEN,,GREEN,Track,,,,1,pit_entry_exit,green light - pit exit open,True,False,True,False,True
3519,2025-emilia-romagna-grand-prix-r,2025,Emilia Romagna Grand Prix,2025-05-18 12:30:00+00:00,,Other,PIT EXIT CLOSED,,,,,,,1,pit_entry_exit,pit exit closed,True,False,True,False,True
3520,2025-emilia-romagna-grand-prix-r,2025,Emilia Romagna Grand Prix,2025-05-18 12:45:13+00:00,,Other,RISK OF RAIN FOR F1 RACE IS 20%,,,,,,,1,other,risk of rain for f1 race is #%,True,False,True,False,True
3521,2025-emilia-romagna-grand-prix-r,2025,Emilia Romagna Grand Prix,2025-05-18 12:57:02+00:00,,Drs,DRS DISABLED,DISABLED,,,,,,1,drs,drs disabled,True,False,True,False,True
3570,2025-monaco-grand-prix-r,2025,Monaco Grand Prix,2025-05-25 13:03:09+00:00,189000.0,Flag,GREEN LIGHT - PIT EXIT OPEN,,GREEN,Track,,,,1,pit_entry_exit,green light - pit exit open,False,False,True,False,True
3571,2025-monaco-grand-prix-r,2025,Monaco Grand Prix,2025-05-25 13:04:01+00:00,241000.0,Flag,YELLOW IN TRACK SECTOR 10,,YELLOW,Sector,10.0,,,1,flags,yellow in track sector #,False,False,True,False,True
3572,2025-monaco-grand-prix-r,2025,Monaco Grand Prix,2025-05-25 13:04:18+00:00,258000.0,Flag,CLEAR IN TRACK SECTOR 10,,CLEAR,Sector,10.0,,,1,flags,clear in track sector #,False,False,True,False,True
3573,2025-monaco-grand-prix-r,2025,Monaco Grand Prix,2025-05-25 13:04:43+00:00,283000.0,SafetyCar,VIRTUAL SAFETY CAR DEPLOYED,DEPLOYED,,,,,,2,safety_car,virtual safety car deployed,False,False,True,False,True
3574,2025-monaco-grand-prix-r,2025,Monaco Grand Prix,2025-05-25 13:04:57+00:00,297000.0,Flag,DOUBLE YELLOW IN TRACK SECTOR 10,,DOUBLE YELLOW,Sector,10.0,,,2,flags,double yellow in track sector #,False,False,True,False,True
3575,2025-monaco-grand-prix-r,2025,Monaco Grand Prix,2025-05-25 13:09:07+00:00,547000.0,Flag,CLEAR IN TRACK SECTOR 10,,CLEAR,Sector,10.0,,,4,flags,clear in track sector #,False,False,True,False,True
3576,2025-monaco-grand-prix-r,2025,Monaco Grand Prix,2025-05-25 13:09:15+00:00,555000.0,SafetyCar,VIRTUAL SAFETY CAR ENDING,ENDING,,,,,,4,safety_car,virtual safety car ending,False,False,True,False,True
3577,2025-monaco-grand-prix-r,2025,Monaco Grand Prix,2025-05-25 13:09:28+00:00,568000.0,Flag,TRACK CLEAR,,CLEAR,Track,,,,4,flags,track clear,False,False,True,False,True
3578,2025-monaco-grand-prix-r,2025,Monaco Grand Prix,2025-05-25 13:09:31+00:00,571000.0,Drs,DRS ENABLED,ENABLED,,,,,,4,drs,drs enabled,False,False,True,False,True
3579,2025-monaco-grand-prix-r,2025,Monaco Grand Prix,2025-05-25 13:10:35+00:00,635000.0,Other,TURN 8 INCIDENT INVOLVING CARS 12 (ANT) AND 5 (BOR) NOTED,,,,,,,5,investigations_noted,turn # incident involving cars # (ant) and # (bor) noted,False,False,True,False,True
3580,2025-monaco-grand-prix-r,2025,Monaco Grand Prix,2025-05-25 13:11:07+00:00,667000.0,Other,FIA STEWARDS: TURN 8 INCIDENT INVOLVING CARS 12 (ANT) AND 5 (BOR) REVIEWED NO FURTHER INVESTIGATION,,,,,,,6,investigations_noted,fia stewards: turn # incident involving cars # (ant) and # (bor) reviewed no further investigation,False,False,True,False,True
3581,2025-monaco-grand-prix-r,2025,Monaco Grand Prix,2025-05-25 13:14:56+00:00,896000.0,Flag,DOUBLE YELLOW IN TRACK SECTOR 13,,DOUBLE YELLOW,Sector,13.0,,,8,flags,double yellow in track sector #,False,False,True,False,True
3582,2025-monaco-grand-prix-r,2025,Monaco Grand Prix,2025-05-25 13:16:39+00:00,999000.0,Flag,DOUBLE YELLOW IN TRACK SECTOR 16,,DOUBLE YELLOW,Sector,16.0,,,10,flags,double yellow in track sector #,False,False,True,False,True
3583,2025-monaco-grand-prix-r,2025,Monaco Grand Prix,2025-05-25 13:16:52+00:00,1012000.0,Flag,CLEAR IN TRACK SECTOR 16,,CLEAR,Sector,16.0,,,10,flags,clear in track sector #,False,False,True,False,True
3584,2025-monaco-grand-prix-r,2025,Monaco Grand Prix,2025-05-25 13:16:58+00:00,1018000.0,Other,PIT LANE ENTRY CLOSED,,,,,,,10,pit_entry_exit,pit lane entry closed,False,False,True,False,True
3585,2025-monaco-grand-prix-r,2025,Monaco Grand Prix,2025-05-25 13:18:39+00:00,1119000.0,Flag,CLEAR IN TRACK SECTOR 13,,CLEAR,Sector,13.0,,,11,flags,clear in track sector #,False,False,True,False,True
3586,2025-monaco-grand-prix-r,2025,Monaco Grand Prix,2025-05-25 13:18:48+00:00,1128000.0,Other,PIT LANE ENTRY OPEN,,,,,,,11,pit_entry_exit,pit lane entry open,False,False,True,False,True
3587,2025-monaco-grand-prix-r,2025,Monaco Grand Prix,2025-05-25 13:19:30+00:00,1170000.0,Other,CAR 22 (TSU) TIME 1:23.351 DELETED - TRACK LIMITS AT TURN 10 LAP 8 15:14:56,,,,,,,12,other,car # (tsu) time #:#.# deleted - track limits at turn # lap # #:#:#,False,False,True,False,True
3588,2025-monaco-grand-prix-r,2025,Monaco Grand Prix,2025-05-25 13:19:33+00:00,1173000.0,Other,CAR 30 (LAW) TIME 1:24.550 DELETED - TRACK LIMITS AT TURN 10 LAP 9 15:16:11,,,,,,,12,other,car # (law) time #:#.# deleted - track limits at turn # lap # #:#:#,False,False,True,False,True
3589,2025-monaco-grand-prix-r,2025,Monaco Grand Prix,2025-05-25 13:20:17+00:00,1217000.0,Other,TURN 10 INCIDENT INVOLVING CARS 22 (TSU) AND 10 (GAS) NOTED - CAUSING A COLLISION,,,,,,,12,investigations_noted,turn # incident involving cars # (tsu) and # (gas) noted - causing a collision,False,False,True,False,True
3590,2025-monaco-grand-prix-r,2025,Monaco Grand Prix,2025-05-25 13:21:20+00:00,1280000.0,Other,FIA STEWARDS: TURN 10 INCIDENT INVOLVING CARS 22 (TSU) AND 10 (GAS) WILL BE INVESTIGATED AFTER THE RACE - CAUSING A COLLISION,,,,,,,13,investigations_noted,fia stewards: turn # incident involving cars # (tsu) and # (gas) will be investigated after the race - causing a collision,False,False,True,False,True
3591,2025-monaco-grand-prix-r,2025,Monaco Grand Prix,2025-05-25 13:33:12+00:00,1992000.0,Other,CAR 16 (LEC) TIME 1:15.782 DELETED - TRACK LIMITS AT TURN 10 LAP 21 15:31:13,,,,,,,23,other,car # (lec) time #:#.# deleted - track limits at turn # lap # #:#:#,False,False,True,False,True
3592,2025-monaco-grand-prix-r,2025,Monaco Grand Prix,2025-05-25 13:37:56+00:00,2276000.0,Flag,WAVED BLUE FLAG FOR CAR 87 (BEA) TIMED AT 15:37:55,,BLUE,Driver,,87.0,BEA,26,flags,waved blue flag for car # (bea) timed at #:#:#,False,False,False,True,True
3593,2025-monaco-grand-prix-r,2025,Monaco Grand Prix,2025-05-25 13:38:51+00:00,2331000.0,Flag,WAVED BLUE FLAG FOR CAR 18 (STR) TIMED AT 15:38:50,,BLUE,Driver,,18.0,STR,27,flags,waved blue flag for car # (str) timed at #:#:#,False,False,False,True,True
3594,2025-monaco-grand-prix-r,2025,Monaco Grand Prix,2025-05-25 13:39:43+00:00,2383000.0,Flag,WAVED BLUE FLAG FOR CAR 43 (COL) TIMED AT 15:39:42,,BLUE,Driver,,43.0,COL,28,flags,waved blue flag for car # (col) timed at #:#:#,False,False,False,True,True
3595,2025-monaco-grand-prix-r,2025,Monaco Grand Prix,2025-05-25 13:40:23+00:00,2423000.0,Flag,WAVED BLUE FLAG FOR CAR 27 (HUL) TIMED AT 15:40:23,,BLUE,Driver,,27.0,HUL,28,flags,waved blue flag for car # (hul) timed at #:#:#,False,False,False,True,True
3596,2025-monaco-grand-prix-r,2025,Monaco Grand Prix,2025-05-25 13:40:40+00:00,2440000.0,Flag,WAVED BLUE FLAG FOR CAR 5 (BOR) TIMED AT 15:40:39,,BLUE,Driver,,5.0,BOR,28,flags,waved blue flag for car # (bor) timed at #:#:#,False,False,False,True,True
3597,2025-monaco-grand-prix-r,2025,Monaco Grand Prix,2025-05-25 13:40:50+00:00,2450000.0,Flag,WAVED BLUE FLAG FOR CAR 5 (BOR) TIMED AT 15:40:49,,BLUE,Driver,,5.0,BOR,29,flags,waved blue flag for car # (bor) timed at #:#:#,False,False,False,True,True
3598,2025-monaco-grand-prix-r,2025,Monaco Grand Prix,2025-05-25 13:41:00+00:00,2460000.0,Flag,WAVED BLUE FLAG FOR CAR 43 (COL) TIMED AT 15:41:00,,BLUE,Driver,,43.0,COL,29,flags,waved blue flag for car # (col) timed at #:#:#,False,False,False,True,True
3599,2025-monaco-grand-prix-r,2025,Monaco Grand Prix,2025-05-25 13:41:09+00:00,2469000.0,Flag,WAVED BLUE FLAG FOR CAR 43 (COL) TIMED AT 15:41:09,,BLUE,Driver,,43.0,COL,29,flags,waved blue flag for car # (col) timed at #:#:#,False,False,False,True,True
3600,2025-monaco-grand-prix-r,2025,Monaco Grand Prix,2025-05-25 13:41:54+00:00,2514000.0,Flag,WAVED BLUE FLAG FOR CAR 87 (BEA) TIMED AT 15:41:54,,BLUE,Driver,,87.0,BEA,29,flags,waved blue flag for car # (bea) timed at #:#:#,False,False,False,True,True
3601,2025-monaco-grand-prix-r,2025,Monaco Grand Prix,2025-05-25 13:42:15+00:00,2535000.0,Flag,WAVED BLUE FLAG FOR CAR 18 (STR) TIMED AT 15:42:15,,BLUE,Driver,,18.0,STR,30,flags,waved blue flag for car # (str) timed at #:#:#,False,False,False,True,True
3602,2025-monaco-grand-prix-r,2025,Monaco Grand Prix,2025-05-25 13:42:45+00:00,2565000.0,Flag,WAVED BLUE FLAG FOR CAR 27 (HUL) TIMED AT 15:42:44,,BLUE,Driver,,27.0,HUL,30,flags,waved blue flag for car # (hul) timed at #:#:#,False,False,False,True,True
3603,2025-monaco-grand-prix-r,2025,Monaco Grand Prix,2025-05-25 13:43:10+00:00,2590000.0,Flag,WAVED BLUE FLAG FOR CAR 87 (BEA) TIMED AT 15:43:10,,BLUE,Driver,,87.0,BEA,30,flags,waved blue flag for car # (bea) timed at #:#:#,False,False,False,True,True
3604,2025-monaco-grand-prix-r,2025,Monaco Grand Prix,2025-05-25 13:43:20+00:00,2600000.0,Flag,WAVED BLUE FLAG FOR CAR 22 (TSU) TIMED AT 15:43:19,,BLUE,Driver,,22.0,TSU,31,flags,waved blue flag for car # (tsu) timed at #:#:#,False,False,False,True,True
3605,2025-monaco-grand-prix-r,2025,Monaco Grand Prix,2025-05-25 13:43:40+00:00,2620000.0,Flag,WAVED BLUE FLAG FOR CAR 12 (ANT) TIMED AT 15:43:40,,BLUE,Driver,,12.0,ANT,31,flags,waved blue flag for car # (ant) timed at #:#:#,False,False,False,True,True
3606,2025-monaco-grand-prix-r,2025,Monaco Grand Prix,2025-05-25 13:43:54+00:00,2634000.0,Flag,WAVED BLUE FLAG FOR CAR 18 (STR) TIMED AT 15:43:54,,BLUE,Driver,,18.0,STR,31,flags,waved blue flag for car # (str) timed at #:#:#,False,False,False,True,True
3607,2025-monaco-grand-prix-r,2025,Monaco Grand Prix,2025-05-25 13:44:06+00:00,2646000.0,Flag,WAVED BLUE FLAG FOR CAR 63 (RUS) TIMED AT 15:44:05,,BLUE,Driver,,63.0,RUS,31,flags,waved blue flag for car # (rus) timed at #:#:#,False,False,False,True,True
3608,2025-monaco-grand-prix-r,2025,Monaco Grand Prix,2025-05-25 13:44:27+00:00,2667000.0,Flag,WAVED BLUE FLAG FOR CAR 27 (HUL) TIMED AT 15:44:26,,BLUE,Driver,,27.0,HUL,31,flags,waved blue flag for car # (hul) timed at #:#:#,False,False,False,True,True
3609,2025-monaco-grand-prix-r,2025,Monaco Grand Prix,2025-05-25 13:44:43+00:00,2683000.0,Flag,WAVED BLUE FLAG FOR CAR 22 (TSU) TIMED AT 15:44:43,,BLUE,Driver,,22.0,TSU,32,flags,waved blue flag for car # (tsu) timed at #:#:#,False,False,False,True,True
3610,2025-monaco-grand-prix-r,2025,Monaco Grand Prix,2025-05-25 13:44:46+00:00,2686000.0,Flag,WAVED BLUE FLAG FOR CAR 87 (BEA) TIMED AT 15:44:46,,BLUE,Driver,,87.0,BEA,32,flags,waved blue flag for car # (bea) timed at #:#:#,False,False,False,True,True
3611,2025-monaco-grand-prix-r,2025,Monaco Grand Prix,2025-05-25 13:44:52+00:00,2692000.0,Flag,WAVED BLUE FLAG FOR CAR 87 (BEA) TIMED AT 15:44:51,,BLUE,Driver,,87.0,BEA,32,flags,waved blue flag for car # (bea) timed at #:#:#,False,False,False,True,True
3612,2025-monaco-grand-prix-r,2025,Monaco Grand Prix,2025-05-25 13:45:01+00:00,2701000.0,Flag,WAVED BLUE FLAG FOR CAR 12 (ANT) TIMED AT 15:45:00,,BLUE,Driver,,12.0,ANT,32,flags,waved blue flag for car # (ant) timed at #:#:#,False,False,False,True,True
3613,2025-monaco-grand-prix-r,2025,Monaco Grand Prix,2025-05-25 13:45:04+00:00,2704000.0,Flag,WAVED BLUE FLAG FOR CAR 18 (STR) TIMED AT 15:45:03,,BLUE,Driver,,18.0,STR,32,flags,waved blue flag for car # (str) timed at #:#:#,False,False,False,True,True
3614,2025-monaco-grand-prix-r,2025,Monaco Grand Prix,2025-05-25 13:45:25+00:00,2725000.0,Flag,WAVED BLUE FLAG FOR CAR 27 (HUL) TIMED AT 15:45:25,,BLUE,Driver,,27.0,HUL,32,flags,waved blue flag for car # (hul) timed at #:#:#,False,False,False,True,True
3615,2025-monaco-grand-prix-r,2025,Monaco Grand Prix,2025-05-25 13:45:37+00:00,2737000.0,Flag,WAVED BLUE FLAG FOR CAR 5 (BOR) TIMED AT 15:45:36,,BLUE,Driver,,5.0,BOR,32,flags,waved blue flag for car # (bor) timed at #:#:#,False,False,False,True,True
3616,2025-monaco-grand-prix-r,2025,Monaco Grand Prix,2025-05-25 13:45:37+00:00,2737000.0,Flag,WAVED BLUE FLAG FOR CAR 27 (HUL) TIMED AT 15:45:37,,BLUE,Driver,,27.0,HUL,32,flags,waved blue flag for car # (hul) timed at #:#:#,False,False,False,True,True
3617,2025-monaco-grand-prix-r,2025,Monaco Grand Prix,2025-05-25 13:45:39+00:00,2739000.0,Flag,WAVED BLUE FLAG FOR CAR 63 (RUS) TIMED AT 15:45:38,,BLUE,Driver,,63.0,RUS,32,flags,waved blue flag for car # (rus) timed at #:#:#,False,False,False,True,True
3618,2025-monaco-grand-prix-r,2025,Monaco Grand Prix,2025-05-25 13:45:49+00:00,2749000.0,Flag,WAVED BLUE FLAG FOR CAR 87 (BEA) TIMED AT 15:45:49,,BLUE,Driver,,87.0,BEA,33,flags,waved blue flag for car # (bea) timed at #:#:#,False,False,False,True,True
3619,2025-monaco-grand-prix-r,2025,Monaco Grand Prix,2025-05-25 13:46:03+00:00,2763000.0,Flag,WAVED BLUE FLAG FOR CAR 22 (TSU) TIMED AT 15:46:03,,BLUE,Driver,,22.0,TSU,33,flags,waved blue flag for car # (tsu) timed at #:#:#,False,False,False,True,True
3620,2025-monaco-grand-prix-r,2025,Monaco Grand Prix,2025-05-25 13:46:06+00:00,2766000.0,Flag,WAVED BLUE FLAG FOR CAR 18 (STR) TIMED AT 15:46:05,,BLUE,Driver,,18.0,STR,33,flags,waved blue flag for car # (str) timed at #:#:#,False,False,False,True,True
3621,2025-monaco-grand-prix-r,2025,Monaco Grand Prix,2025-05-25 13:46:17+00:00,2777000.0,Flag,WAVED BLUE FLAG FOR CAR 55 (SAI) TIMED AT 15:46:16,,BLUE,Driver,,55.0,SAI,33,flags,waved blue flag for car # (sai) timed at #:#:#,False,False,False,True,True
3622,2025-monaco-grand-prix-r,2025,Monaco Grand Prix,2025-05-25 13:46:23+00:00,2783000.0,Flag,WAVED BLUE FLAG FOR CAR 27 (HUL) TIMED AT 15:46:22,,BLUE,Driver,,27.0,HUL,33,flags,waved blue flag for car # (hul) timed at #:#:#,False,False,False,True,True
3623,2025-monaco-grand-prix-r,2025,Monaco Grand Prix,2025-05-25 13:46:36+00:00,2796000.0,Flag,WAVED BLUE FLAG FOR CAR 12 (ANT) TIMED AT 15:46:36,,BLUE,Driver,,12.0,ANT,33,flags,waved blue flag for car # (ant) timed at #:#:#,False,False,False,True,True
3624,2025-monaco-grand-prix-r,2025,Monaco Grand Prix,2025-05-25 13:46:44+00:00,2804000.0,Flag,WAVED BLUE FLAG FOR CAR 22 (TSU) TIMED AT 15:46:44,,BLUE,Driver,,22.0,TSU,33,flags,waved blue flag for car # (tsu) timed at #:#:#,False,False,False,True,True
3625,2025-monaco-grand-prix-r,2025,Monaco Grand Prix,2025-05-25 13:46:45+00:00,2805000.0,Flag,WAVED BLUE FLAG FOR CAR 43 (COL) TIMED AT 15:46:44,,BLUE,Driver,,43.0,COL,33,flags,waved blue flag for car # (col) timed at #:#:#,False,False,False,True,True
3626,2025-monaco-grand-prix-r,2025,Monaco Grand Prix,2025-05-25 13:47:01+00:00,2821000.0,Flag,WAVED BLUE FLAG FOR CAR 12 (ANT) TIMED AT 15:47:00,,BLUE,Driver,,12.0,ANT,33,flags,waved blue flag for car # (ant) timed at #:#:#,False,False,False,True,True
3627,2025-monaco-grand-prix-r,2025,Monaco Grand Prix,2025-05-25 13:47:12+00:00,2832000.0,Flag,WAVED BLUE FLAG FOR CAR 23 (ALB) TIMED AT 15:47:12,,BLUE,Driver,,23.0,ALB,34,flags,waved blue flag for car # (alb) timed at #:#:#,False,False,False,True,True
3628,2025-monaco-grand-prix-r,2025,Monaco Grand Prix,2025-05-25 13:47:15+00:00,2835000.0,Flag,WAVED BLUE FLAG FOR CAR 5 (BOR) TIMED AT 15:47:14,,BLUE,Driver,,5.0,BOR,34,flags,waved blue flag for car # (bor) timed at #:#:#,False,False,False,True,True
3629,2025-monaco-grand-prix-r,2025,Monaco Grand Prix,2025-05-25 13:47:19+00:00,2839000.0,Flag,WAVED BLUE FLAG FOR CAR 63 (RUS) TIMED AT 15:47:19,,BLUE,Driver,,63.0,RUS,34,flags,waved blue flag for car # (rus) timed at #:#:#,False,False,False,True,True
3630,2025-monaco-grand-prix-r,2025,Monaco Grand Prix,2025-05-25 13:47:41+00:00,2861000.0,Flag,WAVED BLUE FLAG FOR CAR 55 (SAI) TIMED AT 15:47:41,,BLUE,Driver,,55.0,SAI,34,flags,waved blue flag for car # (sai) timed at #:#:#,False,False,False,True,True
3631,2025-monaco-grand-prix-r,2025,Monaco Grand Prix,2025-05-25 13:47:42+00:00,2862000.0,Flag,WAVED BLUE FLAG FOR CAR 30 (LAW) TIMED AT 15:47:42,,BLUE,Driver,,30.0,LAW,34,flags,waved blue flag for car # (law) timed at #:#:#,False,False,False,True,True
3632,2025-monaco-grand-prix-r,2025,Monaco Grand Prix,2025-05-25 13:47:49+00:00,2869000.0,Flag,WAVED BLUE FLAG FOR CAR 63 (RUS) TIMED AT 15:47:49,,BLUE,Driver,,63.0,RUS,34,flags,waved blue flag for car # (rus) timed at #:#:#,False,False,False,True,True
3633,2025-monaco-grand-prix-r,2025,Monaco Grand Prix,2025-05-25 13:47:50+00:00,2870000.0,Flag,WAVED BLUE FLAG FOR CAR 30 (LAW) TIMED AT 15:47:49,,BLUE,Driver,,30.0,LAW,34,flags,waved blue flag for car # (law) timed at #:#:#,False,False,False,True,True
3634,2025-monaco-grand-prix-r,2025,Monaco Grand Prix,2025-05-25 13:47:52+00:00,2872000.0,Flag,WAVED BLUE FLAG FOR CAR 55 (SAI) TIMED AT 15:47:52,,BLUE,Driver,,55.0,SAI,34,flags,waved blue flag for car # (sai) timed at #:#:#,False,False,False,True,True
3635,2025-monaco-grand-prix-r,2025,Monaco Grand Prix,2025-05-25 13:48:09+00:00,2889000.0,Flag,WAVED BLUE FLAG FOR CAR 55 (SAI) TIMED AT 15:48:08,,BLUE,Driver,,55.0,SAI,34,flags,waved blue flag for car # (sai) timed at #:#:#,False,False,False,True,True
3636,2025-monaco-grand-prix-r,2025,Monaco Grand Prix,2025-05-25 13:48:19+00:00,2899000.0,Flag,WAVED BLUE FLAG FOR CAR 23 (ALB) TIMED AT 15:48:19,,BLUE,Driver,,23.0,ALB,35,flags,waved blue flag for car # (alb) timed at #:#:#,False,False,False,True,True
3637,2025-monaco-grand-prix-r,2025,Monaco Grand Prix,2025-05-25 13:48:23+00:00,2903000.0,Flag,WAVED BLUE FLAG FOR CAR 87 (BEA) TIMED AT 15:48:22,,BLUE,Driver,,87.0,BEA,35,flags,waved blue flag for car # (bea) timed at #:#:#,False,False,False,True,True
3638,2025-monaco-grand-prix-r,2025,Monaco Grand Prix,2025-05-25 13:48:47+00:00,2927000.0,Flag,WAVED BLUE FLAG FOR CAR 23 (ALB) TIMED AT 15:48:46,,BLUE,Driver,,23.0,ALB,35,flags,waved blue flag for car # (alb) timed at #:#:#,False,False,False,True,True
3639,2025-monaco-grand-prix-r,2025,Monaco Grand Prix,2025-05-25 13:48:56+00:00,2936000.0,Flag,WAVED BLUE FLAG FOR CAR 18 (STR) TIMED AT 15:48:55,,BLUE,Driver,,18.0,STR,35,flags,waved blue flag for car # (str) timed at #:#:#,False,False,False,True,True
3640,2025-monaco-grand-prix-r,2025,Monaco Grand Prix,2025-05-25 13:49:09+00:00,2949000.0,Flag,WAVED BLUE FLAG FOR CAR 18 (STR) TIMED AT 15:49:09,,BLUE,Driver,,18.0,STR,35,flags,waved blue flag for car # (str) timed at #:#:#,False,False,False,True,True
3641,2025-monaco-grand-prix-r,2025,Monaco Grand Prix,2025-05-25 13:49:20+00:00,2960000.0,Flag,WAVED BLUE FLAG FOR CAR 18 (STR) TIMED AT 15:49:19,,BLUE,Driver,,18.0,STR,35,flags,waved blue flag for car # (str) timed at #:#:#,False,False,False,True,True
3642,2025-monaco-grand-prix-r,2025,Monaco Grand Prix,2025-05-25 13:50:12+00:00,3012000.0,Flag,WAVED BLUE FLAG FOR CAR 27 (HUL) TIMED AT 15:50:11,,BLUE,Driver,,27.0,HUL,36,flags,waved blue flag for car # (hul) timed at #:#:#,False,False,False,True,True
3643,2025-monaco-grand-prix-r,2025,Monaco Grand Prix,2025-05-25 13:50:24+00:00,3024000.0,Flag,WAVED BLUE FLAG FOR CAR 27 (HUL) TIMED AT 15:50:24,,BLUE,Driver,,27.0,HUL,36,flags,waved blue flag for car # (hul) timed at #:#:#,False,False,False,True,True
3644,2025-monaco-grand-prix-r,2025,Monaco Grand Prix,2025-05-25 13:50:41+00:00,3041000.0,Flag,WAVED BLUE FLAG FOR CAR 22 (TSU) TIMED AT 15:50:41,,BLUE,Driver,,22.0,TSU,36,flags,waved blue flag for car # (tsu) timed at #:#:#,False,False,False,True,True
3645,2025-monaco-grand-prix-r,2025,Monaco Grand Prix,2025-05-25 13:51:05+00:00,3065000.0,Flag,WAVED BLUE FLAG FOR CAR 30 (LAW) TIMED AT 15:51:05,,BLUE,Driver,,30.0,LAW,37,flags,waved blue flag for car # (law) timed at #:#:#,False,False,False,True,True
3646,2025-monaco-grand-prix-r,2025,Monaco Grand Prix,2025-05-25 13:51:07+00:00,3067000.0,Flag,WAVED BLUE FLAG FOR CAR 12 (ANT) TIMED AT 15:51:07,,BLUE,Driver,,12.0,ANT,37,flags,waved blue flag for car # (ant) timed at #:#:#,False,False,False,True,True
3647,2025-monaco-grand-prix-r,2025,Monaco Grand Prix,2025-05-25 13:51:11+00:00,3071000.0,Other,CAR 44 (HAM) TIME 1:17.826 DELETED - TRACK LIMITS AT TURN 10 LAP 35 15:49:24,,,,,,,37,other,car # (ham) time #:#.# deleted - track limits at turn # lap # #:#:#,False,False,True,False,True
3648,2025-monaco-grand-prix-r,2025,Monaco Grand Prix,2025-05-25 13:51:23+00:00,3083000.0,Flag,WAVED BLUE FLAG FOR CAR 30 (LAW) TIMED AT 15:51:22,,BLUE,Driver,,30.0,LAW,37,flags,waved blue flag for car # (law) timed at #:#:#,False,False,False,True,True
3649,2025-monaco-grand-prix-r,2025,Monaco Grand Prix,2025-05-25 13:51:29+00:00,3089000.0,Flag,WAVED BLUE FLAG FOR CAR 63 (RUS) TIMED AT 15:51:28,,BLUE,Driver,,63.0,RUS,37,flags,waved blue flag for car # (rus) timed at #:#:#,False,False,False,True,True
3650,2025-monaco-grand-prix-r,2025,Monaco Grand Prix,2025-05-25 13:51:33+00:00,3093000.0,Flag,WAVED BLUE FLAG FOR CAR 30 (LAW) TIMED AT 15:51:33,,BLUE,Driver,,30.0,LAW,37,flags,waved blue flag for car # (law) timed at #:#:#,False,False,False,True,True
3651,2025-monaco-grand-prix-r,2025,Monaco Grand Prix,2025-05-25 13:51:49+00:00,3109000.0,Flag,WAVED BLUE FLAG FOR CAR 30 (LAW) TIMED AT 15:51:49,,BLUE,Driver,,30.0,LAW,37,flags,waved blue flag for car # (law) timed at #:#:#,False,False,False,True,True
3652,2025-monaco-grand-prix-r,2025,Monaco Grand Prix,2025-05-25 13:51:53+00:00,3113000.0,Flag,WAVED BLUE FLAG FOR CAR 55 (SAI) TIMED AT 15:51:52,,BLUE,Driver,,55.0,SAI,37,flags,waved blue flag for car # (sai) timed at #:#:#,False,False,False,True,True
3653,2025-monaco-grand-prix-r,2025,Monaco Grand Prix,2025-05-25 13:52:55+00:00,3175000.0,Flag,YELLOW IN TRACK SECTOR 17,,YELLOW,Sector,17.0,,,38,flags,yellow in track sector #,False,False,True,False,True
3654,2025-monaco-grand-prix-r,2025,Monaco Grand Prix,2025-05-25 13:53:02+00:00,3182000.0,Flag,CLEAR IN TRACK SECTOR 17,,CLEAR,Sector,17.0,,,38,flags,clear in track sector #,False,False,True,False,True
3655,2025-monaco-grand-prix-r,2025,Monaco Grand Prix,2025-05-25 13:55:14+00:00,3314000.0,Flag,WAVED BLUE FLAG FOR CAR 31 (OCO) TIMED AT 15:55:14,,BLUE,Driver,,31.0,OCO,40,flags,waved blue flag for car # (oco) timed at #:#:#,False,False,False,True,True
3656,2025-monaco-grand-prix-r,2025,Monaco Grand Prix,2025-05-25 13:56:54+00:00,3414000.0,Flag,WAVED BLUE FLAG FOR CAR 31 (OCO) TIMED AT 15:56:54,,BLUE,Driver,,31.0,OCO,41,flags,waved blue flag for car # (oco) timed at #:#:#,False,False,False,True,True
3657,2025-monaco-grand-prix-r,2025,Monaco Grand Prix,2025-05-25 13:57:07+00:00,3427000.0,Flag,WAVED BLUE FLAG FOR CAR 31 (OCO) TIMED AT 15:57:07,,BLUE,Driver,,31.0,OCO,42,flags,waved blue flag for car # (oco) timed at #:#:#,False,False,False,True,True
3658,2025-monaco-grand-prix-r,2025,Monaco Grand Prix,2025-05-25 13:58:04+00:00,3484000.0,Flag,WAVED BLUE FLAG FOR CAR 6 (HAD) TIMED AT 15:58:04,,BLUE,Driver,,6.0,HAD,42,flags,waved blue flag for car # (had) timed at #:#:#,False,False,False,True,True
3659,2025-monaco-grand-prix-r,2025,Monaco Grand Prix,2025-05-25 13:59:22+00:00,3562000.0,Other,CAR 12 (ANT) TIME 1:18.060 DELETED - TRACK LIMITS AT TURN 10 LAP 41 15:58:34,,,,,,,43,other,car # (ant) time #:#.# deleted - track limits at turn # lap # #:#:#,False,False,True,False,True
3660,2025-monaco-grand-prix-r,2025,Monaco Grand Prix,2025-05-25 13:59:24+00:00,3564000.0,Flag,WAVED BLUE FLAG FOR CAR 6 (HAD) TIMED AT 15:59:23,,BLUE,Driver,,6.0,HAD,43,flags,waved blue flag for car # (had) timed at #:#:#,False,False,False,True,True
3661,2025-monaco-grand-prix-r,2025,Monaco Grand Prix,2025-05-25 13:59:37+00:00,3577000.0,Flag,WAVED BLUE FLAG FOR CAR 6 (HAD) TIMED AT 15:59:36,,BLUE,Driver,,6.0,HAD,44,flags,waved blue flag for car # (had) timed at #:#:#,False,False,False,True,True
3662,2025-monaco-grand-prix-r,2025,Monaco Grand Prix,2025-05-25 14:01:52+00:00,3712000.0,Flag,WAVED BLUE FLAG FOR CAR 31 (OCO) TIMED AT 16:01:52,,BLUE,Driver,,31.0,OCO,45,flags,waved blue flag for car # (oco) timed at #:#:#,False,False,False,True,True
3663,2025-monaco-grand-prix-r,2025,Monaco Grand Prix,2025-05-25 14:02:16+00:00,3736000.0,Flag,WAVED BLUE FLAG FOR CAR 31 (OCO) TIMED AT 16:02:15,,BLUE,Driver,,31.0,OCO,46,flags,waved blue flag for car # (oco) timed at #:#:#,False,False,False,True,True
3664,2025-monaco-grand-prix-r,2025,Monaco Grand Prix,2025-05-25 14:03:07+00:00,3787000.0,Flag,WAVED BLUE FLAG FOR CAR 6 (HAD) TIMED AT 16:03:06,,BLUE,Driver,,6.0,HAD,46,flags,waved blue flag for car # (had) timed at #:#:#,False,False,False,True,True
3665,2025-monaco-grand-prix-r,2025,Monaco Grand Prix,2025-05-25 14:04:52+00:00,3892000.0,Flag,WAVED BLUE FLAG FOR CAR 5 (BOR) TIMED AT 16:04:52,,BLUE,Driver,,5.0,BOR,48,flags,waved blue flag for car # (bor) timed at #:#:#,False,False,False,True,True
3666,2025-monaco-grand-prix-r,2025,Monaco Grand Prix,2025-05-25 14:05:13+00:00,3913000.0,Flag,WAVED BLUE FLAG FOR CAR 43 (COL) TIMED AT 16:05:12,,BLUE,Driver,,43.0,COL,48,flags,waved blue flag for car # (col) timed at #:#:#,False,False,False,True,True
3667,2025-monaco-grand-prix-r,2025,Monaco Grand Prix,2025-05-25 14:05:31+00:00,3931000.0,Flag,WAVED BLUE FLAG FOR CAR 87 (BEA) TIMED AT 16:05:30,,BLUE,Driver,,87.0,BEA,48,flags,waved blue flag for car # (bea) timed at #:#:#,False,False,False,True,True
3668,2025-monaco-grand-prix-r,2025,Monaco Grand Prix,2025-05-25 14:05:52+00:00,3952000.0,Flag,WAVED BLUE FLAG FOR CAR 18 (STR) TIMED AT 16:05:52,,BLUE,Driver,,18.0,STR,49,flags,waved blue flag for car # (str) timed at #:#:#,False,False,False,True,True
3669,2025-monaco-grand-prix-r,2025,Monaco Grand Prix,2025-05-25 14:06:04+00:00,3964000.0,Flag,WAVED BLUE FLAG FOR CAR 22 (TSU) TIMED AT 16:06:03,,BLUE,Driver,,22.0,TSU,49,flags,waved blue flag for car # (tsu) timed at #:#:#,False,False,False,True,True
3670,2025-monaco-grand-prix-r,2025,Monaco Grand Prix,2025-05-25 14:06:26+00:00,3986000.0,Flag,WAVED BLUE FLAG FOR CAR 12 (ANT) TIMED AT 16:06:25,,BLUE,Driver,,12.0,ANT,49,flags,waved blue flag for car # (ant) timed at #:#:#,False,False,False,True,True
3671,2025-monaco-grand-prix-r,2025,Monaco Grand Prix,2025-05-25 14:06:39+00:00,3999000.0,Flag,WAVED BLUE FLAG FOR CAR 5 (BOR) TIMED AT 16:06:38,,BLUE,Driver,,5.0,BOR,49,flags,waved blue flag for car # (bor) timed at #:#:#,False,False,False,True,True
3672,2025-monaco-grand-prix-r,2025,Monaco Grand Prix,2025-05-25 14:06:47+00:00,4007000.0,Flag,WAVED BLUE FLAG FOR CAR 63 (RUS) TIMED AT 16:06:47,,BLUE,Driver,,63.0,RUS,49,flags,waved blue flag for car # (rus) timed at #:#:#,False,False,False,True,True
3673,2025-monaco-grand-prix-r,2025,Monaco Grand Prix,2025-05-25 14:06:52+00:00,4012000.0,Flag,WAVED BLUE FLAG FOR CAR 43 (COL) TIMED AT 16:06:51,,BLUE,Driver,,43.0,COL,49,flags,waved blue flag for car # (col) timed at #:#:#,False,False,False,True,True
3674,2025-monaco-grand-prix-r,2025,Monaco Grand Prix,2025-05-25 14:07:01+00:00,4021000.0,Flag,WAVED BLUE FLAG FOR CAR 23 (ALB) TIMED AT 16:07:00,,BLUE,Driver,,23.0,ALB,50,flags,waved blue flag for car # (alb) timed at #:#:#,False,False,False,True,True
3675,2025-monaco-grand-prix-r,2025,Monaco Grand Prix,2025-05-25 14:07:09+00:00,4029000.0,Other,CAR 63 (RUS) TIME 1:19.959 DELETED - TRACK LIMITS AT TURN 10 LAP 47 16:06:25,,,,,,,50,other,car # (rus) time #:#.# deleted - track limits at turn # lap # #:#:#,False,False,True,False,True
3676,2025-monaco-grand-prix-r,2025,Monaco Grand Prix,2025-05-25 14:08:23+00:00,4103000.0,Other,TURN 10 INCIDENT INVOLVING CAR 63 (RUS) NOTED - LEAVING THE TRACK AND GAINING AN ADVANTAGE,,,,,,,50,investigations_noted,turn # incident involving car # (rus) noted - leaving the track and gaining an advantage,False,False,True,False,True
3677,2025-monaco-grand-prix-r,2025,Monaco Grand Prix,2025-05-25 14:08:28+00:00,4108000.0,Other,CAR 63 (RUS) TIME 1:17.477 DELETED - TRACK LIMITS AT TURN 10 LAP 48 16:07:44,,,,,,,51,other,car # (rus) time #:#.# deleted - track limits at turn # lap # #:#:#,False,False,True,False,True
3678,2025-monaco-grand-prix-r,2025,Monaco Grand Prix,2025-05-25 14:08:37+00:00,4117000.0,Flag,WAVED BLUE FLAG FOR CAR 27 (HUL) TIMED AT 16:08:36,,BLUE,Driver,,27.0,HUL,51,flags,waved blue flag for car # (hul) timed at #:#:#,False,False,False,True,True
3679,2025-monaco-grand-prix-r,2025,Monaco Grand Prix,2025-05-25 14:09:00+00:00,4140000.0,Other,FIA STEWARDS: TURN 10 INCIDENT INVOLVING CAR 63 (RUS) UNDER INVESTIGATION - LEAVING THE TRACK AND GAINING AN ADVANTAGE,,,,,,,51,investigations_noted,fia stewards: turn # incident involving car # (rus) under investigation - leaving the track and gaining an advantage,False,False,True,False,True
3680,2025-monaco-grand-prix-r,2025,Monaco Grand Prix,2025-05-25 14:09:49+00:00,4189000.0,Flag,WAVED BLUE FLAG FOR CAR 31 (OCO) TIMED AT 16:09:48,,BLUE,Driver,,31.0,OCO,52,flags,waved blue flag for car # (oco) timed at #:#:#,False,False,False,True,True
3681,2025-monaco-grand-prix-r,2025,Monaco Grand Prix,2025-05-25 14:10:09+00:00,4209000.0,Flag,WAVED BLUE FLAG FOR CAR 5 (BOR) TIMED AT 16:10:08,,BLUE,Driver,,5.0,BOR,52,flags,waved blue flag for car # (bor) timed at #:#:#,False,False,False,True,True
3682,2025-monaco-grand-prix-r,2025,Monaco Grand Prix,2025-05-25 14:10:32+00:00,4232000.0,Flag,WAVED BLUE FLAG FOR CAR 43 (COL) TIMED AT 16:10:31,,BLUE,Driver,,43.0,COL,52,flags,waved blue flag for car # (col) timed at #:#:#,False,False,False,True,True
3683,2025-monaco-grand-prix-r,2025,Monaco Grand Prix,2025-05-25 14:10:37+00:00,4237000.0,Flag,WAVED BLUE FLAG FOR CAR 6 (HAD) TIMED AT 16:10:36,,BLUE,Driver,,6.0,HAD,52,flags,waved blue flag for car # (had) timed at #:#:#,False,False,False,True,True
3684,2025-monaco-grand-prix-r,2025,Monaco Grand Prix,2025-05-25 14:10:47+00:00,4247000.0,Flag,WAVED BLUE FLAG FOR CAR 87 (BEA) TIMED AT 16:10:46,,BLUE,Driver,,87.0,BEA,52,flags,waved blue flag for car # (bea) timed at #:#:#,False,False,False,True,True
3685,2025-monaco-grand-prix-r,2025,Monaco Grand Prix,2025-05-25 14:11:09+00:00,4269000.0,Flag,WAVED BLUE FLAG FOR CAR 18 (STR) TIMED AT 16:11:08,,BLUE,Driver,,18.0,STR,53,flags,waved blue flag for car # (str) timed at #:#:#,False,False,False,True,True
3686,2025-monaco-grand-prix-r,2025,Monaco Grand Prix,2025-05-25 14:11:10+00:00,4270000.0,Other,FIA STEWARDS: DRIVE THROUGH PENALTY FOR CAR 63 (RUS) - LEAVING THE TRACK AND GAINING AN ADVANTAGE,,,,,,,53,penalties,fia stewards: drive through penalty for car # (rus) - leaving the track and gaining an advantage,False,False,True,False,True
3687,2025-monaco-grand-prix-r,2025,Monaco Grand Prix,2025-05-25 14:11:29+00:00,4289000.0,Flag,WAVED BLUE FLAG FOR CAR 27 (HUL) TIMED AT 16:11:28,,BLUE,Driver,,27.0,HUL,53,flags,waved blue flag for car # (hul) timed at #:#:#,False,False,False,True,True
3688,2025-monaco-grand-prix-r,2025,Monaco Grand Prix,2025-05-25 14:11:42+00:00,4302000.0,Flag,WAVED BLUE FLAG FOR CAR 22 (TSU) TIMED AT 16:11:42,,BLUE,Driver,,22.0,TSU,53,flags,waved blue flag for car # (tsu) timed at #:#:#,False,False,False,True,True
3689,2025-monaco-grand-prix-r,2025,Monaco Grand Prix,2025-05-25 14:11:46+00:00,4306000.0,Flag,WAVED BLUE FLAG FOR CAR 5 (BOR) TIMED AT 16:11:45,,BLUE,Driver,,5.0,BOR,53,flags,waved blue flag for car # (bor) timed at #:#:#,False,False,False,True,True
3690,2025-monaco-grand-prix-r,2025,Monaco Grand Prix,2025-05-25 14:11:51+00:00,4311000.0,Flag,WAVED BLUE FLAG FOR CAR 27 (HUL) TIMED AT 16:11:51,,BLUE,Driver,,27.0,HUL,53,flags,waved blue flag for car # (hul) timed at #:#:#,False,False,False,True,True
3691,2025-monaco-grand-prix-r,2025,Monaco Grand Prix,2025-05-25 14:11:54+00:00,4314000.0,Flag,WAVED BLUE FLAG FOR CAR 43 (COL) TIMED AT 16:11:54,,BLUE,Driver,,43.0,COL,53,flags,waved blue flag for car # (col) timed at #:#:#,False,False,False,True,True
3692,2025-monaco-grand-prix-r,2025,Monaco Grand Prix,2025-05-25 14:12:04+00:00,4324000.0,Flag,WAVED BLUE FLAG FOR CAR 12 (ANT) TIMED AT 16:12:04,,BLUE,Driver,,12.0,ANT,53,flags,waved blue flag for car # (ant) timed at #:#:#,False,False,False,True,True
3693,2025-monaco-grand-prix-r,2025,Monaco Grand Prix,2025-05-25 14:12:07+00:00,4327000.0,Flag,WAVED BLUE FLAG FOR CAR 87 (BEA) TIMED AT 16:12:07,,BLUE,Driver,,87.0,BEA,53,flags,waved blue flag for car # (bea) timed at #:#:#,False,False,False,True,True
3694,2025-monaco-grand-prix-r,2025,Monaco Grand Prix,2025-05-25 14:12:09+00:00,4329000.0,Flag,WAVED BLUE FLAG FOR CAR 5 (BOR) TIMED AT 16:12:09,,BLUE,Driver,,5.0,BOR,53,flags,waved blue flag for car # (bor) timed at #:#:#,False,False,False,True,True
3695,2025-monaco-grand-prix-r,2025,Monaco Grand Prix,2025-05-25 14:12:18+00:00,4338000.0,Flag,WAVED BLUE FLAG FOR CAR 23 (ALB) TIMED AT 16:12:17,,BLUE,Driver,,23.0,ALB,54,flags,waved blue flag for car # (alb) timed at #:#:#,False,False,False,True,True
3696,2025-monaco-grand-prix-r,2025,Monaco Grand Prix,2025-05-25 14:12:18+00:00,4338000.0,Other,CAR 12 (ANT) TIME 1:20.341 DELETED - TRACK LIMITS AT TURN 10 LAP 51 16:11:41,,,,,,,54,other,car # (ant) time #:#.# deleted - track limits at turn # lap # #:#:#,False,False,True,False,True
3697,2025-monaco-grand-prix-r,2025,Monaco Grand Prix,2025-05-25 14:12:22+00:00,4342000.0,Flag,WAVED BLUE FLAG FOR CAR 43 (COL) TIMED AT 16:12:22,,BLUE,Driver,,43.0,COL,54,flags,waved blue flag for car # (col) timed at #:#:#,False,False,False,True,True
3698,2025-monaco-grand-prix-r,2025,Monaco Grand Prix,2025-05-25 14:12:23+00:00,4343000.0,Flag,WAVED BLUE FLAG FOR CAR 18 (STR) TIMED AT 16:12:23,,BLUE,Driver,,18.0,STR,54,flags,waved blue flag for car # (str) timed at #:#:#,False,False,False,True,True
3699,2025-monaco-grand-prix-r,2025,Monaco Grand Prix,2025-05-25 14:12:28+00:00,4348000.0,Flag,WAVED BLUE FLAG FOR CAR 87 (BEA) TIMED AT 16:12:28,,BLUE,Driver,,87.0,BEA,54,flags,waved blue flag for car # (bea) timed at #:#:#,False,False,False,True,True
3700,2025-monaco-grand-prix-r,2025,Monaco Grand Prix,2025-05-25 14:12:41+00:00,4361000.0,Flag,WAVED BLUE FLAG FOR CAR 22 (TSU) TIMED AT 16:12:40,,BLUE,Driver,,22.0,TSU,54,flags,waved blue flag for car # (tsu) timed at #:#:#,False,False,False,True,True
3701,2025-monaco-grand-prix-r,2025,Monaco Grand Prix,2025-05-25 14:12:42+00:00,4362000.0,Flag,WAVED BLUE FLAG FOR CAR 18 (STR) TIMED AT 16:12:42,,BLUE,Driver,,18.0,STR,54,flags,waved blue flag for car # (str) timed at #:#:#,False,False,False,True,True
3702,2025-monaco-grand-prix-r,2025,Monaco Grand Prix,2025-05-25 14:12:52+00:00,4372000.0,Flag,WAVED BLUE FLAG FOR CAR 12 (ANT) TIMED AT 16:12:51,,BLUE,Driver,,12.0,ANT,54,flags,waved blue flag for car # (ant) timed at #:#:#,False,False,False,True,True
3703,2025-monaco-grand-prix-r,2025,Monaco Grand Prix,2025-05-25 14:12:53+00:00,4373000.0,Flag,WAVED BLUE FLAG FOR CAR 31 (OCO) TIMED AT 16:12:52,,BLUE,Driver,,31.0,OCO,54,flags,waved blue flag for car # (oco) timed at #:#:#,False,False,False,True,True
3704,2025-monaco-grand-prix-r,2025,Monaco Grand Prix,2025-05-25 14:13:04+00:00,4384000.0,Flag,WAVED BLUE FLAG FOR CAR 31 (OCO) TIMED AT 16:13:03,,BLUE,Driver,,31.0,OCO,54,flags,waved blue flag for car # (oco) timed at #:#:#,False,False,False,True,True
3705,2025-monaco-grand-prix-r,2025,Monaco Grand Prix,2025-05-25 14:13:05+00:00,4385000.0,Flag,WAVED BLUE FLAG FOR CAR 22 (TSU) TIMED AT 16:13:04,,BLUE,Driver,,22.0,TSU,54,flags,waved blue flag for car # (tsu) timed at #:#:#,False,False,False,True,True
3706,2025-monaco-grand-prix-r,2025,Monaco Grand Prix,2025-05-25 14:13:14+00:00,4394000.0,Flag,WAVED BLUE FLAG FOR CAR 22 (TSU) TIMED AT 16:13:13,,BLUE,Driver,,22.0,TSU,54,flags,waved blue flag for car # (tsu) timed at #:#:#,False,False,False,True,True
3707,2025-monaco-grand-prix-r,2025,Monaco Grand Prix,2025-05-25 14:13:14+00:00,4394000.0,Flag,WAVED BLUE FLAG FOR CAR 23 (ALB) TIMED AT 16:13:14,,BLUE,Driver,,23.0,ALB,54,flags,waved blue flag for car # (alb) timed at #:#:#,False,False,False,True,True
3708,2025-monaco-grand-prix-r,2025,Monaco Grand Prix,2025-05-25 14:13:24+00:00,4404000.0,Flag,WAVED BLUE FLAG FOR CAR 23 (ALB) TIMED AT 16:13:23,,BLUE,Driver,,23.0,ALB,54,flags,waved blue flag for car # (alb) timed at #:#:#,False,False,False,True,True
3709,2025-monaco-grand-prix-r,2025,Monaco Grand Prix,2025-05-25 14:13:26+00:00,4406000.0,Flag,WAVED BLUE FLAG FOR CAR 12 (ANT) TIMED AT 16:13:26,,BLUE,Driver,,12.0,ANT,54,flags,waved blue flag for car # (ant) timed at #:#:#,False,False,False,True,True
3710,2025-monaco-grand-prix-r,2025,Monaco Grand Prix,2025-05-25 14:13:39+00:00,4419000.0,Flag,WAVED BLUE FLAG FOR CAR 27 (HUL) TIMED AT 16:13:39,,BLUE,Driver,,27.0,HUL,55,flags,waved blue flag for car # (hul) timed at #:#:#,False,False,False,True,True
3711,2025-monaco-grand-prix-r,2025,Monaco Grand Prix,2025-05-25 14:13:59+00:00,4439000.0,Flag,WAVED BLUE FLAG FOR CAR 5 (BOR) TIMED AT 16:13:58,,BLUE,Driver,,5.0,BOR,55,flags,waved blue flag for car # (bor) timed at #:#:#,False,False,False,True,True
3712,2025-monaco-grand-prix-r,2025,Monaco Grand Prix,2025-05-25 14:14:09+00:00,4449000.0,Flag,WAVED BLUE FLAG FOR CAR 23 (ALB) TIMED AT 16:14:09,,BLUE,Driver,,23.0,ALB,55,flags,waved blue flag for car # (alb) timed at #:#:#,False,False,False,True,True
3713,2025-monaco-grand-prix-r,2025,Monaco Grand Prix,2025-05-25 14:14:10+00:00,4450000.0,Other,CAR 1 (VER) TIME 1:17.547 DELETED - TRACK LIMITS AT TURN 10 LAP 53 16:11:43,,,,,,,55,other,car # (ver) time #:#.# deleted - track limits at turn # lap # #:#:#,False,False,True,False,True
3714,2025-monaco-grand-prix-r,2025,Monaco Grand Prix,2025-05-25 14:14:16+00:00,4456000.0,Flag,WAVED BLUE FLAG FOR CAR 43 (COL) TIMED AT 16:14:15,,BLUE,Driver,,43.0,COL,55,flags,waved blue flag for car # (col) timed at #:#:#,False,False,False,True,True
3715,2025-monaco-grand-prix-r,2025,Monaco Grand Prix,2025-05-25 14:14:31+00:00,4471000.0,Flag,WAVED BLUE FLAG FOR CAR 6 (HAD) TIMED AT 16:14:30,,BLUE,Driver,,6.0,HAD,55,flags,waved blue flag for car # (had) timed at #:#:#,False,False,False,True,True
3716,2025-monaco-grand-prix-r,2025,Monaco Grand Prix,2025-05-25 14:14:37+00:00,4477000.0,Other,CAR 87 (BEA) TIME 1:22.205 DELETED - TRACK LIMITS AT TURN 10 LAP 51 16:11:44,,,,,,,55,other,car # (bea) time #:#.# deleted - track limits at turn # lap # #:#:#,False,False,True,False,True
3717,2025-monaco-grand-prix-r,2025,Monaco Grand Prix,2025-05-25 14:14:38+00:00,4478000.0,Flag,WAVED BLUE FLAG FOR CAR 87 (BEA) TIMED AT 16:14:37,,BLUE,Driver,,87.0,BEA,55,flags,waved blue flag for car # (bea) timed at #:#:#,False,False,False,True,True
3718,2025-monaco-grand-prix-r,2025,Monaco Grand Prix,2025-05-25 14:14:40+00:00,4480000.0,Other,CAR 27 (HUL) TIME 1:20.376 DELETED - TRACK LIMITS AT TURN 10 LAP 52 16:13:08,,,,,,,55,other,car # (hul) time #:#.# deleted - track limits at turn # lap # #:#:#,False,False,True,False,True
3719,2025-monaco-grand-prix-r,2025,Monaco Grand Prix,2025-05-25 14:14:53+00:00,4493000.0,Flag,WAVED BLUE FLAG FOR CAR 18 (STR) TIMED AT 16:14:52,,BLUE,Driver,,18.0,STR,56,flags,waved blue flag for car # (str) timed at #:#:#,False,False,False,True,True
3720,2025-monaco-grand-prix-r,2025,Monaco Grand Prix,2025-05-25 14:14:54+00:00,4494000.0,Flag,WAVED BLUE FLAG FOR CAR 63 (RUS) TIMED AT 16:14:53,,BLUE,Driver,,63.0,RUS,56,flags,waved blue flag for car # (rus) timed at #:#:#,False,False,False,True,True
3721,2025-monaco-grand-prix-r,2025,Monaco Grand Prix,2025-05-25 14:15:00+00:00,4500000.0,Flag,WAVED BLUE FLAG FOR CAR 55 (SAI) TIMED AT 16:14:59,,BLUE,Driver,,55.0,SAI,56,flags,waved blue flag for car # (sai) timed at #:#:#,False,False,False,True,True
3722,2025-monaco-grand-prix-r,2025,Monaco Grand Prix,2025-05-25 14:15:04+00:00,4504000.0,Flag,WAVED BLUE FLAG FOR CAR 22 (TSU) TIMED AT 16:15:03,,BLUE,Driver,,22.0,TSU,56,flags,waved blue flag for car # (tsu) timed at #:#:#,False,False,False,True,True
3723,2025-monaco-grand-prix-r,2025,Monaco Grand Prix,2025-05-25 14:15:21+00:00,4521000.0,Flag,WAVED BLUE FLAG FOR CAR 12 (ANT) TIMED AT 16:15:20,,BLUE,Driver,,12.0,ANT,56,flags,waved blue flag for car # (ant) timed at #:#:#,False,False,False,True,True
3724,2025-monaco-grand-prix-r,2025,Monaco Grand Prix,2025-05-25 14:17:05+00:00,4625000.0,Flag,WAVED BLUE FLAG FOR CAR 23 (ALB) TIMED AT 16:17:05,,BLUE,Driver,,23.0,ALB,57,flags,waved blue flag for car # (alb) timed at #:#:#,False,False,False,True,True
3725,2025-monaco-grand-prix-r,2025,Monaco Grand Prix,2025-05-25 14:17:22+00:00,4642000.0,Flag,WAVED BLUE FLAG FOR CAR 23 (ALB) TIMED AT 16:17:22,,BLUE,Driver,,23.0,ALB,58,flags,waved blue flag for car # (alb) timed at #:#:#,False,False,False,True,True
3726,2025-monaco-grand-prix-r,2025,Monaco Grand Prix,2025-05-25 14:18:01+00:00,4681000.0,Flag,WAVED BLUE FLAG FOR CAR 63 (RUS) TIMED AT 16:18:00,,BLUE,Driver,,63.0,RUS,58,flags,waved blue flag for car # (rus) timed at #:#:#,False,False,False,True,True
3727,2025-monaco-grand-prix-r,2025,Monaco Grand Prix,2025-05-25 14:21:16+00:00,4876000.0,Flag,WAVED BLUE FLAG FOR CAR 55 (SAI) TIMED AT 16:21:16,,BLUE,Driver,,55.0,SAI,61,flags,waved blue flag for car # (sai) timed at #:#:#,False,False,False,True,True
3728,2025-monaco-grand-prix-r,2025,Monaco Grand Prix,2025-05-25 14:21:22+00:00,4882000.0,Flag,WAVED BLUE FLAG FOR CAR 55 (SAI) TIMED AT 16:21:21,,BLUE,Driver,,55.0,SAI,61,flags,waved blue flag for car # (sai) timed at #:#:#,False,False,False,True,True
3729,2025-monaco-grand-prix-r,2025,Monaco Grand Prix,2025-05-25 14:21:27+00:00,4887000.0,Flag,WAVED BLUE FLAG FOR CAR 55 (SAI) TIMED AT 16:21:27,,BLUE,Driver,,55.0,SAI,61,flags,waved blue flag for car # (sai) timed at #:#:#,False,False,False,True,True
3730,2025-monaco-grand-prix-r,2025,Monaco Grand Prix,2025-05-25 14:25:43+00:00,5143000.0,Flag,WAVED BLUE FLAG FOR CAR 27 (HUL) TIMED AT 16:25:42,,BLUE,Driver,,27.0,HUL,64,flags,waved blue flag for car # (hul) timed at #:#:#,False,False,False,True,True
3731,2025-monaco-grand-prix-r,2025,Monaco Grand Prix,2025-05-25 14:25:49+00:00,5149000.0,Flag,WAVED BLUE FLAG FOR CAR 27 (HUL) TIMED AT 16:25:48,,BLUE,Driver,,27.0,HUL,64,flags,waved blue flag for car # (hul) timed at #:#:#,False,False,False,True,True
3732,2025-monaco-grand-prix-r,2025,Monaco Grand Prix,2025-05-25 14:25:56+00:00,5156000.0,Flag,WAVED BLUE FLAG FOR CAR 27 (HUL) TIMED AT 16:25:56,,BLUE,Driver,,27.0,HUL,64,flags,waved blue flag for car # (hul) timed at #:#:#,False,False,False,True,True
3733,2025-monaco-grand-prix-r,2025,Monaco Grand Prix,2025-05-25 14:27:50+00:00,5270000.0,Flag,WAVED BLUE FLAG FOR CAR 27 (HUL) TIMED AT 16:27:50,,BLUE,Driver,,27.0,HUL,66,flags,waved blue flag for car # (hul) timed at #:#:#,False,False,False,True,True
3734,2025-monaco-grand-prix-r,2025,Monaco Grand Prix,2025-05-25 14:28:00+00:00,5280000.0,Flag,WAVED BLUE FLAG FOR CAR 27 (HUL) TIMED AT 16:28:00,,BLUE,Driver,,27.0,HUL,66,flags,waved blue flag for car # (hul) timed at #:#:#,False,False,False,True,True
3735,2025-monaco-grand-prix-r,2025,Monaco Grand Prix,2025-05-25 14:28:02+00:00,5282000.0,Flag,WAVED BLUE FLAG FOR CAR 5 (BOR) TIMED AT 16:28:01,,BLUE,Driver,,5.0,BOR,66,flags,waved blue flag for car # (bor) timed at #:#:#,False,False,False,True,True
3736,2025-monaco-grand-prix-r,2025,Monaco Grand Prix,2025-05-25 14:28:09+00:00,5289000.0,Flag,WAVED BLUE FLAG FOR CAR 30 (LAW) TIMED AT 16:28:09,,BLUE,Driver,,30.0,LAW,66,flags,waved blue flag for car # (law) timed at #:#:#,False,False,False,True,True
3737,2025-monaco-grand-prix-r,2025,Monaco Grand Prix,2025-05-25 14:28:15+00:00,5295000.0,Flag,WAVED BLUE FLAG FOR CAR 27 (HUL) TIMED AT 16:28:14,,BLUE,Driver,,27.0,HUL,66,flags,waved blue flag for car # (hul) timed at #:#:#,False,False,False,True,True
3738,2025-monaco-grand-prix-r,2025,Monaco Grand Prix,2025-05-25 14:28:21+00:00,5301000.0,Flag,WAVED BLUE FLAG FOR CAR 30 (LAW) TIMED AT 16:28:20,,BLUE,Driver,,30.0,LAW,66,flags,waved blue flag for car # (law) timed at #:#:#,False,False,False,True,True
3739,2025-monaco-grand-prix-r,2025,Monaco Grand Prix,2025-05-25 14:28:40+00:00,5320000.0,Flag,WAVED BLUE FLAG FOR CAR 30 (LAW) TIMED AT 16:28:39,,BLUE,Driver,,30.0,LAW,67,flags,waved blue flag for car # (law) timed at #:#:#,False,False,False,True,True
3740,2025-monaco-grand-prix-r,2025,Monaco Grand Prix,2025-05-25 14:29:13+00:00,5353000.0,Flag,WAVED BLUE FLAG FOR CAR 5 (BOR) TIMED AT 16:29:13,,BLUE,Driver,,5.0,BOR,67,flags,waved blue flag for car # (bor) timed at #:#:#,False,False,False,True,True
3741,2025-monaco-grand-prix-r,2025,Monaco Grand Prix,2025-05-25 14:29:33+00:00,5373000.0,Flag,WAVED BLUE FLAG FOR CAR 5 (BOR) TIMED AT 16:29:32,,BLUE,Driver,,5.0,BOR,67,flags,waved blue flag for car # (bor) timed at #:#:#,False,False,False,True,True
3742,2025-monaco-grand-prix-r,2025,Monaco Grand Prix,2025-05-25 14:29:35+00:00,5375000.0,Other,CAR 27 (HUL) TIME 1:20.147 DELETED - TRACK LIMITS AT TURN 10 LAP 64 16:28:59,,,,,,,67,other,car # (hul) time #:#.# deleted - track limits at turn # lap # #:#:#,False,False,True,False,True
3743,2025-monaco-grand-prix-r,2025,Monaco Grand Prix,2025-05-25 14:29:56+00:00,5396000.0,Flag,WAVED BLUE FLAG FOR CAR 31 (OCO) TIMED AT 16:29:56,,BLUE,Driver,,31.0,OCO,68,flags,waved blue flag for car # (oco) timed at #:#:#,False,False,False,True,True
3744,2025-monaco-grand-prix-r,2025,Monaco Grand Prix,2025-05-25 14:30:34+00:00,5434000.0,Flag,WAVED BLUE FLAG FOR CAR 6 (HAD) TIMED AT 16:30:34,,BLUE,Driver,,6.0,HAD,68,flags,waved blue flag for car # (had) timed at #:#:#,False,False,False,True,True
3745,2025-monaco-grand-prix-r,2025,Monaco Grand Prix,2025-05-25 14:30:47+00:00,5447000.0,Flag,WAVED BLUE FLAG FOR CAR 6 (HAD) TIMED AT 16:30:47,,BLUE,Driver,,6.0,HAD,68,flags,waved blue flag for car # (had) timed at #:#:#,False,False,False,True,True
3746,2025-monaco-grand-prix-r,2025,Monaco Grand Prix,2025-05-25 14:32:16+00:00,5536000.0,Flag,WAVED BLUE FLAG FOR CAR 43 (COL) TIMED AT 16:32:15,,BLUE,Driver,,43.0,COL,69,flags,waved blue flag for car # (col) timed at #:#:#,False,False,False,True,True
3747,2025-monaco-grand-prix-r,2025,Monaco Grand Prix,2025-05-25 14:32:24+00:00,5544000.0,Flag,WAVED BLUE FLAG FOR CAR 43 (COL) TIMED AT 16:32:23,,BLUE,Driver,,43.0,COL,70,flags,waved blue flag for car # (col) timed at #:#:#,False,False,False,True,True
3748,2025-monaco-grand-prix-r,2025,Monaco Grand Prix,2025-05-25 14:33:13+00:00,5593000.0,Flag,WAVED BLUE FLAG FOR CAR 87 (BEA) TIMED AT 16:33:13,,BLUE,Driver,,87.0,BEA,70,flags,waved blue flag for car # (bea) timed at #:#:#,False,False,False,True,True
3749,2025-monaco-grand-prix-r,2025,Monaco Grand Prix,2025-05-25 14:33:22+00:00,5602000.0,Flag,WAVED BLUE FLAG FOR CAR 87 (BEA) TIMED AT 16:33:21,,BLUE,Driver,,87.0,BEA,70,flags,waved blue flag for car # (bea) timed at #:#:#,False,False,False,True,True
3750,2025-monaco-grand-prix-r,2025,Monaco Grand Prix,2025-05-25 14:33:31+00:00,5611000.0,Flag,WAVED BLUE FLAG FOR CAR 87 (BEA) TIMED AT 16:33:31,,BLUE,Driver,,87.0,BEA,70,flags,waved blue flag for car # (bea) timed at #:#:#,False,False,False,True,True
3751,2025-monaco-grand-prix-r,2025,Monaco Grand Prix,2025-05-25 14:34:58+00:00,5698000.0,Flag,WAVED BLUE FLAG FOR CAR 22 (TSU) TIMED AT 16:34:58,,BLUE,Driver,,22.0,TSU,72,flags,waved blue flag for car # (tsu) timed at #:#:#,False,False,False,True,True
3752,2025-monaco-grand-prix-r,2025,Monaco Grand Prix,2025-05-25 14:42:26+00:00,6146000.0,Other,CAR 18 (STR) TIME 1:17.061 DELETED - TRACK LIMITS AT TURN 10 LAP 74 16:41:50,,,,,,,77,other,car # (str) time #:#.# deleted - track limits at turn # lap # #:#:#,False,False,True,False,True
3753,2025-monaco-grand-prix-r,2025,Monaco Grand Prix,2025-05-25 14:43:43+00:00,6223000.0,Flag,CHEQUERED FLAG,,CHEQUERED,Track,,,,78,red_flag,chequered flag,False,False,True,False,True
3754,2025-monaco-grand-prix-r,2025,Monaco Grand Prix,2025-05-25 14:44:02+00:00,6242000.0,Other,TURN 10 INCIDENT INVOLVING CARS 27 (HUL) AND 18 (STR) NOTED - FORCING ANOTHER DRIVER OFF THE TRACK,,,,,,,78,investigations_noted,turn # incident involving cars # (hul) and # (str) noted - forcing another driver off the track,False,False,True,False,True
3755,2025-monaco-grand-prix-r,2025,Monaco Grand Prix,2025-05-25 14:45:13+00:00,6313000.0,Other,FIA STEWARDS: TURN 10 INCIDENT INVOLVING CARS 27 (HUL) AND 18 (STR) REVIEWED NO FURTHER INVESTIGATION - FORCING ANOTHER DRIVER OFF THE TRACK,,,,,,,78,investigations_noted,fia stewards: turn # incident involving cars # (hul) and # (str) reviewed no further investigation - forcing another driver off the track,False,False,True,False,True
3756,2025-monaco-grand-prix-r,2025,Monaco Grand Prix,2025-05-25 14:45:40+00:00,6340000.0,Other,FIA STEWARDS: PENALTY SERVED - DRIVE THROUGH PENALTY FOR CAR 63 (RUS) - LEAVING THE TRACK AND GAINING AN ADVANTAGE,,,,,,,78,penalties,fia stewards: penalty served - drive through penalty for car # (rus) - leaving the track and gaining an advantage,False,False,True,False,True
3757,2025-monaco-grand-prix-r,2025,Monaco Grand Prix,2025-05-25 14:45:53+00:00,6353000.0,Other,CAR 87 (BEA) TIME 1:17.224 DELETED - TRACK LIMITS AT TURN 10 LAP 76 16:44:08,,,,,,,78,other,car # (bea) time #:#.# deleted - track limits at turn # lap # #:#:#,False,False,True,False,True
3562,2025-monaco-grand-prix-r,2025,Monaco Grand Prix,2025-05-25 12:20:01+00:00,,Flag,GREEN LIGHT - PIT EXIT OPEN,,GREEN,Track,,,,1,pit_entry_exit,green light - pit exit open,True,False,True,False,True
3563,2025-monaco-grand-prix-r,2025,Monaco Grand Prix,2025-05-25 12:30:01+00:00,,Other,PIT EXIT CLOSED,,,,,,,1,pit_entry_exit,pit exit closed,True,False,True,False,True
3564,2025-monaco-grand-prix-r,2025,Monaco Grand Prix,2025-05-25 12:31:26+00:00,,Flag,DOUBLE YELLOW IN TRACK SECTOR 7,,DOUBLE YELLOW,Sector,7.0,,,1,flags,double yellow in track sector #,True,False,True,False,True
3565,2025-monaco-grand-prix-r,2025,Monaco Grand Prix,2025-05-25 12:31:36+00:00,,Flag,CLEAR IN TRACK SECTOR 7,,CLEAR,Sector,7.0,,,1,flags,clear in track sector #,True,False,True,False,True
3566,2025-monaco-grand-prix-r,2025,Monaco Grand Prix,2025-05-25 12:37:42+00:00,,Other,INCIDENT INVOLVING CAR 87 (BEA) NOTED - UNSAFE CONDITION,,,,,,,1,investigations_noted,incident involving car # (bea) noted - unsafe condition,True,False,True,False,True
3567,2025-monaco-grand-prix-r,2025,Monaco Grand Prix,2025-05-25 12:39:28+00:00,,Other,FIA STEWARDS: INCIDENT INVOLVING CAR 87 (BEA) WILL BE INVESTIGATED AFTER THE RACE - UNSAFE CONDITION,,,,,,,1,investigations_noted,fia stewards: incident involving car # (bea) will be investigated after the race - unsafe condition,True,False,True,False,True
3568,2025-monaco-grand-prix-r,2025,Monaco Grand Prix,2025-05-25 12:45:08+00:00,,Other,RISK OF RAIN FOR F1 RACE IS 0%,,,,,,,1,other,risk of rain for f1 race is #%,True,False,True,False,True
3569,2025-monaco-grand-prix-r,2025,Monaco Grand Prix,2025-05-25 12:57:02+00:00,,Drs,DRS DISABLED,DISABLED,,,,,,1,drs,drs disabled,True,False,True,False,True
3763,2025-spanish-grand-prix-r,2025,Spanish Grand Prix,2025-06-01 13:03:18+00:00,198000.0,Flag,GREEN LIGHT - PIT EXIT OPEN,,GREEN,Track,,,,1,pit_entry_exit,green light - pit exit open,False,False,True,False,True
3764,2025-spanish-grand-prix-r,2025,Spanish Grand Prix,2025-06-01 13:04:41+00:00,281000.0,Drs,DRS ENABLED,ENABLED,,,,,,2,drs,drs enabled,False,False,True,False,True
3765,2025-spanish-grand-prix-r,2025,Spanish Grand Prix,2025-06-01 13:10:00+00:00,600000.0,Other,LAP 1 TURN 1 INCIDENT INVOLVING CAR 27 (HUL) NOTED - LEAVING THE TRACK AND GAINING AN ADVANTAGE,,,,,,,5,investigations_noted,lap # turn # incident involving car # (hul) noted - leaving the track and gaining an advantage,False,False,True,False,True
3766,2025-spanish-grand-prix-r,2025,Spanish Grand Prix,2025-06-01 13:12:04+00:00,724000.0,Other,FIA STEWARDS: LAP 1 TURN 1 INCIDENT INVOLVING CAR 27 (HUL) REVIEWED NO FURTHER INVESTIGATION - LEAVING THE TRACK AND GAINING AN ADVANTAGE,,,,,,,7,investigations_noted,fia stewards: lap # turn # incident involving car # (hul) reviewed no further investigation - leaving the track and gaining an advantage,False,False,True,False,True
3767,2025-spanish-grand-prix-r,2025,Spanish Grand Prix,2025-06-01 13:20:25+00:00,1225000.0,Other,CAR 43 (COL) TIME 1:23.037 DELETED - TRACK LIMITS AT TURN 13 LAP 12 15:19:55,,,,,,,13,other,car # (col) time #:#.# deleted - track limits at turn # lap # #:#:#,False,False,True,False,True
3768,2025-spanish-grand-prix-r,2025,Spanish Grand Prix,2025-06-01 13:21:54+00:00,1314000.0,Other,CAR 14 (ALO) TIME 1:30.665 DELETED - TRACK LIMITS AT TURN 5 LAP 13 15:20:33,,,,,,,14,other,car # (alo) time #:#.# deleted - track limits at turn # lap # #:#:#,False,False,True,False,True
3769,2025-spanish-grand-prix-r,2025,Spanish Grand Prix,2025-06-01 13:22:00+00:00,1320000.0,Other,TURN 5 INCIDENT INVOLVING CAR 14 (ALO) NOTED - REJOINING UNSAFELY,,,,,,,14,investigations_noted,turn # incident involving car # (alo) noted - rejoining unsafely,False,False,True,False,True
3770,2025-spanish-grand-prix-r,2025,Spanish Grand Prix,2025-06-01 13:23:10+00:00,1390000.0,Other,CAR 12 (ANT) TIME 1:22.313 DELETED - TRACK LIMITS AT TURN 10 LAP 14 15:22:08,,,,,,,15,other,car # (ant) time #:#.# deleted - track limits at turn # lap # #:#:#,False,False,True,False,True
3771,2025-spanish-grand-prix-r,2025,Spanish Grand Prix,2025-06-01 13:24:25+00:00,1465000.0,Other,FIA STEWARDS: TURN 5 INCIDENT INVOLVING CAR 14 (ALO) REVIEWED NO FURTHER INVESTIGATION - REJOINING UNSAFELY,,,,,,,16,investigations_noted,fia stewards: turn # incident involving car # (alo) reviewed no further investigation - rejoining unsafely,False,False,True,False,True
3772,2025-spanish-grand-prix-r,2025,Spanish Grand Prix,2025-06-01 13:32:54+00:00,1974000.0,Other,CAR 44 (HAM) TIME 1:20.755 DELETED - TRACK LIMITS AT TURN 10 LAP 20 15:30:34,,,,,,,22,other,car # (ham) time #:#.# deleted - track limits at turn # lap # #:#:#,False,False,True,False,True
3773,2025-spanish-grand-prix-r,2025,Spanish Grand Prix,2025-06-01 13:34:43+00:00,2083000.0,Other,CAR 44 (HAM) TIME 1:20.755 WILL BE REINSTATED,,,,,,,24,other,car # (ham) time #:#.# will be reinstated,False,False,True,False,True
3774,2025-spanish-grand-prix-r,2025,Spanish Grand Prix,2025-06-01 13:37:18+00:00,2238000.0,Other,TURN 1 INCIDENT INVOLVING CARS 23 (ALB) AND 30 (LAW) NOTED,,,,,,,26,investigations_noted,turn # incident involving cars # (alb) and # (law) noted,False,False,True,False,True
3775,2025-spanish-grand-prix-r,2025,Spanish Grand Prix,2025-06-01 13:37:25+00:00,2245000.0,Other,FIA STEWARDS: TURN 1 INCIDENT INVOLVING CARS 23 (ALB) AND 30 (LAW) UNDER INVESTIGATION,,,,,,,26,investigations_noted,fia stewards: turn # incident involving cars # (alb) and # (law) under investigation,False,False,True,False,True
3776,2025-spanish-grand-prix-r,2025,Spanish Grand Prix,2025-06-01 13:38:36+00:00,2316000.0,Other,CAR 23 (ALB) TIME 1:23.477 DELETED - TRACK LIMITS AT TURN 2 LAP 24 15:35:34,,,,,,,27,other,car # (alb) time #:#.# deleted - track limits at turn # lap # #:#:#,False,False,True,False,True
3777,2025-spanish-grand-prix-r,2025,Spanish Grand Prix,2025-06-01 13:39:31+00:00,2371000.0,Other,FIA STEWARDS: 10 SECOND TIME PENALTY FOR CAR 23 (ALB) -LEAVING THE TRACK AND GAINING AN ADVANTAGE ,,,,,,,27,penalties,fia stewards: # second time penalty for car # (alb) -leaving the track and gaining an advantage,False,False,True,False,True
3778,2025-spanish-grand-prix-r,2025,Spanish Grand Prix,2025-06-01 13:40:47+00:00,2447000.0,Other,TURN 1 INCIDENT INVOLVING CARS 23 (ALB) AND 30 (LAW) NOTED - CAUSING A COLLISION,,,,,,,28,investigations_noted,turn # incident involving cars # (alb) and # (law) noted - causing a collision,False,False,True,False,True
3779,2025-spanish-grand-prix-r,2025,Spanish Grand Prix,2025-06-01 13:41:03+00:00,2463000.0,Other,FIA STEWARDS: TURN 1 INCIDENT INVOLVING CARS 23 (ALB) AND 30 (LAW) UNDER INVESTIGATION - CAUSING A COLLISION,,,,,,,28,investigations_noted,fia stewards: turn # incident involving cars # (alb) and # (law) under investigation - causing a collision,False,False,True,False,True
3780,2025-spanish-grand-prix-r,2025,Spanish Grand Prix,2025-06-01 13:42:34+00:00,2554000.0,Other,FIA STEWARDS: TURN 1 INCIDENT INVOLVING CARS 23 (ALB) AND 30 (LAW) NO FURTHER ACTION - CAUSING A COLLISION,,,,,,,29,investigations_noted,fia stewards: turn # incident involving cars # (alb) and # (law) no further action - causing a collision,False,False,True,False,True
3781,2025-spanish-grand-prix-r,2025,Spanish Grand Prix,2025-06-01 13:43:02+00:00,2582000.0,Other,FIA STEWARDS: PENALTY SERVED - 10 SECOND TIME PENALTY FOR CAR 23 (ALB),,,,,,,30,penalties,fia stewards: penalty served - # second time penalty for car # (alb),False,False,True,False,True
3782,2025-spanish-grand-prix-r,2025,Spanish Grand Prix,2025-06-01 13:46:30+00:00,2790000.0,Other,TURN 1 INCIDENT INVOLVING CARS 30 (LAW) AND 87 (BEA) NOTED - CAUSING A COLLISION,,,,,,,32,investigations_noted,turn # incident involving cars # (law) and # (bea) noted - causing a collision,False,False,True,False,True
3783,2025-spanish-grand-prix-r,2025,Spanish Grand Prix,2025-06-01 13:46:39+00:00,2799000.0,Other,CAR 87 (BEA) TIME 1:23.130 DELETED - TRACK LIMITS AT TURN 2 LAP 31 15:45:05,,,,,,,33,other,car # (bea) time #:#.# deleted - track limits at turn # lap # #:#:#,False,False,True,False,True
3784,2025-spanish-grand-prix-r,2025,Spanish Grand Prix,2025-06-01 13:46:45+00:00,2805000.0,Other,FIA STEWARDS: TURN 1 INCIDENT INVOLVING CARS 30 (LAW) AND 87 (BEA) UNDER INVESTIGATION - CAUSING A COLLISION,,,,,,,33,investigations_noted,fia stewards: turn # incident involving cars # (law) and # (bea) under investigation - causing a collision,False,False,True,False,True
3785,2025-spanish-grand-prix-r,2025,Spanish Grand Prix,2025-06-01 13:47:50+00:00,2870000.0,Flag,WAVED BLUE FLAG FOR CAR 43 (COL) TIMED AT 15:47:50,,BLUE,Driver,,43.0,COL,33,flags,waved blue flag for car # (col) timed at #:#:#,False,False,False,True,True
3786,2025-spanish-grand-prix-r,2025,Spanish Grand Prix,2025-06-01 13:47:55+00:00,2875000.0,Flag,WAVED BLUE FLAG FOR CAR 43 (COL) TIMED AT 15:47:55,,BLUE,Driver,,43.0,COL,33,flags,waved blue flag for car # (col) timed at #:#:#,False,False,False,True,True
3787,2025-spanish-grand-prix-r,2025,Spanish Grand Prix,2025-06-01 13:49:30+00:00,2970000.0,Flag,WAVED BLUE FLAG FOR CAR 43 (COL) TIMED AT 15:49:30,,BLUE,Driver,,43.0,COL,35,flags,waved blue flag for car # (col) timed at #:#:#,False,False,False,True,True
3788,2025-spanish-grand-prix-r,2025,Spanish Grand Prix,2025-06-01 13:49:32+00:00,2972000.0,Other,FIA STEWARDS: TURN 1 INCIDENT INVOLVING CARS 30 (LAW) AND 87 (BEA) NO FURTHER ACTION - CAUSING A COLLISION,,,,,,,35,investigations_noted,fia stewards: turn # incident involving cars # (law) and # (bea) no further action - causing a collision,False,False,True,False,True
3789,2025-spanish-grand-prix-r,2025,Spanish Grand Prix,2025-06-01 13:51:52+00:00,3112000.0,Flag,WAVED BLUE FLAG FOR CAR 43 (COL) TIMED AT 15:51:52,,BLUE,Driver,,43.0,COL,36,flags,waved blue flag for car # (col) timed at #:#:#,False,False,False,True,True
3790,2025-spanish-grand-prix-r,2025,Spanish Grand Prix,2025-06-01 13:52:20+00:00,3140000.0,Flag,WAVED BLUE FLAG FOR CAR 10 (GAS) TIMED AT 15:52:19,,BLUE,Driver,,10.0,GAS,37,flags,waved blue flag for car # (gas) timed at #:#:#,False,False,False,True,True
3791,2025-spanish-grand-prix-r,2025,Spanish Grand Prix,2025-06-01 13:52:24+00:00,3144000.0,Flag,WAVED BLUE FLAG FOR CAR 43 (COL) TIMED AT 15:52:24,,BLUE,Driver,,43.0,COL,37,flags,waved blue flag for car # (col) timed at #:#:#,False,False,False,True,True
3792,2025-spanish-grand-prix-r,2025,Spanish Grand Prix,2025-06-01 13:52:32+00:00,3152000.0,Flag,WAVED BLUE FLAG FOR CAR 10 (GAS) TIMED AT 15:52:32,,BLUE,Driver,,10.0,GAS,37,flags,waved blue flag for car # (gas) timed at #:#:#,False,False,False,True,True
3793,2025-spanish-grand-prix-r,2025,Spanish Grand Prix,2025-06-01 13:53:48+00:00,3228000.0,Flag,WAVED BLUE FLAG FOR CAR 87 (BEA) TIMED AT 15:53:48,,BLUE,Driver,,87.0,BEA,38,flags,waved blue flag for car # (bea) timed at #:#:#,False,False,False,True,True
3794,2025-spanish-grand-prix-r,2025,Spanish Grand Prix,2025-06-01 13:54:13+00:00,3253000.0,Flag,WAVED BLUE FLAG FOR CAR 10 (GAS) TIMED AT 15:54:12,,BLUE,Driver,,10.0,GAS,38,flags,waved blue flag for car # (gas) timed at #:#:#,False,False,False,True,True
3795,2025-spanish-grand-prix-r,2025,Spanish Grand Prix,2025-06-01 13:54:17+00:00,3257000.0,Other,CAR 12 (ANT) TIME 1:20.752 DELETED - TRACK LIMITS AT TURN 10 LAP 37 15:53:39,,,,,,,38,other,car # (ant) time #:#.# deleted - track limits at turn # lap # #:#:#,False,False,True,False,True
3796,2025-spanish-grand-prix-r,2025,Spanish Grand Prix,2025-06-01 13:56:32+00:00,3392000.0,Flag,WAVED BLUE FLAG FOR CAR 31 (OCO) TIMED AT 15:56:31,,BLUE,Driver,,31.0,OCO,40,flags,waved blue flag for car # (oco) timed at #:#:#,False,False,False,True,True
3797,2025-spanish-grand-prix-r,2025,Spanish Grand Prix,2025-06-01 13:57:22+00:00,3442000.0,Flag,WAVED BLUE FLAG FOR CAR 10 (GAS) TIMED AT 15:57:21,,BLUE,Driver,,10.0,GAS,41,flags,waved blue flag for car # (gas) timed at #:#:#,False,False,False,True,True
3798,2025-spanish-grand-prix-r,2025,Spanish Grand Prix,2025-06-01 13:57:45+00:00,3465000.0,Flag,WAVED BLUE FLAG FOR CAR 31 (OCO) TIMED AT 15:57:45,,BLUE,Driver,,31.0,OCO,41,flags,waved blue flag for car # (oco) timed at #:#:#,False,False,False,True,True
3799,2025-spanish-grand-prix-r,2025,Spanish Grand Prix,2025-06-01 13:58:12+00:00,3492000.0,Flag,WAVED BLUE FLAG FOR CAR 31 (OCO) TIMED AT 15:58:12,,BLUE,Driver,,31.0,OCO,41,flags,waved blue flag for car # (oco) timed at #:#:#,False,False,False,True,True
3800,2025-spanish-grand-prix-r,2025,Spanish Grand Prix,2025-06-01 13:58:57+00:00,3537000.0,Flag,WAVED BLUE FLAG FOR CAR 22 (TSU) TIMED AT 15:58:56,,BLUE,Driver,,22.0,TSU,42,flags,waved blue flag for car # (tsu) timed at #:#:#,False,False,False,True,True
3801,2025-spanish-grand-prix-r,2025,Spanish Grand Prix,2025-06-01 14:00:12+00:00,3612000.0,Flag,WAVED BLUE FLAG FOR CAR 22 (TSU) TIMED AT 16:00:11,,BLUE,Driver,,22.0,TSU,43,flags,waved blue flag for car # (tsu) timed at #:#:#,False,False,False,True,True
3802,2025-spanish-grand-prix-r,2025,Spanish Grand Prix,2025-06-01 14:00:45+00:00,3645000.0,Flag,WAVED BLUE FLAG FOR CAR 31 (OCO) TIMED AT 16:00:44,,BLUE,Driver,,31.0,OCO,43,flags,waved blue flag for car # (oco) timed at #:#:#,False,False,False,True,True
3803,2025-spanish-grand-prix-r,2025,Spanish Grand Prix,2025-06-01 14:01:09+00:00,3669000.0,Flag,WAVED BLUE FLAG FOR CAR 43 (COL) TIMED AT 16:01:08,,BLUE,Driver,,43.0,COL,43,flags,waved blue flag for car # (col) timed at #:#:#,False,False,False,True,True
3804,2025-spanish-grand-prix-r,2025,Spanish Grand Prix,2025-06-01 14:01:18+00:00,3678000.0,Flag,WAVED BLUE FLAG FOR CAR 43 (COL) TIMED AT 16:01:17,,BLUE,Driver,,43.0,COL,43,flags,waved blue flag for car # (col) timed at #:#:#,False,False,False,True,True
3805,2025-spanish-grand-prix-r,2025,Spanish Grand Prix,2025-06-01 14:01:23+00:00,3683000.0,Flag,WAVED BLUE FLAG FOR CAR 5 (BOR) TIMED AT 16:01:23,,BLUE,Driver,,5.0,BOR,44,flags,waved blue flag for car # (bor) timed at #:#:#,False,False,False,True,True
3806,2025-spanish-grand-prix-r,2025,Spanish Grand Prix,2025-06-01 14:02:34+00:00,3754000.0,Flag,WAVED BLUE FLAG FOR CAR 5 (BOR) TIMED AT 16:02:34,,BLUE,Driver,,5.0,BOR,44,flags,waved blue flag for car # (bor) timed at #:#:#,False,False,False,True,True
3807,2025-spanish-grand-prix-r,2025,Spanish Grand Prix,2025-06-01 14:02:41+00:00,3761000.0,Flag,WAVED BLUE FLAG FOR CAR 22 (TSU) TIMED AT 16:02:41,,BLUE,Driver,,22.0,TSU,45,flags,waved blue flag for car # (tsu) timed at #:#:#,False,False,False,True,True
3808,2025-spanish-grand-prix-r,2025,Spanish Grand Prix,2025-06-01 14:02:46+00:00,3766000.0,Flag,WAVED BLUE FLAG FOR CAR 22 (TSU) TIMED AT 16:02:46,,BLUE,Driver,,22.0,TSU,45,flags,waved blue flag for car # (tsu) timed at #:#:#,False,False,False,True,True
3809,2025-spanish-grand-prix-r,2025,Spanish Grand Prix,2025-06-01 14:05:10+00:00,3910000.0,Flag,WAVED BLUE FLAG FOR CAR 5 (BOR) TIMED AT 16:05:10,,BLUE,Driver,,5.0,BOR,46,flags,waved blue flag for car # (bor) timed at #:#:#,False,False,False,True,True
3810,2025-spanish-grand-prix-r,2025,Spanish Grand Prix,2025-06-01 14:05:27+00:00,3927000.0,Flag,WAVED BLUE FLAG FOR CAR 5 (BOR) TIMED AT 16:05:26,,BLUE,Driver,,5.0,BOR,47,flags,waved blue flag for car # (bor) timed at #:#:#,False,False,False,True,True
3811,2025-spanish-grand-prix-r,2025,Spanish Grand Prix,2025-06-01 14:07:18+00:00,4038000.0,Flag,WAVED BLUE FLAG FOR CAR 22 (TSU) TIMED AT 16:07:18,,BLUE,Driver,,22.0,TSU,48,flags,waved blue flag for car # (tsu) timed at #:#:#,False,False,False,True,True
3812,2025-spanish-grand-prix-r,2025,Spanish Grand Prix,2025-06-01 14:09:15+00:00,4155000.0,Flag,WAVED BLUE FLAG FOR CAR 43 (COL) TIMED AT 16:09:14,,BLUE,Driver,,43.0,COL,49,flags,waved blue flag for car # (col) timed at #:#:#,False,False,False,True,True
3813,2025-spanish-grand-prix-r,2025,Spanish Grand Prix,2025-06-01 14:09:27+00:00,4167000.0,Flag,WAVED BLUE FLAG FOR CAR 55 (SAI) TIMED AT 16:09:27,,BLUE,Driver,,55.0,SAI,50,flags,waved blue flag for car # (sai) timed at #:#:#,False,False,False,True,True
3814,2025-spanish-grand-prix-r,2025,Spanish Grand Prix,2025-06-01 14:10:16+00:00,4216000.0,Flag,WAVED BLUE FLAG FOR CAR 14 (ALO) TIMED AT 16:10:16,,BLUE,Driver,,14.0,ALO,50,flags,waved blue flag for car # (alo) timed at #:#:#,False,False,False,True,True
3815,2025-spanish-grand-prix-r,2025,Spanish Grand Prix,2025-06-01 14:11:01+00:00,4261000.0,Flag,WAVED BLUE FLAG FOR CAR 30 (LAW) TIMED AT 16:11:01,,BLUE,Driver,,30.0,LAW,51,flags,waved blue flag for car # (law) timed at #:#:#,False,False,False,True,True
3816,2025-spanish-grand-prix-r,2025,Spanish Grand Prix,2025-06-01 14:11:15+00:00,4275000.0,Flag,WAVED BLUE FLAG FOR CAR 30 (LAW) TIMED AT 16:11:14,,BLUE,Driver,,30.0,LAW,51,flags,waved blue flag for car # (law) timed at #:#:#,False,False,False,True,True
3817,2025-spanish-grand-prix-r,2025,Spanish Grand Prix,2025-06-01 14:11:35+00:00,4295000.0,Flag,WAVED BLUE FLAG FOR CAR 87 (BEA) TIMED AT 16:11:35,,BLUE,Driver,,87.0,BEA,51,flags,waved blue flag for car # (bea) timed at #:#:#,False,False,False,True,True
3818,2025-spanish-grand-prix-r,2025,Spanish Grand Prix,2025-06-01 14:11:42+00:00,4302000.0,Flag,WAVED BLUE FLAG FOR CAR 14 (ALO) TIMED AT 16:11:41,,BLUE,Driver,,14.0,ALO,51,flags,waved blue flag for car # (alo) timed at #:#:#,False,False,False,True,True
3819,2025-spanish-grand-prix-r,2025,Spanish Grand Prix,2025-06-01 14:11:44+00:00,4304000.0,Flag,WAVED BLUE FLAG FOR CAR 87 (BEA) TIMED AT 16:11:44,,BLUE,Driver,,87.0,BEA,51,flags,waved blue flag for car # (bea) timed at #:#:#,False,False,False,True,True
3820,2025-spanish-grand-prix-r,2025,Spanish Grand Prix,2025-06-01 14:12:03+00:00,4323000.0,Flag,WAVED BLUE FLAG FOR CAR 30 (LAW) TIMED AT 16:12:02,,BLUE,Driver,,30.0,LAW,51,flags,waved blue flag for car # (law) timed at #:#:#,False,False,False,True,True
3821,2025-spanish-grand-prix-r,2025,Spanish Grand Prix,2025-06-01 14:12:04+00:00,4324000.0,Flag,WAVED BLUE FLAG FOR CAR 14 (ALO) TIMED AT 16:12:04,,BLUE,Driver,,14.0,ALO,51,flags,waved blue flag for car # (alo) timed at #:#:#,False,False,False,True,True
3822,2025-spanish-grand-prix-r,2025,Spanish Grand Prix,2025-06-01 14:12:28+00:00,4348000.0,Flag,WAVED BLUE FLAG FOR CAR 87 (BEA) TIMED AT 16:12:27,,BLUE,Driver,,87.0,BEA,52,flags,waved blue flag for car # (bea) timed at #:#:#,False,False,False,True,True
3823,2025-spanish-grand-prix-r,2025,Spanish Grand Prix,2025-06-01 14:12:30+00:00,4350000.0,Flag,WAVED BLUE FLAG FOR CAR 10 (GAS) TIMED AT 16:12:30,,BLUE,Driver,,10.0,GAS,52,flags,waved blue flag for car # (gas) timed at #:#:#,False,False,False,True,True
3824,2025-spanish-grand-prix-r,2025,Spanish Grand Prix,2025-06-01 14:12:33+00:00,4353000.0,Flag,WAVED BLUE FLAG FOR CAR 30 (LAW) TIMED AT 16:12:32,,BLUE,Driver,,30.0,LAW,52,flags,waved blue flag for car # (law) timed at #:#:#,False,False,False,True,True
3825,2025-spanish-grand-prix-r,2025,Spanish Grand Prix,2025-06-01 14:12:40+00:00,4360000.0,Flag,WAVED BLUE FLAG FOR CAR 10 (GAS) TIMED AT 16:12:39,,BLUE,Driver,,10.0,GAS,52,flags,waved blue flag for car # (gas) timed at #:#:#,False,False,False,True,True
3826,2025-spanish-grand-prix-r,2025,Spanish Grand Prix,2025-06-01 14:12:40+00:00,4360000.0,Flag,WAVED BLUE FLAG FOR CAR 87 (BEA) TIMED AT 16:12:39,,BLUE,Driver,,87.0,BEA,52,flags,waved blue flag for car # (bea) timed at #:#:#,False,False,False,True,True
3827,2025-spanish-grand-prix-r,2025,Spanish Grand Prix,2025-06-01 14:13:33+00:00,4413000.0,Flag,WAVED BLUE FLAG FOR CAR 10 (GAS) TIMED AT 16:13:32,,BLUE,Driver,,10.0,GAS,52,flags,waved blue flag for car # (gas) timed at #:#:#,False,False,False,True,True
3828,2025-spanish-grand-prix-r,2025,Spanish Grand Prix,2025-06-01 14:14:06+00:00,4446000.0,Flag,WAVED BLUE FLAG FOR CAR 10 (GAS) TIMED AT 16:14:06,,BLUE,Driver,,10.0,GAS,53,flags,waved blue flag for car # (gas) timed at #:#:#,False,False,False,True,True
3829,2025-spanish-grand-prix-r,2025,Spanish Grand Prix,2025-06-01 14:15:10+00:00,4510000.0,Other,TURN 1 INCIDENT INVOLVING CARS 87 (BEA) AND 30 (LAW) NOTED - LEAVING THE TRACK AND GAINING AN ADVANTAGE,,,,,,,54,investigations_noted,turn # incident involving cars # (bea) and # (law) noted - leaving the track and gaining an advantage,False,False,True,False,True
3830,2025-spanish-grand-prix-r,2025,Spanish Grand Prix,2025-06-01 14:15:25+00:00,4525000.0,Flag,WAVED BLUE FLAG FOR CAR 27 (HUL) TIMED AT 16:15:24,,BLUE,Driver,,27.0,HUL,54,flags,waved blue flag for car # (hul) timed at #:#:#,False,False,False,True,True
3831,2025-spanish-grand-prix-r,2025,Spanish Grand Prix,2025-06-01 14:15:57+00:00,4557000.0,Other,FIA STEWARDS: TURN 1 INCIDENT INVOLVING CARS 87 (BEA) AND 30 (LAW) UNDER INVESTIGATION - LEAVING THE TRACK AND GAINING AN ADVANTAGE,,,,,,,54,investigations_noted,fia stewards: turn # incident involving cars # (bea) and # (law) under investigation - leaving the track and gaining an advantage,False,False,True,False,True
3832,2025-spanish-grand-prix-r,2025,Spanish Grand Prix,2025-06-01 14:16:22+00:00,4582000.0,Other,CAR 87 (BEA) TIME 1:22.963 DELETED - TRACK LIMITS AT TURN 2 LAP 51 16:12:31,,,,,,,55,other,car # (bea) time #:#.# deleted - track limits at turn # lap # #:#:#,False,False,True,False,True
3833,2025-spanish-grand-prix-r,2025,Spanish Grand Prix,2025-06-01 14:16:23+00:00,4583000.0,Other,CAR 30 (LAW) TIME 1:19.805 DELETED - TRACK LIMITS AT TURN 5 LAP 52 16:14:18,,,,,,,55,other,car # (law) time #:#.# deleted - track limits at turn # lap # #:#:#,False,False,True,False,True
3834,2025-spanish-grand-prix-r,2025,Spanish Grand Prix,2025-06-01 14:16:42+00:00,4602000.0,Flag,WAVED BLUE FLAG FOR CAR 5 (BOR) TIMED AT 16:16:41,,BLUE,Driver,,5.0,BOR,55,flags,waved blue flag for car # (bor) timed at #:#:#,False,False,False,True,True
3835,2025-spanish-grand-prix-r,2025,Spanish Grand Prix,2025-06-01 14:16:46+00:00,4606000.0,Flag,DOUBLE YELLOW IN TRACK SECTOR 12,,DOUBLE YELLOW,Sector,12.0,,,55,flags,double yellow in track sector #,False,False,True,False,True
3836,2025-spanish-grand-prix-r,2025,Spanish Grand Prix,2025-06-01 14:16:48+00:00,4608000.0,Other,DRS DISABLED IN ZONE 1,,,,,,,55,drs,drs disabled in zone #,False,False,True,False,True
3837,2025-spanish-grand-prix-r,2025,Spanish Grand Prix,2025-06-01 14:16:48+00:00,4608000.0,Flag,YELLOW IN TRACK SECTOR 12,,YELLOW,Sector,12.0,,,55,flags,yellow in track sector #,False,False,True,False,True
3838,2025-spanish-grand-prix-r,2025,Spanish Grand Prix,2025-06-01 14:16:52+00:00,4612000.0,Flag,WAVED BLUE FLAG FOR CAR 27 (HUL) TIMED AT 16:16:51,,BLUE,Driver,,27.0,HUL,55,flags,waved blue flag for car # (hul) timed at #:#:#,False,False,False,True,True
3839,2025-spanish-grand-prix-r,2025,Spanish Grand Prix,2025-06-01 14:17:01+00:00,4621000.0,SafetyCar,SAFETY CAR DEPLOYED,DEPLOYED,,,,,,55,safety_car,safety car deployed,False,False,True,False,True
3840,2025-spanish-grand-prix-r,2025,Spanish Grand Prix,2025-06-01 14:19:04+00:00,4744000.0,Flag,DOUBLE YELLOW IN TRACK SECTOR 12,,DOUBLE YELLOW,Sector,12.0,,,56,flags,double yellow in track sector #,False,False,True,False,True
3841,2025-spanish-grand-prix-r,2025,Spanish Grand Prix,2025-06-01 14:19:09+00:00,4749000.0,Other,RECOVERY VEHICLE ON TRACK AT TURN 10,,,,,,,56,other,recovery vehicle on track at turn #,False,False,True,False,True
3842,2025-spanish-grand-prix-r,2025,Spanish Grand Prix,2025-06-01 14:23:12+00:00,4992000.0,Flag,CLEAR IN TRACK SECTOR 12,,CLEAR,Sector,12.0,,,58,flags,clear in track sector #,False,False,True,False,True
3843,2025-spanish-grand-prix-r,2025,Spanish Grand Prix,2025-06-01 14:23:46+00:00,5026000.0,Other,"LAPPED CARS MAY NOW OVERTAKE THE SAFETY CAR: 30, 31, 5, 14, 87, 22, 55, 43",,,,,,,58,safety_car,"lapped cars may now overtake the safety car: #, #, #, #, #, #, #, #",False,False,True,False,True
3844,2025-spanish-grand-prix-r,2025,Spanish Grand Prix,2025-06-01 14:27:16+00:00,5236000.0,SafetyCar,SAFETY CAR IN THIS LAP,IN THIS LAP,,,,,,60,safety_car,safety car in this lap,False,False,True,False,True
3845,2025-spanish-grand-prix-r,2025,Spanish Grand Prix,2025-06-01 14:28:21+00:00,5301000.0,Flag,TRACK CLEAR,,CLEAR,Track,,,,60,flags,track clear,False,False,True,False,True
3846,2025-spanish-grand-prix-r,2025,Spanish Grand Prix,2025-06-01 14:29:52+00:00,5392000.0,Drs,DRS ENABLED,ENABLED,,,,,,62,drs,drs enabled,False,False,True,False,True
3847,2025-spanish-grand-prix-r,2025,Spanish Grand Prix,2025-06-01 14:30:10+00:00,5410000.0,Other,FIA STEWARDS: 10 SECOND TIME PENALTY FOR CAR 87 (BEA) - LEAVING THE TRACK AND GAINING AN ADVANTAGE,,,,,,,62,penalties,fia stewards: # second time penalty for car # (bea) - leaving the track and gaining an advantage,False,False,True,False,True
3848,2025-spanish-grand-prix-r,2025,Spanish Grand Prix,2025-06-01 14:30:48+00:00,5448000.0,Other,TURN 1 INCIDENT INVOLVING CARS 1 (VER) AND 63 (RUS) NOTED,,,,,,,62,investigations_noted,turn # incident involving cars # (ver) and # (rus) noted,False,False,True,False,True
3849,2025-spanish-grand-prix-r,2025,Spanish Grand Prix,2025-06-01 14:30:59+00:00,5459000.0,Other,FIA STEWARDS: TURN 1 INCIDENT INVOLVING CARS 1 (VER) AND 63 (RUS) UNDER INVESTIGATION,,,,,,,62,investigations_noted,fia stewards: turn # incident involving cars # (ver) and # (rus) under investigation,False,False,True,False,True
3850,2025-spanish-grand-prix-r,2025,Spanish Grand Prix,2025-06-01 14:31:39+00:00,5499000.0,Other,CAR 1 (VER) TIME 1:18.862 DELETED - TRACK LIMITS AT TURN 2 LAP 61 16:28:50,,,,,,,63,other,car # (ver) time #:#.# deleted - track limits at turn # lap # #:#:#,False,False,True,False,True
3851,2025-spanish-grand-prix-r,2025,Spanish Grand Prix,2025-06-01 14:33:59+00:00,5639000.0,Other,TURN 5 INCIDENT INVOLVING CARS 1 (VER) AND 63 (RUS) NOTED - CAUSING A COLLISION,,,,,,,65,investigations_noted,turn # incident involving cars # (ver) and # (rus) noted - causing a collision,False,False,True,False,True
3852,2025-spanish-grand-prix-r,2025,Spanish Grand Prix,2025-06-01 14:35:28+00:00,5728000.0,Other,FIA STEWARDS: TURN 5 INCIDENT INVOLVING CARS 1 (VER) AND 63 (RUS) UNDER INVESTIGATION - CAUSING A COLLISION,,,,,,,66,investigations_noted,fia stewards: turn # incident involving cars # (ver) and # (rus) under investigation - causing a collision,False,False,True,False,True
3853,2025-spanish-grand-prix-r,2025,Spanish Grand Prix,2025-06-01 14:35:49+00:00,5749000.0,Other,FIA STEWARDS: TURN 1 INCIDENT INVOLVING CARS 1 (VER) AND 63 (RUS) NO FURTHER ACTION,,,,,,,66,investigations_noted,fia stewards: turn # incident involving cars # (ver) and # (rus) no further action,False,False,True,False,True
3854,2025-spanish-grand-prix-r,2025,Spanish Grand Prix,2025-06-01 14:36:15+00:00,5775000.0,Flag,CHEQUERED FLAG,,CHEQUERED,Track,,,,66,red_flag,chequered flag,False,False,True,False,True
3855,2025-spanish-grand-prix-r,2025,Spanish Grand Prix,2025-06-01 14:37:18+00:00,5838000.0,Other,FIA STEWARDS: 10 SECOND TIME PENALTY FOR CAR 1 (VER) - CAUSING A COLLISION,,,,,,,66,penalties,fia stewards: # second time penalty for car # (ver) - causing a collision,False,False,True,False,True
3856,2025-spanish-grand-prix-r,2025,Spanish Grand Prix,2025-06-01 14:41:03+00:00,6063000.0,Other,START/FINISH STRAIGHT INCIDENT INVOLVING CARS 1 (VER) AND 16 (LEC) NOTED - CAUSING A COLLISION,,,,,,,66,investigations_noted,start/finish straight incident involving cars # (ver) and # (lec) noted - causing a collision,False,False,True,False,True
3857,2025-spanish-grand-prix-r,2025,Spanish Grand Prix,2025-06-01 14:42:18+00:00,6138000.0,Other,FIA STEWARDS: START/FINISH STRAIGHT INCIDENT INVOLVING CARS 1 (VER) AND 16 (LEC) WILL BE INVESTIGATED AFTER THE RACE - CAUSING A COLLISION,,,,,,,66,investigations_noted,fia stewards: start/finish straight incident involving cars # (ver) and # (lec) will be investigated after the race - causing a collision,False,False,True,False,True
3758,2025-spanish-grand-prix-r,2025,Spanish Grand Prix,2025-06-01 12:05:01+00:00,,Other,BLUE HEAD PADDING MATERIAL MUST BE USED,,,,,,,1,other,blue head padding material must be used,True,False,True,False,True
3759,2025-spanish-grand-prix-r,2025,Spanish Grand Prix,2025-06-01 12:20:01+00:00,,Flag,GREEN LIGHT - PIT EXIT OPEN,,GREEN,Track,,,,1,pit_entry_exit,green light - pit exit open,True,False,True,False,True
3760,2025-spanish-grand-prix-r,2025,Spanish Grand Prix,2025-06-01 12:30:01+00:00,,Other,PIT EXIT CLOSED,,,,,,,1,pit_entry_exit,pit exit closed,True,False,True,False,True
3761,2025-spanish-grand-prix-r,2025,Spanish Grand Prix,2025-06-01 12:45:07+00:00,,Other,RISK OF RAIN FOR F1 RACE IS 10%,,,,,,,1,other,risk of rain for f1 race is #%,True,False,True,False,True
3762,2025-spanish-grand-prix-r,2025,Spanish Grand Prix,2025-06-01 12:57:01+00:00,,Drs,DRS DISABLED,DISABLED,,,,,,1,drs,drs disabled,True,False,True,False,True
3863,2025-canadian-grand-prix-r,2025,Canadian Grand Prix,2025-06-15 18:03:05+00:00,185000.0,Flag,GREEN LIGHT - PIT EXIT OPEN,,GREEN,Track,,,,1,pit_entry_exit,green light - pit exit open,False,False,True,False,True
3864,2025-canadian-grand-prix-r,2025,Canadian Grand Prix,2025-06-15 18:04:27+00:00,267000.0,Drs,DRS ENABLED,ENABLED,,,,,,2,drs,drs enabled,False,False,True,False,True
3865,2025-canadian-grand-prix-r,2025,Canadian Grand Prix,2025-06-15 18:05:50+00:00,350000.0,Other,TRACK SURFACE SLIPPERY IN TRACK SECTOR 13,,,,,,,3,other,track surface slippery in track sector #,False,False,True,False,True
3866,2025-canadian-grand-prix-r,2025,Canadian Grand Prix,2025-06-15 18:07:09+00:00,429000.0,Flag,CLEAR IN TRACK SECTOR 13,,CLEAR,Sector,13.0,,,4,flags,clear in track sector #,False,False,True,False,True
3867,2025-canadian-grand-prix-r,2025,Canadian Grand Prix,2025-06-15 18:08:24+00:00,504000.0,Other,CAR 12 (ANT) TIME 1:16.878 DELETED - TRACK LIMITS AT TURN 14 LAP 3 14:06:54,,,,,,,5,other,car # (ant) time #:#.# deleted - track limits at turn # lap # #:#:#,False,False,True,False,True
3868,2025-canadian-grand-prix-r,2025,Canadian Grand Prix,2025-06-15 18:10:43+00:00,643000.0,Other,CAR 23 (ALB) LAP DELETED - TRACK LIMITS AT TURN 9 LAP 1 14:03:53,,,,,,,6,other,car # (alb) lap deleted - track limits at turn # lap # #:#:#,False,False,True,False,True
3869,2025-canadian-grand-prix-r,2025,Canadian Grand Prix,2025-06-15 18:22:12+00:00,1332000.0,Other,TRACK SURFACE SLIPPERY IN TRACK SECTOR 11,,,,,,,15,other,track surface slippery in track sector #,False,False,True,False,True
3870,2025-canadian-grand-prix-r,2025,Canadian Grand Prix,2025-06-15 18:23:03+00:00,1383000.0,Flag,CLEAR IN TRACK SECTOR 11,,CLEAR,Sector,11.0,,,16,flags,clear in track sector #,False,False,True,False,True
3871,2025-canadian-grand-prix-r,2025,Canadian Grand Prix,2025-06-15 18:53:08+00:00,3188000.0,Flag,WAVED BLUE FLAG FOR CAR 30 (LAW) TIMED AT 14:53:07,,BLUE,Driver,,30.0,LAW,40,flags,waved blue flag for car # (law) timed at #:#:#,False,False,False,True,True
3872,2025-canadian-grand-prix-r,2025,Canadian Grand Prix,2025-06-15 18:54:15+00:00,3255000.0,Flag,WAVED BLUE FLAG FOR CAR 30 (LAW) TIMED AT 14:54:15,,BLUE,Driver,,30.0,LAW,41,flags,waved blue flag for car # (law) timed at #:#:#,False,False,False,True,True
3873,2025-canadian-grand-prix-r,2025,Canadian Grand Prix,2025-06-15 18:57:24+00:00,3444000.0,Flag,WAVED BLUE FLAG FOR CAR 30 (LAW) TIMED AT 14:57:24,,BLUE,Driver,,30.0,LAW,43,flags,waved blue flag for car # (law) timed at #:#:#,False,False,False,True,True
3874,2025-canadian-grand-prix-r,2025,Canadian Grand Prix,2025-06-15 18:58:31+00:00,3511000.0,Other,CAR 87 (BEA) TIME 1:16.813 DELETED - TRACK LIMITS AT TURN 14 LAP 41 14:56:28,,,,,,,44,other,car # (bea) time #:#.# deleted - track limits at turn # lap # #:#:#,False,False,True,False,True
3875,2025-canadian-grand-prix-r,2025,Canadian Grand Prix,2025-06-15 18:59:05+00:00,3545000.0,Flag,WAVED BLUE FLAG FOR CAR 30 (LAW) TIMED AT 14:59:04,,BLUE,Driver,,30.0,LAW,44,flags,waved blue flag for car # (law) timed at #:#:#,False,False,False,True,True
3876,2025-canadian-grand-prix-r,2025,Canadian Grand Prix,2025-06-15 18:59:24+00:00,3564000.0,Flag,WAVED BLUE FLAG FOR CAR 30 (LAW) TIMED AT 14:59:24,,BLUE,Driver,,30.0,LAW,45,flags,waved blue flag for car # (law) timed at #:#:#,False,False,False,True,True
3877,2025-canadian-grand-prix-r,2025,Canadian Grand Prix,2025-06-15 19:01:19+00:00,3679000.0,Other,TURN 13 INCIDENT INVOLVING CARS 18 (STR) AND 10 (GAS) NOTED - FORCING ANOTHER DRIVER OFF THE TRACK,,,,,,,46,investigations_noted,turn # incident involving cars # (str) and # (gas) noted - forcing another driver off the track,False,False,True,False,True
3878,2025-canadian-grand-prix-r,2025,Canadian Grand Prix,2025-06-15 19:01:26+00:00,3686000.0,Flag,WAVED BLUE FLAG FOR CAR 30 (LAW) TIMED AT 15:01:26,,BLUE,Driver,,30.0,LAW,46,flags,waved blue flag for car # (law) timed at #:#:#,False,False,False,True,True
3879,2025-canadian-grand-prix-r,2025,Canadian Grand Prix,2025-06-15 19:01:47+00:00,3707000.0,Other,CAR 10 (GAS) TIME 1:18.503 DELETED - TRACK LIMITS AT TURN 14 LAP 44 15:00:21,,,,,,,46,other,car # (gas) time #:#.# deleted - track limits at turn # lap # #:#:#,False,False,True,False,True
3880,2025-canadian-grand-prix-r,2025,Canadian Grand Prix,2025-06-15 19:02:23+00:00,3743000.0,Flag,WAVED BLUE FLAG FOR CAR 30 (LAW) TIMED AT 15:02:22,,BLUE,Driver,,30.0,LAW,47,flags,waved blue flag for car # (law) timed at #:#:#,False,False,False,True,True
3881,2025-canadian-grand-prix-r,2025,Canadian Grand Prix,2025-06-15 19:02:33+00:00,3753000.0,Other,FIA STEWARDS: TURN 13 INCIDENT INVOLVING CARS 18 (STR) AND 10 (GAS) UNDER INVESTIGATION - FORCING ANOTHER DRIVER OFF THE TRACK,,,,,,,47,investigations_noted,fia stewards: turn # incident involving cars # (str) and # (gas) under investigation - forcing another driver off the track,False,False,True,False,True
3882,2025-canadian-grand-prix-r,2025,Canadian Grand Prix,2025-06-15 19:03:00+00:00,3780000.0,Flag,WAVED BLUE FLAG FOR CAR 23 (ALB) TIMED AT 15:02:59,,BLUE,Driver,,23.0,ALB,47,flags,waved blue flag for car # (alb) timed at #:#:#,False,False,False,True,True
3883,2025-canadian-grand-prix-r,2025,Canadian Grand Prix,2025-06-15 19:03:06+00:00,3786000.0,Flag,WAVED BLUE FLAG FOR CAR 30 (LAW) TIMED AT 15:03:06,,BLUE,Driver,,30.0,LAW,47,flags,waved blue flag for car # (law) timed at #:#:#,False,False,False,True,True
3884,2025-canadian-grand-prix-r,2025,Canadian Grand Prix,2025-06-15 19:03:15+00:00,3795000.0,Flag,WAVED BLUE FLAG FOR CAR 30 (LAW) TIMED AT 15:03:14,,BLUE,Driver,,30.0,LAW,48,flags,waved blue flag for car # (law) timed at #:#:#,False,False,False,True,True
3885,2025-canadian-grand-prix-r,2025,Canadian Grand Prix,2025-06-15 19:03:44+00:00,3824000.0,Flag,WAVED BLUE FLAG FOR CAR 23 (ALB) TIMED AT 15:03:44,,BLUE,Driver,,23.0,ALB,48,flags,waved blue flag for car # (alb) timed at #:#:#,False,False,False,True,True
3886,2025-canadian-grand-prix-r,2025,Canadian Grand Prix,2025-06-15 19:03:53+00:00,3833000.0,Flag,WAVED BLUE FLAG FOR CAR 23 (ALB) TIMED AT 15:03:52,,BLUE,Driver,,23.0,ALB,48,flags,waved blue flag for car # (alb) timed at #:#:#,False,False,False,True,True
3887,2025-canadian-grand-prix-r,2025,Canadian Grand Prix,2025-06-15 19:03:55+00:00,3835000.0,Other,CAR 6 (HAD) TIME 1:18.101 DELETED - TRACK LIMITS AT TURN 14 LAP 45 15:01:37,,,,,,,48,other,car # (had) time #:#.# deleted - track limits at turn # lap # #:#:#,False,False,True,False,True
3888,2025-canadian-grand-prix-r,2025,Canadian Grand Prix,2025-06-15 19:04:01+00:00,3841000.0,Flag,WAVED BLUE FLAG FOR CAR 23 (ALB) TIMED AT 15:04:01,,BLUE,Driver,,23.0,ALB,48,flags,waved blue flag for car # (alb) timed at #:#:#,False,False,False,True,True
3889,2025-canadian-grand-prix-r,2025,Canadian Grand Prix,2025-06-15 19:04:07+00:00,3847000.0,Other,INCIDENT INVOLVING CAR 30 (LAW) NOTED - IGNORING BLUE FLAGS,,,,,,,48,investigations_noted,incident involving car # (law) noted - ignoring blue flags,False,False,True,False,True
3890,2025-canadian-grand-prix-r,2025,Canadian Grand Prix,2025-06-15 19:04:24+00:00,3864000.0,Flag,YELLOW IN TRACK SECTOR 11,,YELLOW,Sector,11.0,,,48,flags,yellow in track sector #,False,False,True,False,True
3891,2025-canadian-grand-prix-r,2025,Canadian Grand Prix,2025-06-15 19:04:29+00:00,3869000.0,Flag,YELLOW IN TRACK SECTOR 10,,YELLOW,Sector,10.0,,,49,flags,yellow in track sector #,False,False,True,False,True
3892,2025-canadian-grand-prix-r,2025,Canadian Grand Prix,2025-06-15 19:04:35+00:00,3875000.0,Flag,CLEAR IN TRACK SECTOR 10,,CLEAR,Sector,10.0,,,49,flags,clear in track sector #,False,False,True,False,True
3893,2025-canadian-grand-prix-r,2025,Canadian Grand Prix,2025-06-15 19:04:41+00:00,3881000.0,Flag,CLEAR IN TRACK SECTOR 11,,CLEAR,Sector,11.0,,,49,flags,clear in track sector #,False,False,True,False,True
3894,2025-canadian-grand-prix-r,2025,Canadian Grand Prix,2025-06-15 19:05:00+00:00,3900000.0,Other,FIA STEWARDS: 10 SECOND TIME PENALTY FOR CAR 18 (STR) - FORCING ANOTHER DRIVER OFF THE TRACK,,,,,,,49,penalties,fia stewards: # second time penalty for car # (str) - forcing another driver off the track,False,False,True,False,True
3895,2025-canadian-grand-prix-r,2025,Canadian Grand Prix,2025-06-15 19:05:32+00:00,3932000.0,Flag,WAVED BLUE FLAG FOR CAR 30 (LAW) TIMED AT 15:05:32,,BLUE,Driver,,30.0,LAW,49,flags,waved blue flag for car # (law) timed at #:#:#,False,False,False,True,True
3896,2025-canadian-grand-prix-r,2025,Canadian Grand Prix,2025-06-15 19:06:39+00:00,3999000.0,Other,TURN 13 INCIDENT INVOLVING CARS 87 (BEA) AND 6 (HAD) NOTED,,,,,,,50,investigations_noted,turn # incident involving cars # (bea) and # (had) noted,False,False,True,False,True
3897,2025-canadian-grand-prix-r,2025,Canadian Grand Prix,2025-06-15 19:07:45+00:00,4065000.0,Flag,WAVED BLUE FLAG FOR CAR 5 (BOR) TIMED AT 15:07:45,,BLUE,Driver,,5.0,BOR,51,flags,waved blue flag for car # (bor) timed at #:#:#,False,False,False,True,True
3898,2025-canadian-grand-prix-r,2025,Canadian Grand Prix,2025-06-15 19:07:54+00:00,4074000.0,Other,CAR 6 (HAD) TIME 1:17.795 DELETED - TRACK LIMITS AT TURN 14 LAP 47 15:04:12,,,,,,,51,other,car # (had) time #:#.# deleted - track limits at turn # lap # #:#:#,False,False,True,False,True
3899,2025-canadian-grand-prix-r,2025,Canadian Grand Prix,2025-06-15 19:07:54+00:00,4074000.0,Other,CAR 87 (BEA) TIME 1:17.889 DELETED - TRACK LIMITS AT TURN 14 LAP 47 15:04:13,,,,,,,51,other,car # (bea) time #:#.# deleted - track limits at turn # lap # #:#:#,False,False,True,False,True
3900,2025-canadian-grand-prix-r,2025,Canadian Grand Prix,2025-06-15 19:10:37+00:00,4237000.0,Flag,WAVED BLUE FLAG FOR CAR 10 (GAS) TIMED AT 15:10:37,,BLUE,Driver,,10.0,GAS,53,flags,waved blue flag for car # (gas) timed at #:#:#,False,False,False,True,True
3901,2025-canadian-grand-prix-r,2025,Canadian Grand Prix,2025-06-15 19:11:11+00:00,4271000.0,Flag,WAVED BLUE FLAG FOR CAR 30 (LAW) TIMED AT 15:11:10,,BLUE,Driver,,30.0,LAW,54,flags,waved blue flag for car # (law) timed at #:#:#,False,False,False,True,True
3902,2025-canadian-grand-prix-r,2025,Canadian Grand Prix,2025-06-15 19:11:37+00:00,4297000.0,Flag,WAVED BLUE FLAG FOR CAR 10 (GAS) TIMED AT 15:11:37,,BLUE,Driver,,10.0,GAS,54,flags,waved blue flag for car # (gas) timed at #:#:#,False,False,False,True,True
3903,2025-canadian-grand-prix-r,2025,Canadian Grand Prix,2025-06-15 19:12:32+00:00,4352000.0,Flag,WAVED BLUE FLAG FOR CAR 10 (GAS) TIMED AT 15:12:31,,BLUE,Driver,,10.0,GAS,55,flags,waved blue flag for car # (gas) timed at #:#:#,False,False,False,True,True
3904,2025-canadian-grand-prix-r,2025,Canadian Grand Prix,2025-06-15 19:12:52+00:00,4372000.0,Flag,WAVED BLUE FLAG FOR CAR 6 (HAD) TIMED AT 15:12:52,,BLUE,Driver,,6.0,HAD,55,flags,waved blue flag for car # (had) timed at #:#:#,False,False,False,True,True
3905,2025-canadian-grand-prix-r,2025,Canadian Grand Prix,2025-06-15 19:13:09+00:00,4389000.0,Flag,WAVED BLUE FLAG FOR CAR 6 (HAD) TIMED AT 15:13:08,,BLUE,Driver,,6.0,HAD,55,flags,waved blue flag for car # (had) timed at #:#:#,False,False,False,True,True
3906,2025-canadian-grand-prix-r,2025,Canadian Grand Prix,2025-06-15 19:13:44+00:00,4424000.0,Flag,WAVED BLUE FLAG FOR CAR 6 (HAD) TIMED AT 15:13:43,,BLUE,Driver,,6.0,HAD,56,flags,waved blue flag for car # (had) timed at #:#:#,False,False,False,True,True
3907,2025-canadian-grand-prix-r,2025,Canadian Grand Prix,2025-06-15 19:13:52+00:00,4432000.0,Other,FIA STEWARDS: TURN 13 INCIDENT INVOLVING CARS 87 (BEA) AND 6 (HAD) REVIEWED NO FURTHER INVESTIGATION,,,,,,,56,investigations_noted,fia stewards: turn # incident involving cars # (bea) and # (had) reviewed no further investigation,False,False,True,False,True
3908,2025-canadian-grand-prix-r,2025,Canadian Grand Prix,2025-06-15 19:14:11+00:00,4451000.0,Flag,WAVED BLUE FLAG FOR CAR 6 (HAD) TIMED AT 15:14:10,,BLUE,Driver,,6.0,HAD,56,flags,waved blue flag for car # (had) timed at #:#:#,False,False,False,True,True
3909,2025-canadian-grand-prix-r,2025,Canadian Grand Prix,2025-06-15 19:14:43+00:00,4483000.0,Flag,WAVED BLUE FLAG FOR CAR 87 (BEA) TIMED AT 15:14:42,,BLUE,Driver,,87.0,BEA,57,flags,waved blue flag for car # (bea) timed at #:#:#,False,False,False,True,True
3910,2025-canadian-grand-prix-r,2025,Canadian Grand Prix,2025-06-15 19:14:45+00:00,4485000.0,Flag,WAVED BLUE FLAG FOR CAR 6 (HAD) TIMED AT 15:14:44,,BLUE,Driver,,6.0,HAD,57,flags,waved blue flag for car # (had) timed at #:#:#,False,False,False,True,True
3911,2025-canadian-grand-prix-r,2025,Canadian Grand Prix,2025-06-15 19:15:12+00:00,4512000.0,Flag,WAVED BLUE FLAG FOR CAR 87 (BEA) TIMED AT 15:15:11,,BLUE,Driver,,87.0,BEA,57,flags,waved blue flag for car # (bea) timed at #:#:#,False,False,False,True,True
3912,2025-canadian-grand-prix-r,2025,Canadian Grand Prix,2025-06-15 19:15:22+00:00,4522000.0,Flag,WAVED BLUE FLAG FOR CAR 43 (COL) TIMED AT 15:15:21,,BLUE,Driver,,43.0,COL,57,flags,waved blue flag for car # (col) timed at #:#:#,False,False,False,True,True
3913,2025-canadian-grand-prix-r,2025,Canadian Grand Prix,2025-06-15 19:15:40+00:00,4540000.0,Flag,WAVED BLUE FLAG FOR CAR 43 (COL) TIMED AT 15:15:40,,BLUE,Driver,,43.0,COL,57,flags,waved blue flag for car # (col) timed at #:#:#,False,False,False,True,True
3914,2025-canadian-grand-prix-r,2025,Canadian Grand Prix,2025-06-15 19:15:45+00:00,4545000.0,Flag,WAVED BLUE FLAG FOR CAR 87 (BEA) TIMED AT 15:15:44,,BLUE,Driver,,87.0,BEA,57,flags,waved blue flag for car # (bea) timed at #:#:#,False,False,False,True,True
3915,2025-canadian-grand-prix-r,2025,Canadian Grand Prix,2025-06-15 19:15:52+00:00,4552000.0,Flag,WAVED BLUE FLAG FOR CAR 87 (BEA) TIMED AT 15:15:52,,BLUE,Driver,,87.0,BEA,58,flags,waved blue flag for car # (bea) timed at #:#:#,False,False,False,True,True
3916,2025-canadian-grand-prix-r,2025,Canadian Grand Prix,2025-06-15 19:16:15+00:00,4575000.0,Flag,WAVED BLUE FLAG FOR CAR 43 (COL) TIMED AT 15:16:15,,BLUE,Driver,,43.0,COL,58,flags,waved blue flag for car # (col) timed at #:#:#,False,False,False,True,True
3917,2025-canadian-grand-prix-r,2025,Canadian Grand Prix,2025-06-15 19:16:16+00:00,4576000.0,Flag,WAVED BLUE FLAG FOR CAR 87 (BEA) TIMED AT 15:16:15,,BLUE,Driver,,87.0,BEA,58,flags,waved blue flag for car # (bea) timed at #:#:#,False,False,False,True,True
3918,2025-canadian-grand-prix-r,2025,Canadian Grand Prix,2025-06-15 19:16:25+00:00,4585000.0,Flag,WAVED BLUE FLAG FOR CAR 43 (COL) TIMED AT 15:16:24,,BLUE,Driver,,43.0,COL,58,flags,waved blue flag for car # (col) timed at #:#:#,False,False,False,True,True
3919,2025-canadian-grand-prix-r,2025,Canadian Grand Prix,2025-06-15 19:16:26+00:00,4586000.0,Flag,WAVED BLUE FLAG FOR CAR 87 (BEA) TIMED AT 15:16:26,,BLUE,Driver,,87.0,BEA,58,flags,waved blue flag for car # (bea) timed at #:#:#,False,False,False,True,True
3920,2025-canadian-grand-prix-r,2025,Canadian Grand Prix,2025-06-15 19:16:46+00:00,4606000.0,Other,TURN 14 INCIDENT INVOLVING CAR 87 (BEA) NOTED - FAILING TO FOLLOW RACE DIRECTORS INSTRUCTIONS – ESCAPE ROAD INSTRUCTIONS,,,,,,,58,investigations_noted,turn # incident involving car # (bea) noted - failing to follow race directors instructions – escape road instructions,False,False,True,False,True
3921,2025-canadian-grand-prix-r,2025,Canadian Grand Prix,2025-06-15 19:16:55+00:00,4615000.0,Flag,WAVED BLUE FLAG FOR CAR 43 (COL) TIMED AT 15:16:55,,BLUE,Driver,,43.0,COL,58,flags,waved blue flag for car # (col) timed at #:#:#,False,False,False,True,True
3922,2025-canadian-grand-prix-r,2025,Canadian Grand Prix,2025-06-15 19:17:01+00:00,4621000.0,Other,CAR 87 (BEA) TIME 1:16.646 DELETED - TRACK LIMITS AT TURN 14 LAP 55 15:14:22,,,,,,,59,other,car # (bea) time #:#.# deleted - track limits at turn # lap # #:#:#,False,False,True,False,True
3923,2025-canadian-grand-prix-r,2025,Canadian Grand Prix,2025-06-15 19:17:12+00:00,4632000.0,Flag,WAVED BLUE FLAG FOR CAR 31 (OCO) TIMED AT 15:17:11,,BLUE,Driver,,31.0,OCO,59,flags,waved blue flag for car # (oco) timed at #:#:#,False,False,False,True,True
3924,2025-canadian-grand-prix-r,2025,Canadian Grand Prix,2025-06-15 19:17:13+00:00,4633000.0,Other,CAR 55 (SAI) TIME 1:17.283 DELETED - TRACK LIMITS AT TURN 14 LAP 56 15:15:25,,,,,,,59,other,car # (sai) time #:#.# deleted - track limits at turn # lap # #:#:#,False,False,True,False,True
3925,2025-canadian-grand-prix-r,2025,Canadian Grand Prix,2025-06-15 19:17:20+00:00,4640000.0,Flag,WAVED BLUE FLAG FOR CAR 31 (OCO) TIMED AT 15:17:19,,BLUE,Driver,,31.0,OCO,59,flags,waved blue flag for car # (oco) timed at #:#:#,False,False,False,True,True
3926,2025-canadian-grand-prix-r,2025,Canadian Grand Prix,2025-06-15 19:18:00+00:00,4680000.0,Flag,WAVED BLUE FLAG FOR CAR 5 (BOR) TIMED AT 15:17:59,,BLUE,Driver,,5.0,BOR,59,flags,waved blue flag for car # (bor) timed at #:#:#,False,False,False,True,True
3927,2025-canadian-grand-prix-r,2025,Canadian Grand Prix,2025-06-15 19:18:01+00:00,4681000.0,Other,FIA STEWARDS: PENALTY SERVED - 10 SECOND TIME PENALTY FOR CAR 18 (STR) - FORCING ANOTHER DRIVER OFF THE TRACK,,,,,,,59,penalties,fia stewards: penalty served - # second time penalty for car # (str) - forcing another driver off the track,False,False,True,False,True
3928,2025-canadian-grand-prix-r,2025,Canadian Grand Prix,2025-06-15 19:18:44+00:00,4724000.0,Other,TRACK SURFACE SLIPPERY IN TRACK SECTOR 10,,,,,,,60,other,track surface slippery in track sector #,False,False,True,False,True
3929,2025-canadian-grand-prix-r,2025,Canadian Grand Prix,2025-06-15 19:18:47+00:00,4727000.0,Flag,CLEAR IN TRACK SECTOR 10,,CLEAR,Sector,10.0,,,60,flags,clear in track sector #,False,False,True,False,True
3930,2025-canadian-grand-prix-r,2025,Canadian Grand Prix,2025-06-15 19:19:22+00:00,4762000.0,Other,FIA STEWARDS: INCIDENT INVOLVING CAR 30 (LAW) REVIEWED NO FURTHER INVESTIGATION - IGNORING BLUE FLAGS,,,,,,,60,investigations_noted,fia stewards: incident involving car # (law) reviewed no further investigation - ignoring blue flags,False,False,True,False,True
3931,2025-canadian-grand-prix-r,2025,Canadian Grand Prix,2025-06-15 19:21:33+00:00,4893000.0,Flag,WAVED BLUE FLAG FOR CAR 22 (TSU) TIMED AT 15:21:32,,BLUE,Driver,,22.0,TSU,62,flags,waved blue flag for car # (tsu) timed at #:#:#,False,False,False,True,True
3932,2025-canadian-grand-prix-r,2025,Canadian Grand Prix,2025-06-15 19:21:55+00:00,4915000.0,Flag,WAVED BLUE FLAG FOR CAR 22 (TSU) TIMED AT 15:21:55,,BLUE,Driver,,22.0,TSU,62,flags,waved blue flag for car # (tsu) timed at #:#:#,False,False,False,True,True
3933,2025-canadian-grand-prix-r,2025,Canadian Grand Prix,2025-06-15 19:22:31+00:00,4951000.0,Flag,WAVED BLUE FLAG FOR CAR 6 (HAD) TIMED AT 15:22:30,,BLUE,Driver,,6.0,HAD,63,flags,waved blue flag for car # (had) timed at #:#:#,False,False,False,True,True
3934,2025-canadian-grand-prix-r,2025,Canadian Grand Prix,2025-06-15 19:22:54+00:00,4974000.0,Other,FIA STEWARDS: TURN 14 INCIDENT INVOLVING CAR 87 (BEA) WILL BE INVESTIGATED AFTER THE RACE - FAILING TO FOLLOW RACE DIRECTORS INSTRUCTIONS – ESCAPE ROAD INSTRUCTIONS,,,,,,,63,investigations_noted,fia stewards: turn # incident involving car # (bea) will be investigated after the race - failing to follow race directors instructions – escape road instructions,False,False,True,False,True
3935,2025-canadian-grand-prix-r,2025,Canadian Grand Prix,2025-06-15 19:23:04+00:00,4984000.0,Flag,WAVED BLUE FLAG FOR CAR 43 (COL) TIMED AT 15:23:03,,BLUE,Driver,,43.0,COL,63,flags,waved blue flag for car # (col) timed at #:#:#,False,False,False,True,True
3936,2025-canadian-grand-prix-r,2025,Canadian Grand Prix,2025-06-15 19:26:31+00:00,5191000.0,Other,CAR 16 (LEC) TIME 1:15.338 DELETED - TRACK LIMITS AT TURN 14 LAP 65 15:25:57,,,,,,,66,other,car # (lec) time #:#.# deleted - track limits at turn # lap # #:#:#,False,False,True,False,True
3937,2025-canadian-grand-prix-r,2025,Canadian Grand Prix,2025-06-15 19:27:05+00:00,5225000.0,Flag,DOUBLE YELLOW IN TRACK SECTOR 1,,DOUBLE YELLOW,Sector,1.0,,,67,flags,double yellow in track sector #,False,False,True,False,True
3938,2025-canadian-grand-prix-r,2025,Canadian Grand Prix,2025-06-15 19:27:05+00:00,5225000.0,Flag,YELLOW IN TRACK SECTOR 1,,YELLOW,Sector,1.0,,,67,flags,yellow in track sector #,False,False,True,False,True
3939,2025-canadian-grand-prix-r,2025,Canadian Grand Prix,2025-06-15 19:27:06+00:00,5226000.0,Other,DRS DISABLED IN ZONE 3,,,,,,,67,drs,drs disabled in zone #,False,False,True,False,True
3940,2025-canadian-grand-prix-r,2025,Canadian Grand Prix,2025-06-15 19:27:19+00:00,5239000.0,Flag,DOUBLE YELLOW IN TRACK SECTOR 1,,DOUBLE YELLOW,Sector,1.0,,,67,flags,double yellow in track sector #,False,False,True,False,True
3941,2025-canadian-grand-prix-r,2025,Canadian Grand Prix,2025-06-15 19:27:23+00:00,5243000.0,Flag,YELLOW IN TRACK SECTOR 15,,YELLOW,Sector,15.0,,,67,flags,yellow in track sector #,False,False,True,False,True
3942,2025-canadian-grand-prix-r,2025,Canadian Grand Prix,2025-06-15 19:27:32+00:00,5252000.0,SafetyCar,SAFETY CAR DEPLOYED,DEPLOYED,,,,,,67,safety_car,safety car deployed,False,False,True,False,True
3943,2025-canadian-grand-prix-r,2025,Canadian Grand Prix,2025-06-15 19:27:49+00:00,5269000.0,Other,ALL CARS TO FOLLOW THE SAFETY CAR THROUGH THE PIT LANE,,,,,,,67,safety_car,all cars to follow the safety car through the pit lane,False,False,True,False,True
3944,2025-canadian-grand-prix-r,2025,Canadian Grand Prix,2025-06-15 19:33:50+00:00,5630000.0,Other,PIT LANE ENTRY OPEN,,,,,,,70,pit_entry_exit,pit lane entry open,False,False,True,False,True
3945,2025-canadian-grand-prix-r,2025,Canadian Grand Prix,2025-06-15 19:34:01+00:00,5641000.0,Flag,CLEAR IN TRACK SECTOR 15,,CLEAR,Sector,15.0,,,70,flags,clear in track sector #,False,False,True,False,True
3946,2025-canadian-grand-prix-r,2025,Canadian Grand Prix,2025-06-15 19:34:03+00:00,5643000.0,Flag,CLEAR IN TRACK SECTOR 1,,CLEAR,Sector,1.0,,,70,flags,clear in track sector #,False,False,True,False,True
3947,2025-canadian-grand-prix-r,2025,Canadian Grand Prix,2025-06-15 19:34:56+00:00,5696000.0,Flag,CHEQUERED FLAG,,CHEQUERED,Track,,,,70,red_flag,chequered flag,False,False,True,False,True
3948,2025-canadian-grand-prix-r,2025,Canadian Grand Prix,2025-06-15 19:39:31+00:00,5971000.0,Other,TURN 2 INCIDENT INVOLVING CARS 31 (OCO) AND 55 (SAI) NOTED - DRIVING ERRATICALLY,,,,,,,70,investigations_noted,turn # incident involving cars # (oco) and # (sai) noted - driving erratically,False,False,True,False,True
3949,2025-canadian-grand-prix-r,2025,Canadian Grand Prix,2025-06-15 19:39:45+00:00,5985000.0,Flag,TRACK CLEAR,,CLEAR,Track,,,,70,flags,track clear,False,False,True,False,True
3950,2025-canadian-grand-prix-r,2025,Canadian Grand Prix,2025-06-15 19:44:20+00:00,6260000.0,Other,FIA STEWARDS: TURN 2 INCIDENT INVOLVING CARS 31 (OCO) AND 55 (SAI) WILL BE INVESTIGATED AFTER THE RACE - DRIVING ERRATICALLY,,,,,,,70,investigations_noted,fia stewards: turn # incident involving cars # (oco) and # (sai) will be investigated after the race - driving erratically,False,False,True,False,True
3951,2025-canadian-grand-prix-r,2025,Canadian Grand Prix,2025-06-15 19:48:27+00:00,6507000.0,Other,"INCIDENT INVOLVING CARS 12 (ANT), 81 (PIA), 31 (OCO), 16 (LEC), 55 (SAI), 10 (GAS) AND 18 (STR) NOTED - SAFETY CAR INFRINGEMENT",,,,,,,70,safety_car,"incident involving cars # (ant), # (pia), # (oco), # (lec), # (sai), # (gas) and # (str) noted - safety car infringement",False,False,True,False,True
3952,2025-canadian-grand-prix-r,2025,Canadian Grand Prix,2025-06-15 19:54:57+00:00,6897000.0,Other,START/FINISH STRAIGHT INCIDENT INVOLVING CARS 4 (NOR) AND 81 (PIA) NOTED - CAUSING A COLLISION,,,,,,,70,investigations_noted,start/finish straight incident involving cars # (nor) and # (pia) noted - causing a collision,False,False,True,False,True
3953,2025-canadian-grand-prix-r,2025,Canadian Grand Prix,2025-06-15 19:58:16+00:00,7096000.0,Other,"FIA STEWARDS: INCIDENT INVOLVING CARS 12 (ANT), 81 (PIA), 31 (OCO), 16 (LEC), 55 (SAI), 10 (GAS) AND 18 (STR) WILL BE INVESTIGATED AFTER THE RACE - SAFETY CAR INFRINGEMENT",,,,,,,70,safety_car,"fia stewards: incident involving cars # (ant), # (pia), # (oco), # (lec), # (sai), # (gas) and # (str) will be investigated after the race - safety car infringement",False,False,True,False,True
3954,2025-canadian-grand-prix-r,2025,Canadian Grand Prix,2025-06-15 19:58:19+00:00,7099000.0,Other,FIA STEWARDS: START/FINISH STRAIGHT INCIDENT INVOLVING CARS 4 (NOR) AND 81 (PIA) WILL BE INVESTIGATED AFTER THE RACE - CAUSING A COLLISION,,,,,,,70,investigations_noted,fia stewards: start/finish straight incident involving cars # (nor) and # (pia) will be investigated after the race - causing a collision,False,False,True,False,True
3858,2025-canadian-grand-prix-r,2025,Canadian Grand Prix,2025-06-15 17:05:00+00:00,,Other,PINK HEAD PADDING MATERIAL MUST BE USED,,,,,,,1,other,pink head padding material must be used,True,False,True,False,True
3859,2025-canadian-grand-prix-r,2025,Canadian Grand Prix,2025-06-15 17:20:00+00:00,,Flag,GREEN LIGHT - PIT EXIT OPEN,,GREEN,Track,,,,1,pit_entry_exit,green light - pit exit open,True,False,True,False,True
3860,2025-canadian-grand-prix-r,2025,Canadian Grand Prix,2025-06-15 17:30:00+00:00,,Other,PIT EXIT CLOSED,,,,,,,1,pit_entry_exit,pit exit closed,True,False,True,False,True
3861,2025-canadian-grand-prix-r,2025,Canadian Grand Prix,2025-06-15 17:45:10+00:00,,Other,RISK OF RAIN FOR F1 RACE IS 0 %,,,,,,,1,other,risk of rain for f1 race is # %,True,False,True,False,True
3862,2025-canadian-grand-prix-r,2025,Canadian Grand Prix,2025-06-15 17:57:03+00:00,,Drs,DRS DISABLED,DISABLED,,,,,,1,drs,drs disabled,True,False,True,False,True
3969,2025-austrian-grand-prix-r,2025,Austrian Grand Prix,2025-06-29 13:01:31+00:00,91000.0,Flag,YELLOW IN TRACK SECTOR 16,,YELLOW,Sector,16.0,,,1,flags,yellow in track sector #,False,False,True,False,True
3970,2025-austrian-grand-prix-r,2025,Austrian Grand Prix,2025-06-29 13:01:36+00:00,96000.0,Other,ABORTED START,,,,,,,1,other,aborted start,False,False,True,False,True
3971,2025-austrian-grand-prix-r,2025,Austrian Grand Prix,2025-06-29 13:01:41+00:00,101000.0,Flag,CLEAR IN TRACK SECTOR 16,,CLEAR,Sector,16.0,,,1,flags,clear in track sector #,False,False,True,False,True
3972,2025-austrian-grand-prix-r,2025,Austrian Grand Prix,2025-06-29 13:04:23+00:00,263000.0,Other,FORMATION LAP WILL START AT 15:15,,,,,,,1,other,formation lap will start at #:#,False,False,True,False,True
3973,2025-austrian-grand-prix-r,2025,Austrian Grand Prix,2025-06-29 13:18:01+00:00,1081000.0,Flag,GREEN LIGHT - PIT EXIT OPEN,,GREEN,Track,,,,1,pit_entry_exit,green light - pit exit open,False,False,True,False,True
3974,2025-austrian-grand-prix-r,2025,Austrian Grand Prix,2025-06-29 13:18:29+00:00,1109000.0,Flag,DOUBLE YELLOW IN TRACK SECTOR 6,,DOUBLE YELLOW,Sector,6.0,,,1,flags,double yellow in track sector #,False,False,True,False,True
3975,2025-austrian-grand-prix-r,2025,Austrian Grand Prix,2025-06-29 13:18:36+00:00,1116000.0,Flag,YELLOW IN TRACK SECTOR 5,,YELLOW,Sector,5.0,,,1,flags,yellow in track sector #,False,False,True,False,True
3976,2025-austrian-grand-prix-r,2025,Austrian Grand Prix,2025-06-29 13:18:56+00:00,1136000.0,SafetyCar,SAFETY CAR DEPLOYED,DEPLOYED,,,,,,1,safety_car,safety car deployed,False,False,True,False,True
3977,2025-austrian-grand-prix-r,2025,Austrian Grand Prix,2025-06-29 13:19:15+00:00,1155000.0,Other,RECOVERY VEHICLE ON TRACK AT TURN 3,,,,,,,1,other,recovery vehicle on track at turn #,False,False,True,False,True
3978,2025-austrian-grand-prix-r,2025,Austrian Grand Prix,2025-06-29 13:19:28+00:00,1168000.0,Flag,DOUBLE YELLOW IN TRACK SECTOR 6,,DOUBLE YELLOW,Sector,6.0,,,1,flags,double yellow in track sector #,False,False,True,False,True
3979,2025-austrian-grand-prix-r,2025,Austrian Grand Prix,2025-06-29 13:22:13+00:00,1333000.0,SafetyCar,SAFETY CAR IN THIS LAP,IN THIS LAP,,,,,,3,safety_car,safety car in this lap,False,False,True,False,True
3980,2025-austrian-grand-prix-r,2025,Austrian Grand Prix,2025-06-29 13:22:20+00:00,1340000.0,Flag,CLEAR IN TRACK SECTOR 6,,CLEAR,Sector,6.0,,,3,flags,clear in track sector #,False,False,True,False,True
3981,2025-austrian-grand-prix-r,2025,Austrian Grand Prix,2025-06-29 13:22:21+00:00,1341000.0,Flag,CLEAR IN TRACK SECTOR 5,,CLEAR,Sector,5.0,,,3,flags,clear in track sector #,False,False,True,False,True
3982,2025-austrian-grand-prix-r,2025,Austrian Grand Prix,2025-06-29 13:22:46+00:00,1366000.0,Other,TURN 3 INCIDENT INVOLVING CARS 12 (ANT) AND 1 (VER) NOTED - CAUSING A COLLISION,,,,,,,3,investigations_noted,turn # incident involving cars # (ant) and # (ver) noted - causing a collision,False,False,True,False,True
3983,2025-austrian-grand-prix-r,2025,Austrian Grand Prix,2025-06-29 13:23:02+00:00,1382000.0,Flag,TRACK CLEAR,,CLEAR,Track,,,,3,flags,track clear,False,False,True,False,True
3984,2025-austrian-grand-prix-r,2025,Austrian Grand Prix,2025-06-29 13:23:31+00:00,1411000.0,Other,FIA STEWARDS: TURN 3 INCIDENT INVOLVING CARS 12 (ANT) AND 1 (VER) WILL BE INVESTIGATED AFTER THE RACE - CAUSING A COLLISION,,,,,,,4,investigations_noted,fia stewards: turn # incident involving cars # (ant) and # (ver) will be investigated after the race - causing a collision,False,False,True,False,True
3985,2025-austrian-grand-prix-r,2025,Austrian Grand Prix,2025-06-29 13:24:17+00:00,1457000.0,Drs,DRS ENABLED,ENABLED,,,,,,4,drs,drs enabled,False,False,True,False,True
3986,2025-austrian-grand-prix-r,2025,Austrian Grand Prix,2025-06-29 13:26:47+00:00,1607000.0,Other,TURN 3 INCIDENT INVOLVING CARS 43 (COL) AND 87 (BEA) NOTED,,,,,,,6,investigations_noted,turn # incident involving cars # (col) and # (bea) noted,False,False,True,False,True
3987,2025-austrian-grand-prix-r,2025,Austrian Grand Prix,2025-06-29 13:27:10+00:00,1630000.0,Other,CAR 87 (BEA) TIME 1:12.690 DELETED - TRACK LIMITS AT TURN 3 LAP 4 15:23:46,,,,,,,7,other,car # (bea) time #:#.# deleted - track limits at turn # lap # #:#:#,False,False,True,False,True
3988,2025-austrian-grand-prix-r,2025,Austrian Grand Prix,2025-06-29 13:29:32+00:00,1772000.0,Other,FIA STEWARDS: TURN 3 INCIDENT INVOLVING CARS 43 (COL) AND 87 (BEA) UNDER INVESTIGATION,,,,,,,9,investigations_noted,fia stewards: turn # incident involving cars # (col) and # (bea) under investigation,False,False,True,False,True
3989,2025-austrian-grand-prix-r,2025,Austrian Grand Prix,2025-06-29 13:30:32+00:00,1832000.0,Other,FIA STEWARDS: TURN 3 INCIDENT INVOLVING CARS 43 (COL) AND 87 (BEA) NO FURTHER ACTION,,,,,,,10,investigations_noted,fia stewards: turn # incident involving cars # (col) and # (bea) no further action,False,False,True,False,True
3990,2025-austrian-grand-prix-r,2025,Austrian Grand Prix,2025-06-29 13:36:49+00:00,2209000.0,Other,CAR 4 (NOR) TIME 1:11.318 DELETED - TRACK LIMITS AT TURN 10 LAP 14 15:36:03,,,,,,,15,other,car # (nor) time #:#.# deleted - track limits at turn # lap # #:#:#,False,False,True,False,True
3991,2025-austrian-grand-prix-r,2025,Austrian Grand Prix,2025-06-29 13:38:13+00:00,2293000.0,Other,CAR 18 (STR) TIME 1:13.402 DELETED - TRACK LIMITS AT TURN 3 LAP 15 15:36:56,,,,,,,16,other,car # (str) time #:#.# deleted - track limits at turn # lap # #:#:#,False,False,True,False,True
3992,2025-austrian-grand-prix-r,2025,Austrian Grand Prix,2025-06-29 13:39:08+00:00,2348000.0,Other,TURN 3 INCIDENT INVOLVING CARS 22 (TSU) AND 18 (STR) NOTED - CAUSING A COLLISION,,,,,,,17,investigations_noted,turn # incident involving cars # (tsu) and # (str) noted - causing a collision,False,False,True,False,True
3993,2025-austrian-grand-prix-r,2025,Austrian Grand Prix,2025-06-29 13:39:50+00:00,2390000.0,Other,CAR 16 (LEC) TIME 1:11.747 DELETED - TRACK LIMITS AT TURN 1 LAP 17 15:38:42,,,,,,,18,other,car # (lec) time #:#.# deleted - track limits at turn # lap # #:#:#,False,False,True,False,True
3994,2025-austrian-grand-prix-r,2025,Austrian Grand Prix,2025-06-29 13:42:40+00:00,2560000.0,Other,FIA STEWARDS: TURN 3 INCIDENT INVOLVING CARS 22 (TSU) AND 18 (STR) UNDER INVESTIGATION - CAUSING A COLLISION,,,,,,,20,investigations_noted,fia stewards: turn # incident involving cars # (tsu) and # (str) under investigation - causing a collision,False,False,True,False,True
3995,2025-austrian-grand-prix-r,2025,Austrian Grand Prix,2025-06-29 13:43:43+00:00,2623000.0,Other,FIA STEWARDS: TURN 3 INCIDENT INVOLVING CARS 22 (TSU) AND 18 (STR) NO FURTHER ACTION - CAUSING A COLLISION,,,,,,,21,investigations_noted,fia stewards: turn # incident involving cars # (tsu) and # (str) no further action - causing a collision,False,False,True,False,True
3996,2025-austrian-grand-prix-r,2025,Austrian Grand Prix,2025-06-29 13:53:42+00:00,3222000.0,Other,TURN 3 INCIDENT INVOLVING CARS 43 (COL) AND 31 (OCO) NOTED,,,,,,,29,investigations_noted,turn # incident involving cars # (col) and # (oco) noted,False,False,True,False,True
3997,2025-austrian-grand-prix-r,2025,Austrian Grand Prix,2025-06-29 13:54:05+00:00,3245000.0,Other,CAR 31 (OCO) TIME 1:12.205 DELETED - TRACK LIMITS AT TURN 3 LAP 27 15:51:29,,,,,,,30,other,car # (oco) time #:#.# deleted - track limits at turn # lap # #:#:#,False,False,True,False,True
3998,2025-austrian-grand-prix-r,2025,Austrian Grand Prix,2025-06-29 13:54:31+00:00,3271000.0,Other,CAR 14 (ALO) TIME 1:13.447 DELETED - TRACK LIMITS AT TURN 1 LAP 29 15:53:21,,,,,,,30,other,car # (alo) time #:#.# deleted - track limits at turn # lap # #:#:#,False,False,True,False,True
3999,2025-austrian-grand-prix-r,2025,Austrian Grand Prix,2025-06-29 13:54:43+00:00,3283000.0,Other,CAR 87 (BEA) TIME 1:12.441 DELETED - TRACK LIMITS AT TURN 1 LAP 29 15:53:35,,,,,,,30,other,car # (bea) time #:#.# deleted - track limits at turn # lap # #:#:#,False,False,True,False,True
4000,2025-austrian-grand-prix-r,2025,Austrian Grand Prix,2025-06-29 13:55:17+00:00,3317000.0,Other,FIA STEWARDS: TURN 3 INCIDENT INVOLVING CARS 43 (COL) AND 31 (OCO) REVIEWED NO FURTHER INVESTIGATION,,,,,,,31,investigations_noted,fia stewards: turn # incident involving cars # (col) and # (oco) reviewed no further investigation,False,False,True,False,True
4001,2025-austrian-grand-prix-r,2025,Austrian Grand Prix,2025-06-29 13:55:22+00:00,3322000.0,Flag,YELLOW IN TRACK SECTOR 9,,YELLOW,Sector,9.0,,,31,flags,yellow in track sector #,False,False,True,False,True
4002,2025-austrian-grand-prix-r,2025,Austrian Grand Prix,2025-06-29 13:55:23+00:00,3323000.0,Other,DRS DISABLED IN ZONE 2,,,,,,,31,drs,drs disabled in zone #,False,False,True,False,True
4003,2025-austrian-grand-prix-r,2025,Austrian Grand Prix,2025-06-29 13:55:26+00:00,3326000.0,Flag,CLEAR IN TRACK SECTOR 9,,CLEAR,Sector,9.0,,,31,flags,clear in track sector #,False,False,True,False,True
4004,2025-austrian-grand-prix-r,2025,Austrian Grand Prix,2025-06-29 13:55:26+00:00,3326000.0,Other,DRS ENABLED IN ZONE 2,,,,,,,31,drs,drs enabled in zone #,False,False,True,False,True
4005,2025-austrian-grand-prix-r,2025,Austrian Grand Prix,2025-06-29 13:56:56+00:00,3416000.0,Other,TURN 4 INCIDENT INVOLVING CARS 22 (TSU) AND 43 (COL) NOTED - CAUSING A COLLISION,,,,,,,32,investigations_noted,turn # incident involving cars # (tsu) and # (col) noted - causing a collision,False,False,True,False,True
4006,2025-austrian-grand-prix-r,2025,Austrian Grand Prix,2025-06-29 13:57:20+00:00,3440000.0,Other,CAR 43 (COL) TIME 1:12.507 DELETED - TRACK LIMITS AT TURN 1 LAP 31 15:56:07,,,,,,,32,other,car # (col) time #:#.# deleted - track limits at turn # lap # #:#:#,False,False,True,False,True
4007,2025-austrian-grand-prix-r,2025,Austrian Grand Prix,2025-06-29 13:57:44+00:00,3464000.0,Other,FIA STEWARDS: TURN 4 INCIDENT INVOLVING CARS 22 (TSU) AND 43 (COL) UNDER INVESTIGATION - CAUSING A COLLISION,,,,,,,33,investigations_noted,fia stewards: turn # incident involving cars # (tsu) and # (col) under investigation - causing a collision,False,False,True,False,True
4008,2025-austrian-grand-prix-r,2025,Austrian Grand Prix,2025-06-29 13:58:27+00:00,3507000.0,Other,FIA STEWARDS: 10 SECOND TIME PENALTY FOR CAR 22 (TSU) - CAUSING A COLLISION,,,,,,,33,penalties,fia stewards: # second time penalty for car # (tsu) - causing a collision,False,False,True,False,True
4009,2025-austrian-grand-prix-r,2025,Austrian Grand Prix,2025-06-29 14:06:21+00:00,3981000.0,Flag,WAVED BLUE FLAG FOR CAR 43 (COL) TIMED AT 16:06:21,,BLUE,Driver,,43.0,COL,40,flags,waved blue flag for car # (col) timed at #:#:#,False,False,False,True,True
4010,2025-austrian-grand-prix-r,2025,Austrian Grand Prix,2025-06-29 14:07:46+00:00,4066000.0,Flag,WAVED BLUE FLAG FOR CAR 18 (STR) TIMED AT 16:07:46,,BLUE,Driver,,18.0,STR,41,flags,waved blue flag for car # (str) timed at #:#:#,False,False,False,True,True
4011,2025-austrian-grand-prix-r,2025,Austrian Grand Prix,2025-06-29 14:07:52+00:00,4072000.0,Flag,WAVED BLUE FLAG FOR CAR 18 (STR) TIMED AT 16:07:51,,BLUE,Driver,,18.0,STR,41,flags,waved blue flag for car # (str) timed at #:#:#,False,False,False,True,True
4012,2025-austrian-grand-prix-r,2025,Austrian Grand Prix,2025-06-29 14:07:56+00:00,4076000.0,Flag,WAVED BLUE FLAG FOR CAR 18 (STR) TIMED AT 16:07:55,,BLUE,Driver,,18.0,STR,41,flags,waved blue flag for car # (str) timed at #:#:#,False,False,False,True,True
4013,2025-austrian-grand-prix-r,2025,Austrian Grand Prix,2025-06-29 14:10:04+00:00,4204000.0,Flag,WAVED BLUE FLAG FOR CAR 18 (STR) TIMED AT 16:10:03,,BLUE,Driver,,18.0,STR,43,flags,waved blue flag for car # (str) timed at #:#:#,False,False,False,True,True
4014,2025-austrian-grand-prix-r,2025,Austrian Grand Prix,2025-06-29 14:13:42+00:00,4422000.0,Flag,WAVED BLUE FLAG FOR CAR 27 (HUL) TIMED AT 16:13:41,,BLUE,Driver,,27.0,HUL,46,flags,waved blue flag for car # (hul) timed at #:#:#,False,False,False,True,True
4015,2025-austrian-grand-prix-r,2025,Austrian Grand Prix,2025-06-29 14:13:55+00:00,4435000.0,Flag,WAVED BLUE FLAG FOR CAR 27 (HUL) TIMED AT 16:13:54,,BLUE,Driver,,27.0,HUL,47,flags,waved blue flag for car # (hul) timed at #:#:#,False,False,False,True,True
4016,2025-austrian-grand-prix-r,2025,Austrian Grand Prix,2025-06-29 14:14:06+00:00,4446000.0,Flag,WAVED BLUE FLAG FOR CAR 27 (HUL) TIMED AT 16:14:06,,BLUE,Driver,,27.0,HUL,47,flags,waved blue flag for car # (hul) timed at #:#:#,False,False,False,True,True
4017,2025-austrian-grand-prix-r,2025,Austrian Grand Prix,2025-06-29 14:15:02+00:00,4502000.0,Flag,WAVED BLUE FLAG FOR CAR 22 (TSU) TIMED AT 16:15:02,,BLUE,Driver,,22.0,TSU,48,flags,waved blue flag for car # (tsu) timed at #:#:#,False,False,False,True,True
4018,2025-austrian-grand-prix-r,2025,Austrian Grand Prix,2025-06-29 14:16:15+00:00,4575000.0,Other,CAR 81 (PIA) TIME 1:10.621 DELETED - TRACK LIMITS AT TURN 1 LAP 48 16:15:08,,,,,,,49,other,car # (pia) time #:#.# deleted - track limits at turn # lap # #:#:#,False,False,True,False,True
4019,2025-austrian-grand-prix-r,2025,Austrian Grand Prix,2025-06-29 14:16:40+00:00,4600000.0,Other,CAR 44 (HAM) TIME 1:11.777 DELETED - TRACK LIMITS AT TURN 3 LAP 48 16:15:45,,,,,,,49,other,car # (ham) time #:#.# deleted - track limits at turn # lap # #:#:#,False,False,True,False,True
4020,2025-austrian-grand-prix-r,2025,Austrian Grand Prix,2025-06-29 14:18:41+00:00,4721000.0,Flag,WAVED BLUE FLAG FOR CAR 5 (BOR) TIMED AT 16:18:41,,BLUE,Driver,,5.0,BOR,51,flags,waved blue flag for car # (bor) timed at #:#:#,False,False,False,True,True
4021,2025-austrian-grand-prix-r,2025,Austrian Grand Prix,2025-06-29 14:22:30+00:00,4950000.0,Flag,WAVED BLUE FLAG FOR CAR 43 (COL) TIMED AT 16:22:30,,BLUE,Driver,,43.0,COL,54,flags,waved blue flag for car # (col) timed at #:#:#,False,False,False,True,True
4022,2025-austrian-grand-prix-r,2025,Austrian Grand Prix,2025-06-29 14:22:47+00:00,4967000.0,Flag,WAVED BLUE FLAG FOR CAR 22 (TSU) TIMED AT 16:22:46,,BLUE,Driver,,22.0,TSU,54,flags,waved blue flag for car # (tsu) timed at #:#:#,False,False,False,True,True
4023,2025-austrian-grand-prix-r,2025,Austrian Grand Prix,2025-06-29 14:23:20+00:00,5000000.0,Flag,WAVED BLUE FLAG FOR CAR 18 (STR) TIMED AT 16:23:20,,BLUE,Driver,,18.0,STR,54,flags,waved blue flag for car # (str) timed at #:#:#,False,False,False,True,True
4024,2025-austrian-grand-prix-r,2025,Austrian Grand Prix,2025-06-29 14:23:26+00:00,5006000.0,Other,TURN 3 INCIDENT INVOLVING CARS 43 (COL) AND 81 (PIA) NOTED - FORCING ANOTHER DRIVER OFF THE TRACK,,,,,,,54,investigations_noted,turn # incident involving cars # (col) and # (pia) noted - forcing another driver off the track,False,False,True,False,True
4025,2025-austrian-grand-prix-r,2025,Austrian Grand Prix,2025-06-29 14:23:54+00:00,5034000.0,Other,FIA STEWARDS: TURN 3 INCIDENT INVOLVING CARS 43 (COL) AND 81 (PIA) UNDER INVESTIGATION - FORCING ANOTHER DRIVER OFF THE TRACK,,,,,,,55,investigations_noted,fia stewards: turn # incident involving cars # (col) and # (pia) under investigation - forcing another driver off the track,False,False,True,False,True
4026,2025-austrian-grand-prix-r,2025,Austrian Grand Prix,2025-06-29 14:24:06+00:00,5046000.0,Flag,WAVED BLUE FLAG FOR CAR 10 (GAS) TIMED AT 16:24:05,,BLUE,Driver,,10.0,GAS,55,flags,waved blue flag for car # (gas) timed at #:#:#,False,False,False,True,True
4027,2025-austrian-grand-prix-r,2025,Austrian Grand Prix,2025-06-29 14:25:36+00:00,5136000.0,Flag,WAVED BLUE FLAG FOR CAR 10 (GAS) TIMED AT 16:25:36,,BLUE,Driver,,10.0,GAS,56,flags,waved blue flag for car # (gas) timed at #:#:#,False,False,False,True,True
4028,2025-austrian-grand-prix-r,2025,Austrian Grand Prix,2025-06-29 14:26:00+00:00,5160000.0,Other,FIA STEWARDS: 5 SECOND TIME PENALTY FOR CAR 43 (COL) - FORCING ANOTHER DRIVER OFF THE TRACK,,,,,,,57,penalties,fia stewards: # second time penalty for car # (col) - forcing another driver off the track,False,False,True,False,True
4029,2025-austrian-grand-prix-r,2025,Austrian Grand Prix,2025-06-29 14:27:18+00:00,5238000.0,Flag,WAVED BLUE FLAG FOR CAR 87 (BEA) TIMED AT 16:27:17,,BLUE,Driver,,87.0,BEA,58,flags,waved blue flag for car # (bea) timed at #:#:#,False,False,False,True,True
4030,2025-austrian-grand-prix-r,2025,Austrian Grand Prix,2025-06-29 14:27:57+00:00,5277000.0,Flag,WAVED BLUE FLAG FOR CAR 22 (TSU) TIMED AT 16:27:57,,BLUE,Driver,,22.0,TSU,58,flags,waved blue flag for car # (tsu) timed at #:#:#,False,False,False,True,True
4031,2025-austrian-grand-prix-r,2025,Austrian Grand Prix,2025-06-29 14:28:04+00:00,5284000.0,Flag,WAVED BLUE FLAG FOR CAR 87 (BEA) TIMED AT 16:28:04,,BLUE,Driver,,87.0,BEA,59,flags,waved blue flag for car # (bea) timed at #:#:#,False,False,False,True,True
4032,2025-austrian-grand-prix-r,2025,Austrian Grand Prix,2025-06-29 14:28:20+00:00,5300000.0,Flag,WAVED BLUE FLAG FOR CAR 18 (STR) TIMED AT 16:28:20,,BLUE,Driver,,18.0,STR,59,flags,waved blue flag for car # (str) timed at #:#:#,False,False,False,True,True
4033,2025-austrian-grand-prix-r,2025,Austrian Grand Prix,2025-06-29 14:29:20+00:00,5360000.0,Flag,WAVED BLUE FLAG FOR CAR 43 (COL) TIMED AT 16:29:20,,BLUE,Driver,,43.0,COL,60,flags,waved blue flag for car # (col) timed at #:#:#,False,False,False,True,True
4034,2025-austrian-grand-prix-r,2025,Austrian Grand Prix,2025-06-29 14:29:27+00:00,5367000.0,Flag,WAVED BLUE FLAG FOR CAR 43 (COL) TIMED AT 16:29:26,,BLUE,Driver,,43.0,COL,60,flags,waved blue flag for car # (col) timed at #:#:#,False,False,False,True,True
4035,2025-austrian-grand-prix-r,2025,Austrian Grand Prix,2025-06-29 14:29:49+00:00,5389000.0,Flag,WAVED BLUE FLAG FOR CAR 6 (HAD) TIMED AT 16:29:48,,BLUE,Driver,,6.0,HAD,60,flags,waved blue flag for car # (had) timed at #:#:#,False,False,False,True,True
4036,2025-austrian-grand-prix-r,2025,Austrian Grand Prix,2025-06-29 14:30:20+00:00,5420000.0,Flag,WAVED BLUE FLAG FOR CAR 6 (HAD) TIMED AT 16:30:20,,BLUE,Driver,,6.0,HAD,61,flags,waved blue flag for car # (had) timed at #:#:#,False,False,False,True,True
4037,2025-austrian-grand-prix-r,2025,Austrian Grand Prix,2025-06-29 14:31:52+00:00,5512000.0,Flag,WAVED BLUE FLAG FOR CAR 31 (OCO) TIMED AT 16:31:51,,BLUE,Driver,,31.0,OCO,62,flags,waved blue flag for car # (oco) timed at #:#:#,False,False,False,True,True
4038,2025-austrian-grand-prix-r,2025,Austrian Grand Prix,2025-06-29 14:32:17+00:00,5537000.0,Flag,WAVED BLUE FLAG FOR CAR 31 (OCO) TIMED AT 16:32:16,,BLUE,Driver,,31.0,OCO,62,flags,waved blue flag for car # (oco) timed at #:#:#,False,False,False,True,True
4039,2025-austrian-grand-prix-r,2025,Austrian Grand Prix,2025-06-29 14:32:32+00:00,5552000.0,Flag,WAVED BLUE FLAG FOR CAR 22 (TSU) TIMED AT 16:32:32,,BLUE,Driver,,22.0,TSU,62,flags,waved blue flag for car # (tsu) timed at #:#:#,False,False,False,True,True
4040,2025-austrian-grand-prix-r,2025,Austrian Grand Prix,2025-06-29 14:33:33+00:00,5613000.0,Flag,WAVED BLUE FLAG FOR CAR 10 (GAS) TIMED AT 16:33:32,,BLUE,Driver,,10.0,GAS,63,flags,waved blue flag for car # (gas) timed at #:#:#,False,False,False,True,True
4041,2025-austrian-grand-prix-r,2025,Austrian Grand Prix,2025-06-29 14:34:09+00:00,5649000.0,Flag,WAVED BLUE FLAG FOR CAR 27 (HUL) TIMED AT 16:34:09,,BLUE,Driver,,27.0,HUL,64,flags,waved blue flag for car # (hul) timed at #:#:#,False,False,False,True,True
4042,2025-austrian-grand-prix-r,2025,Austrian Grand Prix,2025-06-29 14:34:38+00:00,5678000.0,Flag,WAVED BLUE FLAG FOR CAR 27 (HUL) TIMED AT 16:34:38,,BLUE,Driver,,27.0,HUL,64,flags,waved blue flag for car # (hul) timed at #:#:#,False,False,False,True,True
4043,2025-austrian-grand-prix-r,2025,Austrian Grand Prix,2025-06-29 14:35:04+00:00,5704000.0,Flag,WAVED BLUE FLAG FOR CAR 43 (COL) TIMED AT 16:35:03,,BLUE,Driver,,43.0,COL,65,flags,waved blue flag for car # (col) timed at #:#:#,False,False,False,True,True
4044,2025-austrian-grand-prix-r,2025,Austrian Grand Prix,2025-06-29 14:35:25+00:00,5725000.0,Flag,WAVED BLUE FLAG FOR CAR 43 (COL) TIMED AT 16:35:24,,BLUE,Driver,,43.0,COL,65,flags,waved blue flag for car # (col) timed at #:#:#,False,False,False,True,True
4045,2025-austrian-grand-prix-r,2025,Austrian Grand Prix,2025-06-29 14:35:43+00:00,5743000.0,Other,FIA STEWARDS: PENALTY SERVED - 10 SECOND TIME PENALTY FOR CAR 22 (TSU) - CAUSING A COLLISION,,,,,,,65,penalties,fia stewards: penalty served - # second time penalty for car # (tsu) - causing a collision,False,False,True,False,True
4046,2025-austrian-grand-prix-r,2025,Austrian Grand Prix,2025-06-29 14:37:00+00:00,5820000.0,Flag,WAVED BLUE FLAG FOR CAR 22 (TSU) TIMED AT 16:37:00,,BLUE,Driver,,22.0,TSU,66,flags,waved blue flag for car # (tsu) timed at #:#:#,False,False,False,True,True
4047,2025-austrian-grand-prix-r,2025,Austrian Grand Prix,2025-06-29 14:38:10+00:00,5890000.0,Flag,WAVED BLUE FLAG FOR CAR 6 (HAD) TIMED AT 16:38:10,,BLUE,Driver,,6.0,HAD,67,flags,waved blue flag for car # (had) timed at #:#:#,False,False,False,True,True
4048,2025-austrian-grand-prix-r,2025,Austrian Grand Prix,2025-06-29 14:38:35+00:00,5915000.0,Flag,WAVED BLUE FLAG FOR CAR 87 (BEA) TIMED AT 16:38:35,,BLUE,Driver,,87.0,BEA,68,flags,waved blue flag for car # (bea) timed at #:#:#,False,False,False,True,True
4049,2025-austrian-grand-prix-r,2025,Austrian Grand Prix,2025-06-29 14:38:41+00:00,5921000.0,Flag,WAVED BLUE FLAG FOR CAR 87 (BEA) TIMED AT 16:38:40,,BLUE,Driver,,87.0,BEA,68,flags,waved blue flag for car # (bea) timed at #:#:#,False,False,False,True,True
4050,2025-austrian-grand-prix-r,2025,Austrian Grand Prix,2025-06-29 14:39:14+00:00,5954000.0,Flag,WAVED BLUE FLAG FOR CAR 10 (GAS) TIMED AT 16:39:14,,BLUE,Driver,,10.0,GAS,68,flags,waved blue flag for car # (gas) timed at #:#:#,False,False,False,True,True
4051,2025-austrian-grand-prix-r,2025,Austrian Grand Prix,2025-06-29 14:39:20+00:00,5960000.0,Flag,WAVED BLUE FLAG FOR CAR 22 (TSU) TIMED AT 16:39:19,,BLUE,Driver,,22.0,TSU,68,flags,waved blue flag for car # (tsu) timed at #:#:#,False,False,False,True,True
4052,2025-austrian-grand-prix-r,2025,Austrian Grand Prix,2025-06-29 14:39:21+00:00,5961000.0,Flag,WAVED BLUE FLAG FOR CAR 10 (GAS) TIMED AT 16:39:20,,BLUE,Driver,,10.0,GAS,68,flags,waved blue flag for car # (gas) timed at #:#:#,False,False,False,True,True
4053,2025-austrian-grand-prix-r,2025,Austrian Grand Prix,2025-06-29 14:39:27+00:00,5967000.0,Flag,WAVED BLUE FLAG FOR CAR 22 (TSU) TIMED AT 16:39:26,,BLUE,Driver,,22.0,TSU,68,flags,waved blue flag for car # (tsu) timed at #:#:#,False,False,False,True,True
4054,2025-austrian-grand-prix-r,2025,Austrian Grand Prix,2025-06-29 14:39:40+00:00,5980000.0,Flag,WAVED BLUE FLAG FOR CAR 22 (TSU) TIMED AT 16:39:40,,BLUE,Driver,,22.0,TSU,69,flags,waved blue flag for car # (tsu) timed at #:#:#,False,False,False,True,True
4055,2025-austrian-grand-prix-r,2025,Austrian Grand Prix,2025-06-29 14:40:18+00:00,6018000.0,Flag,WAVED BLUE FLAG FOR CAR 5 (BOR) TIMED AT 16:40:18,,BLUE,Driver,,5.0,BOR,69,flags,waved blue flag for car # (bor) timed at #:#:#,False,False,False,True,True
4056,2025-austrian-grand-prix-r,2025,Austrian Grand Prix,2025-06-29 14:40:29+00:00,6029000.0,Flag,WAVED BLUE FLAG FOR CAR 14 (ALO) TIMED AT 16:40:29,,BLUE,Driver,,14.0,ALO,69,flags,waved blue flag for car # (alo) timed at #:#:#,False,False,False,True,True
4057,2025-austrian-grand-prix-r,2025,Austrian Grand Prix,2025-06-29 14:40:34+00:00,6034000.0,Flag,WAVED BLUE FLAG FOR CAR 5 (BOR) TIMED AT 16:40:33,,BLUE,Driver,,5.0,BOR,69,flags,waved blue flag for car # (bor) timed at #:#:#,False,False,False,True,True
4058,2025-austrian-grand-prix-r,2025,Austrian Grand Prix,2025-06-29 14:41:47+00:00,6107000.0,Flag,CHEQUERED FLAG,,CHEQUERED,Track,,,,70,red_flag,chequered flag,False,False,True,False,True
4059,2025-austrian-grand-prix-r,2025,Austrian Grand Prix,2025-06-29 14:41:57+00:00,6117000.0,Other,CAR 81 (PIA) TIME 1:10.782 DELETED - TRACK LIMITS AT TURN 1 LAP 70 16:40:49,,,,,,,70,other,car # (pia) time #:#.# deleted - track limits at turn # lap # #:#:#,False,False,True,False,True
4060,2025-austrian-grand-prix-r,2025,Austrian Grand Prix,2025-06-29 14:42:11+00:00,6131000.0,Flag,WAVED BLUE FLAG FOR CAR 6 (HAD) TIMED AT 16:42:10,,BLUE,Driver,,6.0,HAD,70,flags,waved blue flag for car # (had) timed at #:#:#,False,False,False,True,True
4061,2025-austrian-grand-prix-r,2025,Austrian Grand Prix,2025-06-29 14:44:42+00:00,6282000.0,Other,ALL PASS HOLDERS MAY ACCESS THE PIT LANE,,,,,,,70,pit_entry_exit,all pass holders may access the pit lane,False,False,True,False,True
4062,2025-austrian-grand-prix-r,2025,Austrian Grand Prix,2025-06-29 14:45:15+00:00,6315000.0,Flag,YELLOW IN TRACK SECTOR 9,,YELLOW,Sector,9.0,,,70,flags,yellow in track sector #,False,False,True,False,True
4063,2025-austrian-grand-prix-r,2025,Austrian Grand Prix,2025-06-29 14:45:16+00:00,6316000.0,Other,DRS DISABLED IN ZONE 2,,,,,,,70,drs,drs disabled in zone #,False,False,True,False,True
4064,2025-austrian-grand-prix-r,2025,Austrian Grand Prix,2025-06-29 14:45:52+00:00,6352000.0,Flag,YELLOW IN TRACK SECTOR 10,,YELLOW,Sector,10.0,,,70,flags,yellow in track sector #,False,False,True,False,True
4065,2025-austrian-grand-prix-r,2025,Austrian Grand Prix,2025-06-29 14:46:11+00:00,6371000.0,Flag,CLEAR IN TRACK SECTOR 9,,CLEAR,Sector,9.0,,,70,flags,clear in track sector #,False,False,True,False,True
4066,2025-austrian-grand-prix-r,2025,Austrian Grand Prix,2025-06-29 14:46:11+00:00,6371000.0,Other,DRS ENABLED IN ZONE 2,,,,,,,70,drs,drs enabled in zone #,False,False,True,False,True
4067,2025-austrian-grand-prix-r,2025,Austrian Grand Prix,2025-06-29 14:46:17+00:00,6377000.0,Flag,YELLOW IN TRACK SECTOR 9,,YELLOW,Sector,9.0,,,70,flags,yellow in track sector #,False,False,True,False,True
4068,2025-austrian-grand-prix-r,2025,Austrian Grand Prix,2025-06-29 14:46:18+00:00,6378000.0,Other,DRS DISABLED IN ZONE 2,,,,,,,70,drs,drs disabled in zone #,False,False,True,False,True
4069,2025-austrian-grand-prix-r,2025,Austrian Grand Prix,2025-06-29 14:47:32+00:00,6452000.0,Flag,CLEAR IN TRACK SECTOR 9,,CLEAR,Sector,9.0,,,70,flags,clear in track sector #,False,False,True,False,True
4070,2025-austrian-grand-prix-r,2025,Austrian Grand Prix,2025-06-29 14:47:32+00:00,6452000.0,Other,DRS ENABLED IN ZONE 2,,,,,,,70,drs,drs enabled in zone #,False,False,True,False,True
4071,2025-austrian-grand-prix-r,2025,Austrian Grand Prix,2025-06-29 14:48:12+00:00,6492000.0,Flag,CLEAR IN TRACK SECTOR 10,,CLEAR,Sector,10.0,,,70,flags,clear in track sector #,False,False,True,False,True
3955,2025-austrian-grand-prix-r,2025,Austrian Grand Prix,2025-06-29 12:20:01+00:00,,Flag,GREEN LIGHT - PIT EXIT OPEN,,GREEN,Track,,,,1,pit_entry_exit,green light - pit exit open,True,False,True,False,True
3956,2025-austrian-grand-prix-r,2025,Austrian Grand Prix,2025-06-29 12:20:26+00:00,,Flag,YELLOW IN TRACK SECTOR 3,,YELLOW,Sector,3.0,,,1,flags,yellow in track sector #,True,False,True,False,True
3957,2025-austrian-grand-prix-r,2025,Austrian Grand Prix,2025-06-29 12:20:27+00:00,,Other,DRS DISABLED IN ZONE 1,,,,,,,1,drs,drs disabled in zone #,True,False,True,False,True
3958,2025-austrian-grand-prix-r,2025,Austrian Grand Prix,2025-06-29 12:20:36+00:00,,Flag,CLEAR IN TRACK SECTOR 3,,CLEAR,Sector,3.0,,,1,flags,clear in track sector #,True,False,True,False,True
3959,2025-austrian-grand-prix-r,2025,Austrian Grand Prix,2025-06-29 12:20:36+00:00,,Other,DRS ENABLED IN ZONE 1,,,,,,,1,drs,drs enabled in zone #,True,False,True,False,True
3960,2025-austrian-grand-prix-r,2025,Austrian Grand Prix,2025-06-29 12:20:38+00:00,,Flag,YELLOW IN TRACK SECTOR 3,,YELLOW,Sector,3.0,,,1,flags,yellow in track sector #,True,False,True,False,True
3961,2025-austrian-grand-prix-r,2025,Austrian Grand Prix,2025-06-29 12:20:39+00:00,,Other,DRS DISABLED IN ZONE 1,,,,,,,1,drs,drs disabled in zone #,True,False,True,False,True
3962,2025-austrian-grand-prix-r,2025,Austrian Grand Prix,2025-06-29 12:20:45+00:00,,Other,DRS ENABLED IN ZONE 1,,,,,,,1,drs,drs enabled in zone #,True,False,True,False,True
3963,2025-austrian-grand-prix-r,2025,Austrian Grand Prix,2025-06-29 12:20:45+00:00,,Flag,CLEAR IN TRACK SECTOR 3,,CLEAR,Sector,3.0,,,1,flags,clear in track sector #,True,False,True,False,True
3964,2025-austrian-grand-prix-r,2025,Austrian Grand Prix,2025-06-29 12:30:01+00:00,,Other,PIT EXIT CLOSED,,,,,,,1,pit_entry_exit,pit exit closed,True,False,True,False,True
3965,2025-austrian-grand-prix-r,2025,Austrian Grand Prix,2025-06-29 12:31:31+00:00,,Other,FIA STEWARDS: INCIDENT INVOLVING CAR 81 (PIA) NOTED - FAILING TO FOLLOW RACE DIRECTORS INSTRUCTIONS - MAXIMUM DELTA TIME,,,,,,,1,investigations_noted,fia stewards: incident involving car # (pia) noted - failing to follow race directors instructions - maximum delta time,True,False,True,False,True
3966,2025-austrian-grand-prix-r,2025,Austrian Grand Prix,2025-06-29 12:45:09+00:00,,Other,RISK OF RAIN FOR F1 RACE IS 0 %,,,,,,,1,other,risk of rain for f1 race is # %,True,False,True,False,True
3967,2025-austrian-grand-prix-r,2025,Austrian Grand Prix,2025-06-29 12:49:28+00:00,,Other,FIA STEWARDS: INCIDENT INVOLVING CAR 81 (PIA) REVIEWED NO FURTHER INVESTIGATION - FAILING TO FOLLOW RACE DIRECTORS INSTRUCTIONS - MAXIMUM DELTA TIME,,,,,,,1,investigations_noted,fia stewards: incident involving car # (pia) reviewed no further investigation - failing to follow race directors instructions - maximum delta time,True,False,True,False,True
3968,2025-austrian-grand-prix-r,2025,Austrian Grand Prix,2025-06-29 12:57:30+00:00,,Drs,DRS DISABLED,DISABLED,,,,,,1,drs,drs disabled,True,False,True,False,True
4132,2025-british-grand-prix-r,2025,British Grand Prix,2025-07-06 14:00:55+00:00,55000.0,Other,STANDING START,,,,,,,1,other,standing start,False,False,True,False,True
4133,2025-british-grand-prix-r,2025,British Grand Prix,2025-07-06 14:03:50+00:00,230000.0,Flag,GREEN LIGHT - PIT EXIT OPEN,,GREEN,Track,,,,1,pit_entry_exit,green light - pit exit open,False,False,True,False,True
4134,2025-british-grand-prix-r,2025,British Grand Prix,2025-07-06 14:04:23+00:00,263000.0,Flag,YELLOW IN TRACK SECTOR 5,,YELLOW,Sector,5.0,,,1,flags,yellow in track sector #,False,False,True,False,True
4135,2025-british-grand-prix-r,2025,British Grand Prix,2025-07-06 14:04:39+00:00,279000.0,Flag,CLEAR IN TRACK SECTOR 5,,CLEAR,Sector,5.0,,,1,flags,clear in track sector #,False,False,True,False,True
4136,2025-british-grand-prix-r,2025,British Grand Prix,2025-07-06 14:04:43+00:00,283000.0,Flag,YELLOW IN TRACK SECTOR 6,,YELLOW,Sector,6.0,,,1,flags,yellow in track sector #,False,False,True,False,True
4137,2025-british-grand-prix-r,2025,British Grand Prix,2025-07-06 14:04:46+00:00,286000.0,Other,TRACK SURFACE SLIPPERY IN TRACK SECTOR 5,,,,,,,1,other,track surface slippery in track sector #,False,False,True,False,True
4138,2025-british-grand-prix-r,2025,British Grand Prix,2025-07-06 14:05:12+00:00,312000.0,Flag,DOUBLE YELLOW IN TRACK SECTOR 6,,DOUBLE YELLOW,Sector,6.0,,,1,flags,double yellow in track sector #,False,False,True,False,True
4139,2025-british-grand-prix-r,2025,British Grand Prix,2025-07-06 14:05:48+00:00,348000.0,SafetyCar,VIRTUAL SAFETY CAR DEPLOYED,DEPLOYED,,,,,,2,safety_car,virtual safety car deployed,False,False,True,False,True
4140,2025-british-grand-prix-r,2025,British Grand Prix,2025-07-06 14:05:48+00:00,348000.0,Flag,CLEAR IN TRACK SECTOR 5,,CLEAR,Sector,5.0,,,2,flags,clear in track sector #,False,False,True,False,True
4141,2025-british-grand-prix-r,2025,British Grand Prix,2025-07-06 14:09:36+00:00,576000.0,Flag,DOUBLE YELLOW IN TRACK SECTOR 4,,DOUBLE YELLOW,Sector,4.0,,,3,flags,double yellow in track sector #,False,False,True,False,True
4142,2025-british-grand-prix-r,2025,British Grand Prix,2025-07-06 14:09:37+00:00,577000.0,Flag,DOUBLE YELLOW IN TRACK SECTOR 5,,DOUBLE YELLOW,Sector,5.0,,,3,flags,double yellow in track sector #,False,False,True,False,True
4143,2025-british-grand-prix-r,2025,British Grand Prix,2025-07-06 14:10:14+00:00,614000.0,Flag,CLEAR IN TRACK SECTOR 4,,CLEAR,Sector,4.0,,,4,flags,clear in track sector #,False,False,True,False,True
4144,2025-british-grand-prix-r,2025,British Grand Prix,2025-07-06 14:10:18+00:00,618000.0,SafetyCar,VIRTUAL SAFETY CAR ENDING,ENDING,,,,,,4,safety_car,virtual safety car ending,False,False,True,False,True
4145,2025-british-grand-prix-r,2025,British Grand Prix,2025-07-06 14:10:20+00:00,620000.0,Flag,CLEAR IN TRACK SECTOR 6,,CLEAR,Sector,6.0,,,4,flags,clear in track sector #,False,False,True,False,True
4146,2025-british-grand-prix-r,2025,British Grand Prix,2025-07-06 14:10:22+00:00,622000.0,Flag,CLEAR IN TRACK SECTOR 5,,CLEAR,Sector,5.0,,,4,flags,clear in track sector #,False,False,True,False,True
4147,2025-british-grand-prix-r,2025,British Grand Prix,2025-07-06 14:10:31+00:00,631000.0,Flag,TRACK CLEAR,,CLEAR,Track,,,,4,flags,track clear,False,False,True,False,True
4148,2025-british-grand-prix-r,2025,British Grand Prix,2025-07-06 14:11:03+00:00,663000.0,Flag,YELLOW IN TRACK SECTOR 2,,YELLOW,Sector,2.0,,,4,flags,yellow in track sector #,False,False,True,False,True
4149,2025-british-grand-prix-r,2025,British Grand Prix,2025-07-06 14:11:04+00:00,664000.0,Other,TURN 5 INCIDENT INVOLVING CARS 31 (OCO) AND 30 (LAW) NOTED - CAUSING A COLLISION,,,,,,,4,investigations_noted,turn # incident involving cars # (oco) and # (law) noted - causing a collision,False,False,True,False,True
4150,2025-british-grand-prix-r,2025,British Grand Prix,2025-07-06 14:11:22+00:00,682000.0,Flag,CLEAR IN TRACK SECTOR 2,,CLEAR,Sector,2.0,,,4,flags,clear in track sector #,False,False,True,False,True
4151,2025-british-grand-prix-r,2025,British Grand Prix,2025-07-06 14:12:35+00:00,755000.0,Other,FIA STEWARDS: TURN 5 INCIDENT INVOLVING CARS 31 (OCO) AND 30 (LAW) REVIEWED NO FURTHER INVESTIGATION - CAUSING A COLLISION,,,,,,,5,investigations_noted,fia stewards: turn # incident involving cars # (oco) and # (law) reviewed no further investigation - causing a collision,False,False,True,False,True
4152,2025-british-grand-prix-r,2025,British Grand Prix,2025-07-06 14:12:36+00:00,756000.0,Flag,YELLOW IN TRACK SECTOR 10,,YELLOW,Sector,10.0,,,5,flags,yellow in track sector #,False,False,True,False,True
4153,2025-british-grand-prix-r,2025,British Grand Prix,2025-07-06 14:13:39+00:00,819000.0,SafetyCar,VIRTUAL SAFETY CAR DEPLOYED,DEPLOYED,,,,,,5,safety_car,virtual safety car deployed,False,False,True,False,True
4154,2025-british-grand-prix-r,2025,British Grand Prix,2025-07-06 14:15:05+00:00,905000.0,Flag,DOUBLE YELLOW IN TRACK SECTOR 10,,DOUBLE YELLOW,Sector,10.0,,,6,flags,double yellow in track sector #,False,False,True,False,True
4155,2025-british-grand-prix-r,2025,British Grand Prix,2025-07-06 14:15:32+00:00,932000.0,Other,CAR 4 (NOR) TIME 1:45.033 DELETED - TRACK LIMITS AT TURN 6 LAP 5 15:12:34,,,,,,,6,other,car # (nor) time #:#.# deleted - track limits at turn # lap # #:#:#,False,False,True,False,True
4156,2025-british-grand-prix-r,2025,British Grand Prix,2025-07-06 14:16:38+00:00,998000.0,Other,CAR 16 (LEC) TIME 1:58.458 DELETED - TRACK LIMITS AT TURN 1 LAP 5 15:12:36,,,,,,,7,other,car # (lec) time #:#.# deleted - track limits at turn # lap # #:#:#,False,False,True,False,True
4157,2025-british-grand-prix-r,2025,British Grand Prix,2025-07-06 14:16:38+00:00,998000.0,Other,CAR 87 (BEA) TIME 2:00.293 DELETED - TRACK LIMITS AT TURN 1 LAP 5 15:12:41,,,,,,,7,other,car # (bea) time #:#.# deleted - track limits at turn # lap # #:#:#,False,False,True,False,True
4158,2025-british-grand-prix-r,2025,British Grand Prix,2025-07-06 14:17:02+00:00,1022000.0,Flag,CLEAR IN TRACK SECTOR 10,,CLEAR,Sector,10.0,,,7,flags,clear in track sector #,False,False,True,False,True
4159,2025-british-grand-prix-r,2025,British Grand Prix,2025-07-06 14:17:04+00:00,1024000.0,SafetyCar,VIRTUAL SAFETY CAR ENDING,ENDING,,,,,,7,safety_car,virtual safety car ending,False,False,True,False,True
4160,2025-british-grand-prix-r,2025,British Grand Prix,2025-07-06 14:17:17+00:00,1037000.0,Flag,TRACK CLEAR,,CLEAR,Track,,,,7,flags,track clear,False,False,True,False,True
4161,2025-british-grand-prix-r,2025,British Grand Prix,2025-07-06 14:18:12+00:00,1092000.0,Drs,DRS ENABLED,ENABLED,,,,,,8,drs,drs enabled,False,False,True,False,True
4162,2025-british-grand-prix-r,2025,British Grand Prix,2025-07-06 14:18:15+00:00,1095000.0,Other,NORMAL GRIP CONDITIONS,,,,,,,8,other,normal grip conditions,False,False,True,False,True
4163,2025-british-grand-prix-r,2025,British Grand Prix,2025-07-06 14:23:23+00:00,1403000.0,Drs,DRS DISABLED,DISABLED,,,,,,11,drs,drs disabled,False,False,True,False,True
4164,2025-british-grand-prix-r,2025,British Grand Prix,2025-07-06 14:23:34+00:00,1414000.0,Other,LOW GRIP CONDITIONS,,,,,,,11,other,low grip conditions,False,False,True,False,True
4165,2025-british-grand-prix-r,2025,British Grand Prix,2025-07-06 14:25:10+00:00,1510000.0,Other,CAR 1 (VER) LAP DELETED - TRACK LIMITS AT TURN 14 LAP 11 15:24:40 (PIT),,,,,,,12,other,car # (ver) lap deleted - track limits at turn # lap # #:#:# (pit),False,False,True,False,True
4166,2025-british-grand-prix-r,2025,British Grand Prix,2025-07-06 14:28:03+00:00,1683000.0,Other,CAR 44 (HAM) TIME 2:07.044 DELETED - TRACK LIMITS AT TURN 6 LAP 12 15:26:18,,,,,,,13,other,car # (ham) time #:#.# deleted - track limits at turn # lap # #:#:#,False,False,True,False,True
4167,2025-british-grand-prix-r,2025,British Grand Prix,2025-07-06 14:28:59+00:00,1739000.0,Flag,YELLOW IN TRACK SECTOR 12,,YELLOW,Sector,12.0,,,14,flags,yellow in track sector #,False,False,True,False,True
4168,2025-british-grand-prix-r,2025,British Grand Prix,2025-07-06 14:29:01+00:00,1741000.0,Flag,CLEAR IN TRACK SECTOR 12,,CLEAR,Sector,12.0,,,14,flags,clear in track sector #,False,False,True,False,True
4169,2025-british-grand-prix-r,2025,British Grand Prix,2025-07-06 14:29:14+00:00,1754000.0,SafetyCar,SAFETY CAR DEPLOYED,DEPLOYED,,,,,,14,safety_car,safety car deployed,False,False,True,False,True
4170,2025-british-grand-prix-r,2025,British Grand Prix,2025-07-06 14:29:45+00:00,1785000.0,Other,CAR 16 (LEC) TIME 2:00.583 DELETED - TRACK LIMITS AT TURN 12 LAP 13 15:28:53,,,,,,,14,other,car # (lec) time #:#.# deleted - track limits at turn # lap # #:#:#,False,False,True,False,True
4171,2025-british-grand-prix-r,2025,British Grand Prix,2025-07-06 14:38:36+00:00,2316000.0,SafetyCar,SAFETY CAR IN THIS LAP,IN THIS LAP,,,,,,17,safety_car,safety car in this lap,False,False,True,False,True
4172,2025-british-grand-prix-r,2025,British Grand Prix,2025-07-06 14:39:12+00:00,2352000.0,Flag,TRACK CLEAR,,CLEAR,Track,,,,17,flags,track clear,False,False,True,False,True
4173,2025-british-grand-prix-r,2025,British Grand Prix,2025-07-06 14:41:01+00:00,2461000.0,Flag,YELLOW IN TRACK SECTOR 10,,YELLOW,Sector,10.0,,,18,flags,yellow in track sector #,False,False,True,False,True
4174,2025-british-grand-prix-r,2025,British Grand Prix,2025-07-06 14:41:15+00:00,2475000.0,SafetyCar,SAFETY CAR DEPLOYED,DEPLOYED,,,,,,18,safety_car,safety car deployed,False,False,True,False,True
4175,2025-british-grand-prix-r,2025,British Grand Prix,2025-07-06 14:42:05+00:00,2525000.0,Flag,DOUBLE YELLOW IN TRACK SECTOR 10,,DOUBLE YELLOW,Sector,10.0,,,19,flags,double yellow in track sector #,False,False,True,False,True
4176,2025-british-grand-prix-r,2025,British Grand Prix,2025-07-06 14:43:27+00:00,2607000.0,Other,TURN 9 INCIDENT INVOLVING CARS 6 (HAD) AND 12 (ANT) NOTED - CAUSING A COLLISION,,,,,,,19,investigations_noted,turn # incident involving cars # (had) and # (ant) noted - causing a collision,False,False,True,False,True
4177,2025-british-grand-prix-r,2025,British Grand Prix,2025-07-06 14:45:05+00:00,2705000.0,Other,RECOVERY VEHICLE ON TRACK AT TURN 9,,,,,,,20,other,recovery vehicle on track at turn #,False,False,True,False,True
4178,2025-british-grand-prix-r,2025,British Grand Prix,2025-07-06 14:45:08+00:00,2708000.0,Flag,CLEAR IN TRACK SECTOR 10,,CLEAR,Sector,10.0,,,20,flags,clear in track sector #,False,False,True,False,True
4179,2025-british-grand-prix-r,2025,British Grand Prix,2025-07-06 14:45:35+00:00,2735000.0,Other,FIA STEWARDS: TURN 9 INCIDENT INVOLVING CARS 6 (HAD) AND 12 (ANT) WILL BE INVESTIGATED AFTER THE RACE - CAUSING A COLLISION,,,,,,,20,investigations_noted,fia stewards: turn # incident involving cars # (had) and # (ant) will be investigated after the race - causing a collision,False,False,True,False,True
4180,2025-british-grand-prix-r,2025,British Grand Prix,2025-07-06 14:49:02+00:00,2942000.0,SafetyCar,SAFETY CAR IN THIS LAP,IN THIS LAP,,,,,,21,safety_car,safety car in this lap,False,False,True,False,True
4181,2025-british-grand-prix-r,2025,British Grand Prix,2025-07-06 14:49:28+00:00,2968000.0,Flag,TRACK CLEAR,,CLEAR,Track,,,,21,flags,track clear,False,False,True,False,True
4182,2025-british-grand-prix-r,2025,British Grand Prix,2025-07-06 14:49:47+00:00,2987000.0,Other,INCIDENT INVOLVING CAR 81 (PIA) NOTED - SAFETY CAR INFRINGEMENT,,,,,,,22,safety_car,incident involving car # (pia) noted - safety car infringement,False,False,True,False,True
4183,2025-british-grand-prix-r,2025,British Grand Prix,2025-07-06 14:50:38+00:00,3038000.0,Flag,YELLOW IN TRACK SECTOR 7,,YELLOW,Sector,7.0,,,22,flags,yellow in track sector #,False,False,True,False,True
4184,2025-british-grand-prix-r,2025,British Grand Prix,2025-07-06 14:50:41+00:00,3041000.0,Flag,CLEAR IN TRACK SECTOR 7,,CLEAR,Sector,7.0,,,22,flags,clear in track sector #,False,False,True,False,True
4185,2025-british-grand-prix-r,2025,British Grand Prix,2025-07-06 14:51:52+00:00,3112000.0,Other,TURN 6 INCIDENT INVOLVING CARS 22 (TSU) AND 87 (BEA) NOTED - CAUSING A COLLISION,,,,,,,23,investigations_noted,turn # incident involving cars # (tsu) and # (bea) noted - causing a collision,False,False,True,False,True
4186,2025-british-grand-prix-r,2025,British Grand Prix,2025-07-06 14:51:57+00:00,3117000.0,Other,FIA STEWARDS: INCIDENT INVOLVING CAR 81 (PIA) UNDER INVESTIGATION - SAFETY CAR INFRINGEMENT,,,,,,,23,safety_car,fia stewards: incident involving car # (pia) under investigation - safety car infringement,False,False,True,False,True
4187,2025-british-grand-prix-r,2025,British Grand Prix,2025-07-06 14:55:02+00:00,3302000.0,Other,FIA STEWARDS: 10 SECOND TIME PENALTY FOR CAR 81 (PIA) - SAFETY CAR INFRINGEMENT,,,,,,,25,safety_car,fia stewards: # second time penalty for car # (pia) - safety car infringement,False,False,True,False,True
4188,2025-british-grand-prix-r,2025,British Grand Prix,2025-07-06 14:55:58+00:00,3358000.0,Other,CAR 44 (HAM) TIME 1:45.853 DELETED - TRACK LIMITS AT TURN 9 LAP 24 15:54:25,,,,,,,25,other,car # (ham) time #:#.# deleted - track limits at turn # lap # #:#:#,False,False,True,False,True
4189,2025-british-grand-prix-r,2025,British Grand Prix,2025-07-06 14:56:10+00:00,3370000.0,Other,FIA STEWARDS: TURN 6 INCIDENT INVOLVING CARS 22 (TSU) AND 87 (BEA) UNDER INVESTIGATION - CAUSING A COLLISION,,,,,,,25,investigations_noted,fia stewards: turn # incident involving cars # (tsu) and # (bea) under investigation - causing a collision,False,False,True,False,True
4190,2025-british-grand-prix-r,2025,British Grand Prix,2025-07-06 14:59:11+00:00,3551000.0,Other,FIA STEWARDS: 10 SECOND TIME PENALTY FOR CAR 22 (TSU) - CAUSING A COLLISION,,,,,,,27,penalties,fia stewards: # second time penalty for car # (tsu) - causing a collision,False,False,True,False,True
4191,2025-british-grand-prix-r,2025,British Grand Prix,2025-07-06 15:09:18+00:00,4158000.0,Other,CAR 16 (LEC) TIME 1:45.187 DELETED - TRACK LIMITS AT TURN 9 LAP 32 16:08:27,,,,,,,33,other,car # (lec) time #:#.# deleted - track limits at turn # lap # #:#:#,False,False,True,False,True
4192,2025-british-grand-prix-r,2025,British Grand Prix,2025-07-06 15:11:42+00:00,4302000.0,Drs,DRS ENABLED,ENABLED,,,,,,34,drs,drs enabled,False,False,True,False,True
4193,2025-british-grand-prix-r,2025,British Grand Prix,2025-07-06 15:11:47+00:00,4307000.0,Other,NORMAL GRIP CONDITIONS,,,,,,,34,other,normal grip conditions,False,False,True,False,True
4194,2025-british-grand-prix-r,2025,British Grand Prix,2025-07-06 15:17:59+00:00,4679000.0,Other,CAR 87 (BEA) TIME 1:43.169 DELETED - TRACK LIMITS AT TURN 9 LAP 37 16:17:08,,,,,,,38,other,car # (bea) time #:#.# deleted - track limits at turn # lap # #:#:#,False,False,True,False,True
4195,2025-british-grand-prix-r,2025,British Grand Prix,2025-07-06 15:20:56+00:00,4856000.0,Flag,YELLOW IN TRACK SECTOR 12,,YELLOW,Sector,12.0,,,40,flags,yellow in track sector #,False,False,True,False,True
4196,2025-british-grand-prix-r,2025,British Grand Prix,2025-07-06 15:21:06+00:00,4866000.0,Flag,CLEAR IN TRACK SECTOR 12,,CLEAR,Sector,12.0,,,40,flags,clear in track sector #,False,False,True,False,True
4197,2025-british-grand-prix-r,2025,British Grand Prix,2025-07-06 15:21:48+00:00,4908000.0,Other,TURN 4 INCIDENT INVOLVING CARS 16 (LEC) AND 55 (SAI) NOTED,,,,,,,40,investigations_noted,turn # incident involving cars # (lec) and # (sai) noted,False,False,True,False,True
4198,2025-british-grand-prix-r,2025,British Grand Prix,2025-07-06 15:23:21+00:00,5001000.0,Other,FIA STEWARDS: TURN 4 INCIDENT INVOLVING CARS 16 (LEC) AND 55 (SAI) REVIEWED NO FURTHER INVESTIGATION,,,,,,,41,investigations_noted,fia stewards: turn # incident involving cars # (lec) and # (sai) reviewed no further investigation,False,False,True,False,True
4199,2025-british-grand-prix-r,2025,British Grand Prix,2025-07-06 15:26:08+00:00,5168000.0,Flag,YELLOW IN TRACK SECTOR 11,,YELLOW,Sector,11.0,,,43,flags,yellow in track sector #,False,False,True,False,True
4200,2025-british-grand-prix-r,2025,British Grand Prix,2025-07-06 15:26:09+00:00,5169000.0,Flag,YELLOW IN TRACK SECTOR 12,,YELLOW,Sector,12.0,,,43,flags,yellow in track sector #,False,False,True,False,True
4201,2025-british-grand-prix-r,2025,British Grand Prix,2025-07-06 15:26:10+00:00,5170000.0,Flag,CLEAR IN TRACK SECTOR 11,,CLEAR,Sector,11.0,,,43,flags,clear in track sector #,False,False,True,False,True
4202,2025-british-grand-prix-r,2025,British Grand Prix,2025-07-06 15:26:10+00:00,5170000.0,Flag,CLEAR IN TRACK SECTOR 12,,CLEAR,Sector,12.0,,,43,flags,clear in track sector #,False,False,True,False,True
4203,2025-british-grand-prix-r,2025,British Grand Prix,2025-07-06 15:26:48+00:00,5208000.0,Other,CAR 44 (HAM) TIME 2:09.772 DELETED - TRACK LIMITS AT TURN 3 LAP 42 16:24:48,,,,,,,43,other,car # (ham) time #:#.# deleted - track limits at turn # lap # #:#:#,False,False,True,False,True
4204,2025-british-grand-prix-r,2025,British Grand Prix,2025-07-06 15:27:21+00:00,5241000.0,Flag,YELLOW IN TRACK SECTOR 7,,YELLOW,Sector,7.0,,,44,flags,yellow in track sector #,False,False,True,False,True
4205,2025-british-grand-prix-r,2025,British Grand Prix,2025-07-06 15:27:22+00:00,5242000.0,Other,FIA STEWARDS: PENALTY SERVED - 10 SECOND TIME PENALTY FOR CAR 22 (TSU) - CAUSING A COLLISION,,,,,,,44,penalties,fia stewards: penalty served - # second time penalty for car # (tsu) - causing a collision,False,False,True,False,True
4206,2025-british-grand-prix-r,2025,British Grand Prix,2025-07-06 15:27:22+00:00,5242000.0,Other,DRS DISABLED IN ZONE 1,,,,,,,44,drs,drs disabled in zone #,False,False,True,False,True
4207,2025-british-grand-prix-r,2025,British Grand Prix,2025-07-06 15:27:31+00:00,5251000.0,Flag,CLEAR IN TRACK SECTOR 7,,CLEAR,Sector,7.0,,,44,flags,clear in track sector #,False,False,True,False,True
4208,2025-british-grand-prix-r,2025,British Grand Prix,2025-07-06 15:27:31+00:00,5251000.0,Other,DRS ENABLED IN ZONE 1,,,,,,,44,drs,drs enabled in zone #,False,False,True,False,True
4209,2025-british-grand-prix-r,2025,British Grand Prix,2025-07-06 15:27:53+00:00,5273000.0,Other,TRACK SURFACE SLIPPERY IN TRACK SECTOR 7,,,,,,,44,other,track surface slippery in track sector #,False,False,True,False,True
4210,2025-british-grand-prix-r,2025,British Grand Prix,2025-07-06 15:27:54+00:00,5274000.0,Flag,WAVED BLUE FLAG FOR CAR 31 (OCO) TIMED AT 16:27:53,,BLUE,Driver,,31.0,OCO,44,flags,waved blue flag for car # (oco) timed at #:#:#,False,False,False,True,True
4211,2025-british-grand-prix-r,2025,British Grand Prix,2025-07-06 15:27:59+00:00,5279000.0,Flag,CLEAR IN TRACK SECTOR 7,,CLEAR,Sector,7.0,,,44,flags,clear in track sector #,False,False,True,False,True
4212,2025-british-grand-prix-r,2025,British Grand Prix,2025-07-06 15:28:07+00:00,5287000.0,Other,TRACK SURFACE SLIPPERY IN TRACK SECTOR 7,,,,,,,44,other,track surface slippery in track sector #,False,False,True,False,True
4213,2025-british-grand-prix-r,2025,British Grand Prix,2025-07-06 15:28:11+00:00,5291000.0,Flag,YELLOW IN TRACK SECTOR 15,,YELLOW,Sector,15.0,,,44,flags,yellow in track sector #,False,False,True,False,True
4214,2025-british-grand-prix-r,2025,British Grand Prix,2025-07-06 15:28:12+00:00,5292000.0,Other,DRS DISABLED IN ZONE 2,,,,,,,44,drs,drs disabled in zone #,False,False,True,False,True
4215,2025-british-grand-prix-r,2025,British Grand Prix,2025-07-06 15:28:23+00:00,5303000.0,Other,DRS ENABLED IN ZONE 2,,,,,,,44,drs,drs enabled in zone #,False,False,True,False,True
4216,2025-british-grand-prix-r,2025,British Grand Prix,2025-07-06 15:28:23+00:00,5303000.0,Flag,CLEAR IN TRACK SECTOR 15,,CLEAR,Sector,15.0,,,44,flags,clear in track sector #,False,False,True,False,True
4217,2025-british-grand-prix-r,2025,British Grand Prix,2025-07-06 15:28:54+00:00,5334000.0,Other,CAR 1 (VER) TIME 1:39.479 DELETED - TRACK LIMITS AT TURN 2 LAP 43 16:26:43,,,,,,,45,other,car # (ver) time #:#.# deleted - track limits at turn # lap # #:#:#,False,False,True,False,True
4218,2025-british-grand-prix-r,2025,British Grand Prix,2025-07-06 15:30:14+00:00,5414000.0,Other,TURN 6 INCIDENT INVOLVING CARS 87 (BEA) AND 31 (OCO) NOTED,,,,,,,45,investigations_noted,turn # incident involving cars # (bea) and # (oco) noted,False,False,True,False,True
4219,2025-british-grand-prix-r,2025,British Grand Prix,2025-07-06 15:30:58+00:00,5458000.0,Other,TURN 15 INCIDENT INVOLVING CARS 55 (SAI) AND 16 (LEC) NOTED - CAUSING A COLLISION,,,,,,,46,investigations_noted,turn # incident involving cars # (sai) and # (lec) noted - causing a collision,False,False,True,False,True
4220,2025-british-grand-prix-r,2025,British Grand Prix,2025-07-06 15:31:14+00:00,5474000.0,Flag,CLEAR IN TRACK SECTOR 7,,CLEAR,Sector,7.0,,,46,flags,clear in track sector #,False,False,True,False,True
4221,2025-british-grand-prix-r,2025,British Grand Prix,2025-07-06 15:31:53+00:00,5513000.0,Other,CAR 81 (PIA) TIME 1:34.870 DELETED - TRACK LIMITS AT TURN 11 LAP 45 16:30:03,,,,,,,46,other,car # (pia) time #:#.# deleted - track limits at turn # lap # #:#:#,False,False,True,False,True
4222,2025-british-grand-prix-r,2025,British Grand Prix,2025-07-06 15:32:46+00:00,5566000.0,Other,FIA STEWARDS: TURN 6 INCIDENT INVOLVING CARS 87 (BEA) AND 31 (OCO) WILL BE INVESTIGATED AFTER THE RACE,,,,,,,47,investigations_noted,fia stewards: turn # incident involving cars # (bea) and # (oco) will be investigated after the race,False,False,True,False,True
4223,2025-british-grand-prix-r,2025,British Grand Prix,2025-07-06 15:33:16+00:00,5596000.0,Other,CAR 1 (VER) TIME 1:39.479 DELETED - TRACK LIMITS AT TURN 1 LAP 43 16:26:42,,,,,,,47,other,car # (ver) time #:#.# deleted - track limits at turn # lap # #:#:#,False,False,True,False,True
4224,2025-british-grand-prix-r,2025,British Grand Prix,2025-07-06 15:33:41+00:00,5621000.0,Other,FIA STEWARDS: PENALTY SERVED - 10 SECOND TIME PENALTY FOR CAR 81 (PIA) - SAFETY CAR INFRINGEMENT,,,,,,,48,safety_car,fia stewards: penalty served - # second time penalty for car # (pia) - safety car infringement,False,False,True,False,True
4225,2025-british-grand-prix-r,2025,British Grand Prix,2025-07-06 15:34:12+00:00,5652000.0,Other,FIA STEWARDS: TURN 15 INCIDENT INVOLVING CARS 55 (SAI) AND 16 (LEC) REVIEWED NO FURTHER INVESTIGATION - CAUSING A COLLISION,,,,,,,48,investigations_noted,fia stewards: turn # incident involving cars # (sai) and # (lec) reviewed no further investigation - causing a collision,False,False,True,False,True
4226,2025-british-grand-prix-r,2025,British Grand Prix,2025-07-06 15:37:55+00:00,5875000.0,Other,CAR 55 (SAI) TIME 1:34.080 DELETED - TRACK LIMITS AT TURN 6 LAP 46 16:32:15,,,,,,,50,other,car # (sai) time #:#.# deleted - track limits at turn # lap # #:#:#,False,False,True,False,True
4227,2025-british-grand-prix-r,2025,British Grand Prix,2025-07-06 15:41:05+00:00,6065000.0,Flag,CHEQUERED FLAG,,CHEQUERED,Track,,,,52,red_flag,chequered flag,False,False,True,False,True
4228,2025-british-grand-prix-r,2025,British Grand Prix,2025-07-06 15:43:42+00:00,6222000.0,Other,ALL PASS HOLDERS MAY ACCESS THE PIT LANE,,,,,,,52,pit_entry_exit,all pass holders may access the pit lane,False,False,True,False,True
4229,2025-british-grand-prix-r,2025,British Grand Prix,2025-07-06 15:44:55+00:00,6295000.0,Other,CAR 81 (PIA) TIME 1:32.340 DELETED - TRACK LIMITS AT TURN 6 LAP 52 16:40:13,,,,,,,52,other,car # (pia) time #:#.# deleted - track limits at turn # lap # #:#:#,False,False,True,False,True
4072,2025-british-grand-prix-r,2025,British Grand Prix,2025-07-06 13:19:04+00:00,,Other,AWNINGS MAY BE USED,,,,,,,1,other,awnings may be used,True,False,True,False,True
4073,2025-british-grand-prix-r,2025,British Grand Prix,2025-07-06 13:20:01+00:00,,Flag,GREEN LIGHT - PIT EXIT OPEN,,GREEN,Track,,,,1,pit_entry_exit,green light - pit exit open,True,False,True,False,True
4074,2025-british-grand-prix-r,2025,British Grand Prix,2025-07-06 13:30:01+00:00,,Other,PIT EXIT CLOSED,,,,,,,1,pit_entry_exit,pit exit closed,True,False,True,False,True
4075,2025-british-grand-prix-r,2025,British Grand Prix,2025-07-06 13:31:23+00:00,,Flag,YELLOW IN TRACK SECTOR 13,,YELLOW,Sector,13.0,,,1,flags,yellow in track sector #,True,False,True,False,True
4076,2025-british-grand-prix-r,2025,British Grand Prix,2025-07-06 13:31:24+00:00,,Other,DRS DISABLED IN ZONE 2,,,,,,,1,drs,drs disabled in zone #,True,False,True,False,True
4077,2025-british-grand-prix-r,2025,British Grand Prix,2025-07-06 13:31:29+00:00,,Flag,YELLOW IN TRACK SECTOR 7,,YELLOW,Sector,7.0,,,1,flags,yellow in track sector #,True,False,True,False,True
4078,2025-british-grand-prix-r,2025,British Grand Prix,2025-07-06 13:31:30+00:00,,Flag,YELLOW IN TRACK SECTOR 12,,YELLOW,Sector,12.0,,,1,flags,yellow in track sector #,True,False,True,False,True
4079,2025-british-grand-prix-r,2025,British Grand Prix,2025-07-06 13:31:30+00:00,,Other,DRS DISABLED IN ZONE 1,,,,,,,1,drs,drs disabled in zone #,True,False,True,False,True
4080,2025-british-grand-prix-r,2025,British Grand Prix,2025-07-06 13:31:43+00:00,,Flag,DOUBLE YELLOW IN TRACK SECTOR 8,,DOUBLE YELLOW,Sector,8.0,,,1,flags,double yellow in track sector #,True,False,True,False,True
4081,2025-british-grand-prix-r,2025,British Grand Prix,2025-07-06 13:32:01+00:00,,Flag,YELLOW IN TRACK SECTOR 16,,YELLOW,Sector,16.0,,,1,flags,yellow in track sector #,True,False,True,False,True
4082,2025-british-grand-prix-r,2025,British Grand Prix,2025-07-06 13:32:07+00:00,,Flag,YELLOW IN TRACK SECTOR 6,,YELLOW,Sector,6.0,,,1,flags,yellow in track sector #,True,False,True,False,True
4083,2025-british-grand-prix-r,2025,British Grand Prix,2025-07-06 13:32:19+00:00,,Flag,DOUBLE YELLOW IN TRACK SECTOR 9,,DOUBLE YELLOW,Sector,9.0,,,1,flags,double yellow in track sector #,True,False,True,False,True
4084,2025-british-grand-prix-r,2025,British Grand Prix,2025-07-06 13:32:27+00:00,,Flag,DOUBLE YELLOW IN TRACK SECTOR 10,,DOUBLE YELLOW,Sector,10.0,,,1,flags,double yellow in track sector #,True,False,True,False,True
4085,2025-british-grand-prix-r,2025,British Grand Prix,2025-07-06 13:32:27+00:00,,Flag,YELLOW IN TRACK SECTOR 11,,YELLOW,Sector,11.0,,,1,flags,yellow in track sector #,True,False,True,False,True
4086,2025-british-grand-prix-r,2025,British Grand Prix,2025-07-06 13:32:36+00:00,,Flag,YELLOW IN TRACK SECTOR 4,,YELLOW,Sector,4.0,,,1,flags,yellow in track sector #,True,False,True,False,True
4087,2025-british-grand-prix-r,2025,British Grand Prix,2025-07-06 13:32:37+00:00,,Flag,DOUBLE YELLOW IN TRACK SECTOR 11,,DOUBLE YELLOW,Sector,11.0,,,1,flags,double yellow in track sector #,True,False,True,False,True
4088,2025-british-grand-prix-r,2025,British Grand Prix,2025-07-06 13:32:52+00:00,,Flag,DOUBLE YELLOW IN TRACK SECTOR 6,,DOUBLE YELLOW,Sector,6.0,,,1,flags,double yellow in track sector #,True,False,True,False,True
4089,2025-british-grand-prix-r,2025,British Grand Prix,2025-07-06 13:33:05+00:00,,Flag,DOUBLE YELLOW IN TRACK SECTOR 7,,DOUBLE YELLOW,Sector,7.0,,,1,flags,double yellow in track sector #,True,False,True,False,True
4090,2025-british-grand-prix-r,2025,British Grand Prix,2025-07-06 13:33:58+00:00,,Flag,YELLOW IN TRACK SECTOR 6,,YELLOW,Sector,6.0,,,1,flags,yellow in track sector #,True,False,True,False,True
4091,2025-british-grand-prix-r,2025,British Grand Prix,2025-07-06 13:34:00+00:00,,Flag,CLEAR IN TRACK SECTOR 4,,CLEAR,Sector,4.0,,,1,flags,clear in track sector #,True,False,True,False,True
4092,2025-british-grand-prix-r,2025,British Grand Prix,2025-07-06 13:34:04+00:00,,Flag,DOUBLE YELLOW IN TRACK SECTOR 15,,DOUBLE YELLOW,Sector,15.0,,,1,flags,double yellow in track sector #,True,False,True,False,True
4093,2025-british-grand-prix-r,2025,British Grand Prix,2025-07-06 13:34:13+00:00,,Flag,CLEAR IN TRACK SECTOR 9,,CLEAR,Sector,9.0,,,1,flags,clear in track sector #,True,False,True,False,True
4094,2025-british-grand-prix-r,2025,British Grand Prix,2025-07-06 13:34:43+00:00,,Flag,YELLOW IN TRACK SECTOR 5,,YELLOW,Sector,5.0,,,1,flags,yellow in track sector #,True,False,True,False,True
4095,2025-british-grand-prix-r,2025,British Grand Prix,2025-07-06 13:35:50+00:00,,Flag,CLEAR IN TRACK SECTOR 7,,CLEAR,Sector,7.0,,,1,flags,clear in track sector #,True,False,True,False,True
4096,2025-british-grand-prix-r,2025,British Grand Prix,2025-07-06 13:35:51+00:00,,Flag,YELLOW IN TRACK SECTOR 9,,YELLOW,Sector,9.0,,,1,flags,yellow in track sector #,True,False,True,False,True
4097,2025-british-grand-prix-r,2025,British Grand Prix,2025-07-06 13:35:57+00:00,,Flag,CLEAR IN TRACK SECTOR 6,,CLEAR,Sector,6.0,,,1,flags,clear in track sector #,True,False,True,False,True
4098,2025-british-grand-prix-r,2025,British Grand Prix,2025-07-06 13:36:03+00:00,,Flag,YELLOW IN TRACK SECTOR 8,,YELLOW,Sector,8.0,,,1,flags,yellow in track sector #,True,False,True,False,True
4099,2025-british-grand-prix-r,2025,British Grand Prix,2025-07-06 13:36:44+00:00,,Flag,CLEAR IN TRACK SECTOR 8,,CLEAR,Sector,8.0,,,1,flags,clear in track sector #,True,False,True,False,True
4100,2025-british-grand-prix-r,2025,British Grand Prix,2025-07-06 13:36:55+00:00,,Flag,YELLOW IN TRACK SECTOR 17,,YELLOW,Sector,17.0,,,1,flags,yellow in track sector #,True,False,True,False,True
4101,2025-british-grand-prix-r,2025,British Grand Prix,2025-07-06 13:37:10+00:00,,Flag,CLEAR IN TRACK SECTOR 5,,CLEAR,Sector,5.0,,,1,flags,clear in track sector #,True,False,True,False,True
4102,2025-british-grand-prix-r,2025,British Grand Prix,2025-07-06 13:37:10+00:00,,Other,DRS ENABLED IN ZONE 1,,,,,,,1,drs,drs enabled in zone #,True,False,True,False,True
4103,2025-british-grand-prix-r,2025,British Grand Prix,2025-07-06 13:37:16+00:00,,Flag,CLEAR IN TRACK SECTOR 10,,CLEAR,Sector,10.0,,,1,flags,clear in track sector #,True,False,True,False,True
4104,2025-british-grand-prix-r,2025,British Grand Prix,2025-07-06 13:37:22+00:00,,Flag,YELLOW IN TRACK SECTOR 14,,YELLOW,Sector,14.0,,,1,flags,yellow in track sector #,True,False,True,False,True
4105,2025-british-grand-prix-r,2025,British Grand Prix,2025-07-06 13:38:21+00:00,,Flag,CLEAR IN TRACK SECTOR 9,,CLEAR,Sector,9.0,,,1,flags,clear in track sector #,True,False,True,False,True
4106,2025-british-grand-prix-r,2025,British Grand Prix,2025-07-06 13:38:36+00:00,,Flag,CLEAR IN TRACK SECTOR 16,,CLEAR,Sector,16.0,,,1,flags,clear in track sector #,True,False,True,False,True
4107,2025-british-grand-prix-r,2025,British Grand Prix,2025-07-06 13:38:42+00:00,,Flag,CLEAR IN TRACK SECTOR 17,,CLEAR,Sector,17.0,,,1,flags,clear in track sector #,True,False,True,False,True
4108,2025-british-grand-prix-r,2025,British Grand Prix,2025-07-06 13:39:22+00:00,,Flag,YELLOW IN TRACK SECTOR 10,,YELLOW,Sector,10.0,,,1,flags,yellow in track sector #,True,False,True,False,True
4109,2025-british-grand-prix-r,2025,British Grand Prix,2025-07-06 13:40:13+00:00,,Flag,YELLOW IN TRACK SECTOR 15,,YELLOW,Sector,15.0,,,1,flags,yellow in track sector #,True,False,True,False,True
4110,2025-british-grand-prix-r,2025,British Grand Prix,2025-07-06 13:41:59+00:00,,Flag,YELLOW IN TRACK SECTOR 11,,YELLOW,Sector,11.0,,,1,flags,yellow in track sector #,True,False,True,False,True
4111,2025-british-grand-prix-r,2025,British Grand Prix,2025-07-06 13:42:02+00:00,,Flag,CLEAR IN TRACK SECTOR 10,,CLEAR,Sector,10.0,,,1,flags,clear in track sector #,True,False,True,False,True
4112,2025-british-grand-prix-r,2025,British Grand Prix,2025-07-06 13:43:40+00:00,,Flag,CLEAR IN TRACK SECTOR 15,,CLEAR,Sector,15.0,,,1,flags,clear in track sector #,True,False,True,False,True
4113,2025-british-grand-prix-r,2025,British Grand Prix,2025-07-06 13:44:20+00:00,,Flag,YELLOW IN TRACK SECTOR 15,,YELLOW,Sector,15.0,,,1,flags,yellow in track sector #,True,False,True,False,True
4114,2025-british-grand-prix-r,2025,British Grand Prix,2025-07-06 13:44:42+00:00,,Flag,CLEAR IN TRACK SECTOR 15,,CLEAR,Sector,15.0,,,1,flags,clear in track sector #,True,False,True,False,True
4115,2025-british-grand-prix-r,2025,British Grand Prix,2025-07-06 13:44:46+00:00,,Flag,CLEAR IN TRACK SECTOR 11,,CLEAR,Sector,11.0,,,1,flags,clear in track sector #,True,False,True,False,True
4116,2025-british-grand-prix-r,2025,British Grand Prix,2025-07-06 13:44:50+00:00,,Flag,YELLOW IN TRACK SECTOR 4,,YELLOW,Sector,4.0,,,1,flags,yellow in track sector #,True,False,True,False,True
4117,2025-british-grand-prix-r,2025,British Grand Prix,2025-07-06 13:45:16+00:00,,Other,RISK OF RAIN FOR F1 RACE IS 60%,,,,,,,1,other,risk of rain for f1 race is #%,True,False,True,False,True
4118,2025-british-grand-prix-r,2025,British Grand Prix,2025-07-06 13:45:45+00:00,,Flag,CLEAR IN TRACK SECTOR 12,,CLEAR,Sector,12.0,,,1,flags,clear in track sector #,True,False,True,False,True
4119,2025-british-grand-prix-r,2025,British Grand Prix,2025-07-06 13:46:27+00:00,,Flag,CLEAR IN TRACK SECTOR 4,,CLEAR,Sector,4.0,,,1,flags,clear in track sector #,True,False,True,False,True
4120,2025-british-grand-prix-r,2025,British Grand Prix,2025-07-06 13:46:41+00:00,,Flag,YELLOW IN TRACK SECTOR 5,,YELLOW,Sector,5.0,,,1,flags,yellow in track sector #,True,False,True,False,True
4121,2025-british-grand-prix-r,2025,British Grand Prix,2025-07-06 13:46:42+00:00,,Other,DRS DISABLED IN ZONE 1,,,,,,,1,drs,drs disabled in zone #,True,False,True,False,True
4122,2025-british-grand-prix-r,2025,British Grand Prix,2025-07-06 13:47:22+00:00,,Flag,CLEAR IN TRACK SECTOR 13,,CLEAR,Sector,13.0,,,1,flags,clear in track sector #,True,False,True,False,True
4123,2025-british-grand-prix-r,2025,British Grand Prix,2025-07-06 13:48:30+00:00,,Flag,CLEAR IN TRACK SECTOR 5,,CLEAR,Sector,5.0,,,1,flags,clear in track sector #,True,False,True,False,True
4124,2025-british-grand-prix-r,2025,British Grand Prix,2025-07-06 13:48:30+00:00,,Other,DRS ENABLED IN ZONE 1,,,,,,,1,drs,drs enabled in zone #,True,False,True,False,True
4125,2025-british-grand-prix-r,2025,British Grand Prix,2025-07-06 13:50:02+00:00,,Flag,YELLOW IN TRACK SECTOR 15,,YELLOW,Sector,15.0,,,1,flags,yellow in track sector #,True,False,True,False,True
4126,2025-british-grand-prix-r,2025,British Grand Prix,2025-07-06 13:50:48+00:00,,Flag,CLEAR IN TRACK SECTOR 15,,CLEAR,Sector,15.0,,,1,flags,clear in track sector #,True,False,True,False,True
4127,2025-british-grand-prix-r,2025,British Grand Prix,2025-07-06 13:50:51+00:00,,Other,DRS ENABLED IN ZONE 2,,,,,,,1,drs,drs enabled in zone #,True,False,True,False,True
4128,2025-british-grand-prix-r,2025,British Grand Prix,2025-07-06 13:50:51+00:00,,Flag,CLEAR IN TRACK SECTOR 14,,CLEAR,Sector,14.0,,,1,flags,clear in track sector #,True,False,True,False,True
4129,2025-british-grand-prix-r,2025,British Grand Prix,2025-07-06 13:55:00+00:00,,Other,FORMATION LAP WILL BE STARTED BEHIND THE SAFETY CAR,,,,,,,1,safety_car,formation lap will be started behind the safety car,True,False,True,False,True
4130,2025-british-grand-prix-r,2025,British Grand Prix,2025-07-06 13:57:07+00:00,,Drs,DRS DISABLED,DISABLED,,,,,,1,drs,drs disabled,True,False,True,False,True
4131,2025-british-grand-prix-r,2025,British Grand Prix,2025-07-06 13:57:09+00:00,,Other,LOW GRIP CONDITIONS,,,,,,,1,other,low grip conditions,True,False,True,False,True
4261,2025-belgian-grand-prix-r,2025,Belgian Grand Prix,2025-07-27 13:01:44+00:00,104000.0,Other,STARTING PROCEDURE SUSPENDED,,,,,,,1,other,starting procedure suspended,False,False,True,False,True
4262,2025-belgian-grand-prix-r,2025,Belgian Grand Prix,2025-07-27 13:01:58+00:00,118000.0,Flag,RED FLAG,,RED,Track,,,,1,red_flag,red flag,False,False,True,False,True
4263,2025-belgian-grand-prix-r,2025,Belgian Grand Prix,2025-07-27 13:09:08+00:00,548000.0,Other,AWNINGS MAY BE USED,,,,,,,1,other,awnings may be used,False,False,True,False,True
4264,2025-belgian-grand-prix-r,2025,Belgian Grand Prix,2025-07-27 13:54:50+00:00,3290000.0,Flag,TRACK CLEAR,,CLEAR,Track,,,,1,flags,track clear,False,False,True,False,True
4265,2025-belgian-grand-prix-r,2025,Belgian Grand Prix,2025-07-27 13:55:46+00:00,3346000.0,Flag,DOUBLE YELLOW IN TRACK SECTOR 4,,DOUBLE YELLOW,Sector,4.0,,,1,flags,double yellow in track sector #,False,False,True,False,True
4266,2025-belgian-grand-prix-r,2025,Belgian Grand Prix,2025-07-27 13:56:16+00:00,3376000.0,Flag,CLEAR IN TRACK SECTOR 4,,CLEAR,Sector,4.0,,,1,flags,clear in track sector #,False,False,True,False,True
4267,2025-belgian-grand-prix-r,2025,Belgian Grand Prix,2025-07-27 13:56:17+00:00,3377000.0,Flag,DOUBLE YELLOW IN TRACK SECTOR 7,,DOUBLE YELLOW,Sector,7.0,,,1,flags,double yellow in track sector #,False,False,True,False,True
4268,2025-belgian-grand-prix-r,2025,Belgian Grand Prix,2025-07-27 13:56:26+00:00,3386000.0,Flag,CLEAR IN TRACK SECTOR 7,,CLEAR,Sector,7.0,,,1,flags,clear in track sector #,False,False,True,False,True
4269,2025-belgian-grand-prix-r,2025,Belgian Grand Prix,2025-07-27 13:56:34+00:00,3394000.0,Flag,DOUBLE YELLOW IN TRACK SECTOR 16,,DOUBLE YELLOW,Sector,16.0,,,1,flags,double yellow in track sector #,False,False,True,False,True
4270,2025-belgian-grand-prix-r,2025,Belgian Grand Prix,2025-07-27 13:56:52+00:00,3412000.0,Flag,DOUBLE YELLOW IN TRACK SECTOR 4,,DOUBLE YELLOW,Sector,4.0,,,1,flags,double yellow in track sector #,False,False,True,False,True
4271,2025-belgian-grand-prix-r,2025,Belgian Grand Prix,2025-07-27 13:56:52+00:00,3412000.0,Flag,DOUBLE YELLOW IN TRACK SECTOR 5,,DOUBLE YELLOW,Sector,5.0,,,1,flags,double yellow in track sector #,False,False,True,False,True
4272,2025-belgian-grand-prix-r,2025,Belgian Grand Prix,2025-07-27 13:56:52+00:00,3412000.0,Flag,DOUBLE YELLOW IN TRACK SECTOR 6,,DOUBLE YELLOW,Sector,6.0,,,1,flags,double yellow in track sector #,False,False,True,False,True
4273,2025-belgian-grand-prix-r,2025,Belgian Grand Prix,2025-07-27 13:57:29+00:00,3449000.0,Flag,CLEAR IN TRACK SECTOR 16,,CLEAR,Sector,16.0,,,1,flags,clear in track sector #,False,False,True,False,True
4274,2025-belgian-grand-prix-r,2025,Belgian Grand Prix,2025-07-27 13:58:11+00:00,3491000.0,Flag,DOUBLE YELLOW IN TRACK SECTOR 14,,DOUBLE YELLOW,Sector,14.0,,,1,flags,double yellow in track sector #,False,False,True,False,True
4275,2025-belgian-grand-prix-r,2025,Belgian Grand Prix,2025-07-27 14:00:01+00:00,3601000.0,Flag,CLEAR IN TRACK SECTOR 14,,CLEAR,Sector,14.0,,,1,flags,clear in track sector #,False,False,True,False,True
4276,2025-belgian-grand-prix-r,2025,Belgian Grand Prix,2025-07-27 14:00:12+00:00,3612000.0,Flag,DOUBLE YELLOW IN TRACK SECTOR 7,,DOUBLE YELLOW,Sector,7.0,,,1,flags,double yellow in track sector #,False,False,True,False,True
4277,2025-belgian-grand-prix-r,2025,Belgian Grand Prix,2025-07-27 14:00:30+00:00,3630000.0,Flag,DOUBLE YELLOW IN TRACK SECTOR 13,,DOUBLE YELLOW,Sector,13.0,,,1,flags,double yellow in track sector #,False,False,True,False,True
4278,2025-belgian-grand-prix-r,2025,Belgian Grand Prix,2025-07-27 14:00:43+00:00,3643000.0,Flag,YELLOW IN TRACK SECTOR 12,,YELLOW,Sector,12.0,,,1,flags,yellow in track sector #,False,False,True,False,True
4279,2025-belgian-grand-prix-r,2025,Belgian Grand Prix,2025-07-27 14:02:04+00:00,3724000.0,Flag,YELLOW IN TRACK SECTOR 11,,YELLOW,Sector,11.0,,,1,flags,yellow in track sector #,False,False,True,False,True
4280,2025-belgian-grand-prix-r,2025,Belgian Grand Prix,2025-07-27 14:02:18+00:00,3738000.0,Flag,CLEAR IN TRACK SECTOR 7,,CLEAR,Sector,7.0,,,1,flags,clear in track sector #,False,False,True,False,True
4281,2025-belgian-grand-prix-r,2025,Belgian Grand Prix,2025-07-27 14:03:15+00:00,3795000.0,Flag,YELLOW IN TRACK SECTOR 20,,YELLOW,Sector,20.0,,,1,flags,yellow in track sector #,False,False,True,False,True
4282,2025-belgian-grand-prix-r,2025,Belgian Grand Prix,2025-07-27 14:03:21+00:00,3801000.0,Flag,CLEAR IN TRACK SECTOR 13,,CLEAR,Sector,13.0,,,1,flags,clear in track sector #,False,False,True,False,True
4283,2025-belgian-grand-prix-r,2025,Belgian Grand Prix,2025-07-27 14:03:22+00:00,3802000.0,Flag,DOUBLE YELLOW IN TRACK SECTOR 14,,DOUBLE YELLOW,Sector,14.0,,,1,flags,double yellow in track sector #,False,False,True,False,True
4284,2025-belgian-grand-prix-r,2025,Belgian Grand Prix,2025-07-27 14:03:27+00:00,3807000.0,Flag,CLEAR IN TRACK SECTOR 12,,CLEAR,Sector,12.0,,,1,flags,clear in track sector #,False,False,True,False,True
4285,2025-belgian-grand-prix-r,2025,Belgian Grand Prix,2025-07-27 14:03:30+00:00,3810000.0,Flag,CLEAR IN TRACK SECTOR 20,,CLEAR,Sector,20.0,,,1,flags,clear in track sector #,False,False,True,False,True
4286,2025-belgian-grand-prix-r,2025,Belgian Grand Prix,2025-07-27 14:03:50+00:00,3830000.0,Flag,CLEAR IN TRACK SECTOR 14,,CLEAR,Sector,14.0,,,1,flags,clear in track sector #,False,False,True,False,True
4287,2025-belgian-grand-prix-r,2025,Belgian Grand Prix,2025-07-27 14:04:09+00:00,3849000.0,Flag,CLEAR IN TRACK SECTOR 11,,CLEAR,Sector,11.0,,,1,flags,clear in track sector #,False,False,True,False,True
4288,2025-belgian-grand-prix-r,2025,Belgian Grand Prix,2025-07-27 14:04:18+00:00,3858000.0,Flag,DOUBLE YELLOW IN TRACK SECTOR 16,,DOUBLE YELLOW,Sector,16.0,,,1,flags,double yellow in track sector #,False,False,True,False,True
4289,2025-belgian-grand-prix-r,2025,Belgian Grand Prix,2025-07-27 14:04:44+00:00,3884000.0,Other,RACE WILL RESUME AT 16:20,,,,,,,1,other,race will resume at #:#,False,False,True,False,True
4290,2025-belgian-grand-prix-r,2025,Belgian Grand Prix,2025-07-27 14:05:31+00:00,3931000.0,Flag,CLEAR IN TRACK SECTOR 16,,CLEAR,Sector,16.0,,,1,flags,clear in track sector #,False,False,True,False,True
4291,2025-belgian-grand-prix-r,2025,Belgian Grand Prix,2025-07-27 14:06:18+00:00,3978000.0,Flag,DOUBLE YELLOW IN TRACK SECTOR 7,,DOUBLE YELLOW,Sector,7.0,,,1,flags,double yellow in track sector #,False,False,True,False,True
4292,2025-belgian-grand-prix-r,2025,Belgian Grand Prix,2025-07-27 14:06:30+00:00,3990000.0,Flag,DOUBLE YELLOW IN TRACK SECTOR 14,,DOUBLE YELLOW,Sector,14.0,,,1,flags,double yellow in track sector #,False,False,True,False,True
4293,2025-belgian-grand-prix-r,2025,Belgian Grand Prix,2025-07-27 14:06:40+00:00,4000000.0,Flag,DOUBLE YELLOW IN TRACK SECTOR 13,,DOUBLE YELLOW,Sector,13.0,,,1,flags,double yellow in track sector #,False,False,True,False,True
4294,2025-belgian-grand-prix-r,2025,Belgian Grand Prix,2025-07-27 14:06:41+00:00,4001000.0,Flag,CLEAR IN TRACK SECTOR 14,,CLEAR,Sector,14.0,,,1,flags,clear in track sector #,False,False,True,False,True
4295,2025-belgian-grand-prix-r,2025,Belgian Grand Prix,2025-07-27 14:06:56+00:00,4016000.0,Flag,YELLOW IN TRACK SECTOR 12,,YELLOW,Sector,12.0,,,1,flags,yellow in track sector #,False,False,True,False,True
4296,2025-belgian-grand-prix-r,2025,Belgian Grand Prix,2025-07-27 14:07:18+00:00,4038000.0,Flag,CLEAR IN TRACK SECTOR 7,,CLEAR,Sector,7.0,,,1,flags,clear in track sector #,False,False,True,False,True
4297,2025-belgian-grand-prix-r,2025,Belgian Grand Prix,2025-07-27 14:08:26+00:00,4106000.0,Flag,DOUBLE YELLOW IN TRACK SECTOR 14,,DOUBLE YELLOW,Sector,14.0,,,1,flags,double yellow in track sector #,False,False,True,False,True
4298,2025-belgian-grand-prix-r,2025,Belgian Grand Prix,2025-07-27 14:08:27+00:00,4107000.0,Flag,CLEAR IN TRACK SECTOR 13,,CLEAR,Sector,13.0,,,1,flags,clear in track sector #,False,False,True,False,True
4299,2025-belgian-grand-prix-r,2025,Belgian Grand Prix,2025-07-27 14:08:31+00:00,4111000.0,Flag,CLEAR IN TRACK SECTOR 12,,CLEAR,Sector,12.0,,,1,flags,clear in track sector #,False,False,True,False,True
4300,2025-belgian-grand-prix-r,2025,Belgian Grand Prix,2025-07-27 14:10:27+00:00,4227000.0,Flag,DOUBLE YELLOW IN TRACK SECTOR 15,,DOUBLE YELLOW,Sector,15.0,,,1,flags,double yellow in track sector #,False,False,True,False,True
4301,2025-belgian-grand-prix-r,2025,Belgian Grand Prix,2025-07-27 14:10:32+00:00,4232000.0,Flag,CLEAR IN TRACK SECTOR 14,,CLEAR,Sector,14.0,,,1,flags,clear in track sector #,False,False,True,False,True
4302,2025-belgian-grand-prix-r,2025,Belgian Grand Prix,2025-07-27 14:11:04+00:00,4264000.0,Flag,DOUBLE YELLOW IN TRACK SECTOR 16,,DOUBLE YELLOW,Sector,16.0,,,1,flags,double yellow in track sector #,False,False,True,False,True
4303,2025-belgian-grand-prix-r,2025,Belgian Grand Prix,2025-07-27 14:11:05+00:00,4265000.0,Flag,DOUBLE YELLOW IN TRACK SECTOR 7,,DOUBLE YELLOW,Sector,7.0,,,1,flags,double yellow in track sector #,False,False,True,False,True
4304,2025-belgian-grand-prix-r,2025,Belgian Grand Prix,2025-07-27 14:11:16+00:00,4276000.0,Flag,CLEAR IN TRACK SECTOR 15,,CLEAR,Sector,15.0,,,1,flags,clear in track sector #,False,False,True,False,True
4305,2025-belgian-grand-prix-r,2025,Belgian Grand Prix,2025-07-27 14:12:13+00:00,4333000.0,Flag,CLEAR IN TRACK SECTOR 16,,CLEAR,Sector,16.0,,,1,flags,clear in track sector #,False,False,True,False,True
4306,2025-belgian-grand-prix-r,2025,Belgian Grand Prix,2025-07-27 14:12:17+00:00,4337000.0,Flag,DOUBLE YELLOW IN TRACK SECTOR 15,,DOUBLE YELLOW,Sector,15.0,,,1,flags,double yellow in track sector #,False,False,True,False,True
4307,2025-belgian-grand-prix-r,2025,Belgian Grand Prix,2025-07-27 14:12:18+00:00,4338000.0,Flag,CLEAR IN TRACK SECTOR 7,,CLEAR,Sector,7.0,,,1,flags,clear in track sector #,False,False,True,False,True
4308,2025-belgian-grand-prix-r,2025,Belgian Grand Prix,2025-07-27 14:12:50+00:00,4370000.0,Flag,DOUBLE YELLOW IN TRACK SECTOR 14,,DOUBLE YELLOW,Sector,14.0,,,1,flags,double yellow in track sector #,False,False,True,False,True
4309,2025-belgian-grand-prix-r,2025,Belgian Grand Prix,2025-07-27 14:12:52+00:00,4372000.0,Flag,CLEAR IN TRACK SECTOR 15,,CLEAR,Sector,15.0,,,1,flags,clear in track sector #,False,False,True,False,True
4310,2025-belgian-grand-prix-r,2025,Belgian Grand Prix,2025-07-27 14:13:08+00:00,4388000.0,Flag,CLEAR IN TRACK SECTOR 14,,CLEAR,Sector,14.0,,,1,flags,clear in track sector #,False,False,True,False,True
4311,2025-belgian-grand-prix-r,2025,Belgian Grand Prix,2025-07-27 14:13:10+00:00,4390000.0,Flag,DOUBLE YELLOW IN TRACK SECTOR 13,,DOUBLE YELLOW,Sector,13.0,,,1,flags,double yellow in track sector #,False,False,True,False,True
4312,2025-belgian-grand-prix-r,2025,Belgian Grand Prix,2025-07-27 14:13:15+00:00,4395000.0,Flag,CLEAR IN TRACK SECTOR 4,,CLEAR,Sector,4.0,,,1,flags,clear in track sector #,False,False,True,False,True
4313,2025-belgian-grand-prix-r,2025,Belgian Grand Prix,2025-07-27 14:13:15+00:00,4395000.0,Flag,CLEAR IN TRACK SECTOR 5,,CLEAR,Sector,5.0,,,1,flags,clear in track sector #,False,False,True,False,True
4314,2025-belgian-grand-prix-r,2025,Belgian Grand Prix,2025-07-27 14:13:15+00:00,4395000.0,Flag,CLEAR IN TRACK SECTOR 6,,CLEAR,Sector,6.0,,,1,flags,clear in track sector #,False,False,True,False,True
4315,2025-belgian-grand-prix-r,2025,Belgian Grand Prix,2025-07-27 14:13:15+00:00,4395000.0,Flag,YELLOW IN TRACK SECTOR 12,,YELLOW,Sector,12.0,,,1,flags,yellow in track sector #,False,False,True,False,True
4316,2025-belgian-grand-prix-r,2025,Belgian Grand Prix,2025-07-27 14:14:02+00:00,4442000.0,Flag,CLEAR IN TRACK SECTOR 13,,CLEAR,Sector,13.0,,,1,flags,clear in track sector #,False,False,True,False,True
4317,2025-belgian-grand-prix-r,2025,Belgian Grand Prix,2025-07-27 14:14:21+00:00,4461000.0,Flag,CLEAR IN TRACK SECTOR 12,,CLEAR,Sector,12.0,,,1,flags,clear in track sector #,False,False,True,False,True
4318,2025-belgian-grand-prix-r,2025,Belgian Grand Prix,2025-07-27 14:15:01+00:00,4501000.0,Other,RACE WILL START BEHIND THE SAFETY CAR,,,,,,,1,safety_car,race will start behind the safety car,False,False,True,False,True
4319,2025-belgian-grand-prix-r,2025,Belgian Grand Prix,2025-07-27 14:20:00+00:00,4800000.0,Flag,GREEN LIGHT - PIT EXIT OPEN,,GREEN,Track,,,,1,pit_entry_exit,green light - pit exit open,False,False,True,False,True
4320,2025-belgian-grand-prix-r,2025,Belgian Grand Prix,2025-07-27 14:29:35+00:00,5375000.0,Other,ROLLING START,,,,,,,4,other,rolling start,False,False,True,False,True
4321,2025-belgian-grand-prix-r,2025,Belgian Grand Prix,2025-07-27 14:34:11+00:00,5651000.0,Other,CAR 55 (SAI) TIME 2:03.311 DELETED - TRACK LIMITS AT TURN 6 LAP 5 16:32:41,,,,,,,6,other,car # (sai) time #:#.# deleted - track limits at turn # lap # #:#:#,False,False,True,False,True
4322,2025-belgian-grand-prix-r,2025,Belgian Grand Prix,2025-07-27 14:38:14+00:00,5894000.0,Other,CAR 10 (GAS) TIME 2:02.794 DELETED - TRACK LIMITS AT TURN 4 LAP 7 16:36:28,,,,,,,8,other,car # (gas) time #:#.# deleted - track limits at turn # lap # #:#:#,False,False,True,False,True
4323,2025-belgian-grand-prix-r,2025,Belgian Grand Prix,2025-07-27 14:38:33+00:00,5913000.0,Other,CAR 12 (ANT) TIME 2:02.188 DELETED - TRACK LIMITS AT TURN 18 LAP 7 16:38:08,,,,,,,8,other,car # (ant) time #:#.# deleted - track limits at turn # lap # #:#:#,False,False,True,False,True
4324,2025-belgian-grand-prix-r,2025,Belgian Grand Prix,2025-07-27 14:40:09+00:00,6009000.0,Other,CAR 6 (HAD) TIME 2:02.837 DELETED - TRACK LIMITS AT TURN 4 LAP 8 16:38:24,,,,,,,9,other,car # (had) time #:#.# deleted - track limits at turn # lap # #:#:#,False,False,True,False,True
4325,2025-belgian-grand-prix-r,2025,Belgian Grand Prix,2025-07-27 14:40:19+00:00,6019000.0,Other,CAR 43 (COL) TIME 2:04.446 DELETED - TRACK LIMITS AT TURN 4 LAP 8 16:38:33,,,,,,,9,other,car # (col) time #:#.# deleted - track limits at turn # lap # #:#:#,False,False,True,False,True
4326,2025-belgian-grand-prix-r,2025,Belgian Grand Prix,2025-07-27 14:42:18+00:00,6138000.0,Other,CAR 5 (BOR) TIME 2:03.996 DELETED - TRACK LIMITS AT TURN 4 LAP 9 16:40:29,,,,,,,10,other,car # (bor) time #:#.# deleted - track limits at turn # lap # #:#:#,False,False,True,False,True
4327,2025-belgian-grand-prix-r,2025,Belgian Grand Prix,2025-07-27 14:46:35+00:00,6395000.0,Other,CAR 55 (SAI) TIME 2:04.978 DELETED - TRACK LIMITS AT TURN 4 LAP 11 16:44:49,,,,,,,12,other,car # (sai) time #:#.# deleted - track limits at turn # lap # #:#:#,False,False,True,False,True
4328,2025-belgian-grand-prix-r,2025,Belgian Grand Prix,2025-07-27 14:48:00+00:00,6480000.0,Drs,DRS ENABLED,ENABLED,,,,,,12,drs,drs enabled,False,False,True,False,True
4329,2025-belgian-grand-prix-r,2025,Belgian Grand Prix,2025-07-27 14:48:01+00:00,6481000.0,Other,NORMAL GRIP CONDITIONS,,,,,,,13,other,normal grip conditions,False,False,True,False,True
4330,2025-belgian-grand-prix-r,2025,Belgian Grand Prix,2025-07-27 14:48:27+00:00,6507000.0,Other,CAR 6 (HAD) TIME 2:04.240 DELETED - TRACK LIMITS AT TURN 4 LAP 12 16:46:40,,,,,,,13,other,car # (had) time #:#.# deleted - track limits at turn # lap # #:#:#,False,False,True,False,True
4331,2025-belgian-grand-prix-r,2025,Belgian Grand Prix,2025-07-27 14:58:13+00:00,7093000.0,Other,CAR 43 (COL) TIME 1:49.645 DELETED - TRACK LIMITS AT TURN 4 LAP 17 16:56:40,,,,,,,18,other,car # (col) time #:#.# deleted - track limits at turn # lap # #:#:#,False,False,True,False,True
4332,2025-belgian-grand-prix-r,2025,Belgian Grand Prix,2025-07-27 15:13:39+00:00,8019000.0,Other,CAR 4 (NOR) TIME 1:47.660 DELETED - TRACK LIMITS AT TURN 10 LAP 26 17:12:48,,,,,,,27,other,car # (nor) time #:#.# deleted - track limits at turn # lap # #:#:#,False,False,True,False,True
4333,2025-belgian-grand-prix-r,2025,Belgian Grand Prix,2025-07-27 15:14:34+00:00,8074000.0,Other,CAR 55 (SAI) LAP DELETED - TRACK LIMITS AT TURN 4 LAP 26 17:13:02 (PIT),,,,,,,27,other,car # (sai) lap deleted - track limits at turn # lap # #:#:# (pit),False,False,True,False,True
4334,2025-belgian-grand-prix-r,2025,Belgian Grand Prix,2025-07-27 15:16:18+00:00,8178000.0,Flag,BLACK AND WHITE FLAG FOR CAR 55 (SAI) - TRACK LIMITS,,BLACK AND WHITE,Driver,,55.0,SAI,28,flags,black and white flag for car # (sai) - track limits,False,False,False,True,True
4335,2025-belgian-grand-prix-r,2025,Belgian Grand Prix,2025-07-27 15:18:03+00:00,8283000.0,Other,CAR 14 (ALO) TIME 1:48.720 DELETED - TRACK LIMITS AT TURN 6 LAP 28 17:16:45,,,,,,,29,other,car # (alo) time #:#.# deleted - track limits at turn # lap # #:#:#,False,False,True,False,True
4336,2025-belgian-grand-prix-r,2025,Belgian Grand Prix,2025-07-27 15:35:18+00:00,9318000.0,Flag,WAVED BLUE FLAG FOR CAR 6 (HAD) TIMED AT 17:35:18,,BLUE,Driver,,6.0,HAD,39,flags,waved blue flag for car # (had) timed at #:#:#,False,False,False,True,True
4337,2025-belgian-grand-prix-r,2025,Belgian Grand Prix,2025-07-27 15:37:40+00:00,9460000.0,Flag,WAVED BLUE FLAG FOR CAR 6 (HAD) TIMED AT 17:37:40,,BLUE,Driver,,6.0,HAD,40,flags,waved blue flag for car # (had) timed at #:#:#,False,False,False,True,True
4338,2025-belgian-grand-prix-r,2025,Belgian Grand Prix,2025-07-27 15:37:44+00:00,9464000.0,Flag,WAVED BLUE FLAG FOR CAR 6 (HAD) TIMED AT 17:37:44,,BLUE,Driver,,6.0,HAD,40,flags,waved blue flag for car # (had) timed at #:#:#,False,False,False,True,True
4339,2025-belgian-grand-prix-r,2025,Belgian Grand Prix,2025-07-27 15:37:53+00:00,9473000.0,Flag,WAVED BLUE FLAG FOR CAR 6 (HAD) TIMED AT 17:37:52,,BLUE,Driver,,6.0,HAD,40,flags,waved blue flag for car # (had) timed at #:#:#,False,False,False,True,True
4340,2025-belgian-grand-prix-r,2025,Belgian Grand Prix,2025-07-27 15:45:22+00:00,9922000.0,Flag,CHEQUERED FLAG,,CHEQUERED,Track,,,,44,red_flag,chequered flag,False,False,True,False,True
4341,2025-belgian-grand-prix-r,2025,Belgian Grand Prix,2025-07-27 15:46:05+00:00,9965000.0,Other,CAR 23 (ALB) TIME 1:47.252 DELETED - TRACK LIMITS AT TURN 10 LAP 44 17:45:15,,,,,,,44,other,car # (alb) time #:#.# deleted - track limits at turn # lap # #:#:#,False,False,True,False,True
4342,2025-belgian-grand-prix-r,2025,Belgian Grand Prix,2025-07-27 15:46:41+00:00,10001000.0,Other,CAR 22 (TSU) TIME 1:48.375 DELETED - TRACK LIMITS AT TURN 4 LAP 44 17:45:10,,,,,,,44,other,car # (tsu) time #:#.# deleted - track limits at turn # lap # #:#:#,False,False,True,False,True
4343,2025-belgian-grand-prix-r,2025,Belgian Grand Prix,2025-07-27 15:48:29+00:00,10109000.0,Other,ALL PASS HOLDERS MAY ACCESS THE PIT LANE,,,,,,,44,pit_entry_exit,all pass holders may access the pit lane,False,False,True,False,True
4344,2025-belgian-grand-prix-r,2025,Belgian Grand Prix,2025-07-27 15:48:59+00:00,10139000.0,Flag,DOUBLE YELLOW IN TRACK SECTOR 10,,DOUBLE YELLOW,Sector,10.0,,,44,flags,double yellow in track sector #,False,False,True,False,True
4345,2025-belgian-grand-prix-r,2025,Belgian Grand Prix,2025-07-27 15:49:46+00:00,10186000.0,Flag,CLEAR IN TRACK SECTOR 10,,CLEAR,Sector,10.0,,,44,flags,clear in track sector #,False,False,True,False,True
4230,2025-belgian-grand-prix-r,2025,Belgian Grand Prix,2025-07-27 12:19:00+00:00,,Other,LOW GRIP CONDITIONS,,,,,,,1,other,low grip conditions,True,False,True,False,True
4231,2025-belgian-grand-prix-r,2025,Belgian Grand Prix,2025-07-27 12:20:00+00:00,,Flag,GREEN LIGHT - PIT EXIT OPEN,,GREEN,Track,,,,1,pit_entry_exit,green light - pit exit open,True,False,True,False,True
4232,2025-belgian-grand-prix-r,2025,Belgian Grand Prix,2025-07-27 12:22:08+00:00,,Other,AWNINGS MAY BE USED,,,,,,,1,other,awnings may be used,True,False,True,False,True
4233,2025-belgian-grand-prix-r,2025,Belgian Grand Prix,2025-07-27 12:26:06+00:00,,Other,TRACK SURFACE SLIPPERY IN TRACK SECTOR 11,,,,,,,1,other,track surface slippery in track sector #,True,False,True,False,True
4234,2025-belgian-grand-prix-r,2025,Belgian Grand Prix,2025-07-27 12:26:17+00:00,,Flag,CLEAR IN TRACK SECTOR 11,,CLEAR,Sector,11.0,,,1,flags,clear in track sector #,True,False,True,False,True
4235,2025-belgian-grand-prix-r,2025,Belgian Grand Prix,2025-07-27 12:28:44+00:00,,Other,TRACK SURFACE SLIPPERY IN TRACK SECTOR 14,,,,,,,1,other,track surface slippery in track sector #,True,False,True,False,True
4236,2025-belgian-grand-prix-r,2025,Belgian Grand Prix,2025-07-27 12:28:52+00:00,,Flag,CLEAR IN TRACK SECTOR 14,,CLEAR,Sector,14.0,,,1,flags,clear in track sector #,True,False,True,False,True
4237,2025-belgian-grand-prix-r,2025,Belgian Grand Prix,2025-07-27 12:28:59+00:00,,Other,TRACK SURFACE SLIPPERY IN TRACK SECTOR 8,,,,,,,1,other,track surface slippery in track sector #,True,False,True,False,True
4238,2025-belgian-grand-prix-r,2025,Belgian Grand Prix,2025-07-27 12:29:06+00:00,,Flag,CLEAR IN TRACK SECTOR 8,,CLEAR,Sector,8.0,,,1,flags,clear in track sector #,True,False,True,False,True
4239,2025-belgian-grand-prix-r,2025,Belgian Grand Prix,2025-07-27 12:30:00+00:00,,Other,PIT EXIT CLOSED,,,,,,,1,pit_entry_exit,pit exit closed,True,False,True,False,True
4240,2025-belgian-grand-prix-r,2025,Belgian Grand Prix,2025-07-27 12:30:53+00:00,,Other,TRACK SURFACE SLIPPERY IN TRACK SECTOR 14,,,,,,,1,other,track surface slippery in track sector #,True,False,True,False,True
4241,2025-belgian-grand-prix-r,2025,Belgian Grand Prix,2025-07-27 12:30:54+00:00,,Flag,CLEAR IN TRACK SECTOR 14,,CLEAR,Sector,14.0,,,1,flags,clear in track sector #,True,False,True,False,True
4242,2025-belgian-grand-prix-r,2025,Belgian Grand Prix,2025-07-27 12:31:00+00:00,,Other,TRACK SURFACE SLIPPERY IN TRACK SECTOR 14,,,,,,,1,other,track surface slippery in track sector #,True,False,True,False,True
4243,2025-belgian-grand-prix-r,2025,Belgian Grand Prix,2025-07-27 12:31:03+00:00,,Flag,CLEAR IN TRACK SECTOR 14,,CLEAR,Sector,14.0,,,1,flags,clear in track sector #,True,False,True,False,True
4244,2025-belgian-grand-prix-r,2025,Belgian Grand Prix,2025-07-27 12:31:08+00:00,,Other,TRACK SURFACE SLIPPERY IN TRACK SECTOR 14,,,,,,,1,other,track surface slippery in track sector #,True,False,True,False,True
4245,2025-belgian-grand-prix-r,2025,Belgian Grand Prix,2025-07-27 12:31:10+00:00,,Flag,CLEAR IN TRACK SECTOR 14,,CLEAR,Sector,14.0,,,1,flags,clear in track sector #,True,False,True,False,True
4246,2025-belgian-grand-prix-r,2025,Belgian Grand Prix,2025-07-27 12:38:46+00:00,,Other,TRACK SURFACE SLIPPERY IN TRACK SECTOR 20,,,,,,,1,other,track surface slippery in track sector #,True,False,True,False,True
4247,2025-belgian-grand-prix-r,2025,Belgian Grand Prix,2025-07-27 12:38:53+00:00,,Flag,CLEAR IN TRACK SECTOR 20,,CLEAR,Sector,20.0,,,1,flags,clear in track sector #,True,False,True,False,True
4248,2025-belgian-grand-prix-r,2025,Belgian Grand Prix,2025-07-27 12:42:58+00:00,,Other,TRACK SURFACE SLIPPERY IN TRACK SECTOR 15,,,,,,,1,other,track surface slippery in track sector #,True,False,True,False,True
4249,2025-belgian-grand-prix-r,2025,Belgian Grand Prix,2025-07-27 12:43:01+00:00,,Flag,CLEAR IN TRACK SECTOR 15,,CLEAR,Sector,15.0,,,1,flags,clear in track sector #,True,False,True,False,True
4250,2025-belgian-grand-prix-r,2025,Belgian Grand Prix,2025-07-27 12:43:44+00:00,,Other,TRACK SURFACE SLIPPERY IN TRACK SECTOR 14,,,,,,,1,other,track surface slippery in track sector #,True,False,True,False,True
4251,2025-belgian-grand-prix-r,2025,Belgian Grand Prix,2025-07-27 12:43:48+00:00,,Flag,CLEAR IN TRACK SECTOR 14,,CLEAR,Sector,14.0,,,1,flags,clear in track sector #,True,False,True,False,True
4252,2025-belgian-grand-prix-r,2025,Belgian Grand Prix,2025-07-27 12:43:50+00:00,,Other,TRACK SURFACE SLIPPERY IN TRACK SECTOR 14,,,,,,,1,other,track surface slippery in track sector #,True,False,True,False,True
4253,2025-belgian-grand-prix-r,2025,Belgian Grand Prix,2025-07-27 12:43:50+00:00,,Other,TRACK SURFACE SLIPPERY IN TRACK SECTOR 11,,,,,,,1,other,track surface slippery in track sector #,True,False,True,False,True
4254,2025-belgian-grand-prix-r,2025,Belgian Grand Prix,2025-07-27 12:43:55+00:00,,Flag,CLEAR IN TRACK SECTOR 14,,CLEAR,Sector,14.0,,,1,flags,clear in track sector #,True,False,True,False,True
4255,2025-belgian-grand-prix-r,2025,Belgian Grand Prix,2025-07-27 12:44:02+00:00,,Flag,CLEAR IN TRACK SECTOR 11,,CLEAR,Sector,11.0,,,1,flags,clear in track sector #,True,False,True,False,True
4256,2025-belgian-grand-prix-r,2025,Belgian Grand Prix,2025-07-27 12:44:06+00:00,,Other,TRACK SURFACE SLIPPERY IN TRACK SECTOR 11,,,,,,,1,other,track surface slippery in track sector #,True,False,True,False,True
4257,2025-belgian-grand-prix-r,2025,Belgian Grand Prix,2025-07-27 12:44:08+00:00,,Flag,CLEAR IN TRACK SECTOR 11,,CLEAR,Sector,11.0,,,1,flags,clear in track sector #,True,False,True,False,True
4258,2025-belgian-grand-prix-r,2025,Belgian Grand Prix,2025-07-27 12:50:18+00:00,,Other,RISK OF RAIN FOR F1 RACE IS 100%,,,,,,,1,other,risk of rain for f1 race is #%,True,False,True,False,True
4259,2025-belgian-grand-prix-r,2025,Belgian Grand Prix,2025-07-27 12:55:01+00:00,,Other,FORMATION LAP WILL BE STARTED BEHIND THE SAFETY CAR,,,,,,,1,safety_car,formation lap will be started behind the safety car,True,False,True,False,True
4260,2025-belgian-grand-prix-r,2025,Belgian Grand Prix,2025-07-27 12:57:01+00:00,,Drs,DRS DISABLED,DISABLED,,,,,,1,drs,drs disabled,True,False,True,False,True
4363,2025-hungarian-grand-prix-r,2025,Hungarian Grand Prix,2025-08-03 13:03:06+00:00,186000.0,Flag,GREEN LIGHT - PIT EXIT OPEN,,GREEN,Track,,,,1,pit_entry_exit,green light - pit exit open,False,False,True,False,True
4364,2025-hungarian-grand-prix-r,2025,Hungarian Grand Prix,2025-08-03 13:04:34+00:00,274000.0,Drs,DRS ENABLED,ENABLED,,,,,,2,drs,drs enabled,False,False,True,False,True
4365,2025-hungarian-grand-prix-r,2025,Hungarian Grand Prix,2025-08-03 13:06:37+00:00,397000.0,Other,CAR 10 (GAS) TIME 1:25.330 DELETED - TRACK LIMITS AT TURN 1 LAP 2 15:04:55,,,,,,,3,other,car # (gas) time #:#.# deleted - track limits at turn # lap # #:#:#,False,False,True,False,True
4366,2025-hungarian-grand-prix-r,2025,Hungarian Grand Prix,2025-08-03 13:08:27+00:00,507000.0,Other,INCIDENT INVOLVING CAR 5 (BOR) NOTED - FALSE START - MOVING BEFORE SIGNAL,,,,,,,4,investigations_noted,incident involving car # (bor) noted - false start - moving before signal,False,False,True,False,True
4367,2025-hungarian-grand-prix-r,2025,Hungarian Grand Prix,2025-08-03 13:09:03+00:00,543000.0,Other,CAR 27 (HUL) TIME 1:24.397 DELETED - TRACK LIMITS AT TURN 1 LAP 4 15:07:43,,,,,,,5,other,car # (hul) time #:#.# deleted - track limits at turn # lap # #:#:#,False,False,True,False,True
4368,2025-hungarian-grand-prix-r,2025,Hungarian Grand Prix,2025-08-03 13:10:20+00:00,620000.0,Other,INCIDENT INVOLVING CAR 27 (HUL) NOTED - FALSE START - MOVING BEFORE SIGNAL,,,,,,,6,investigations_noted,incident involving car # (hul) noted - false start - moving before signal,False,False,True,False,True
4369,2025-hungarian-grand-prix-r,2025,Hungarian Grand Prix,2025-08-03 13:12:57+00:00,777000.0,Other,FIA STEWARDS: INCIDENT INVOLVING CAR 5 (BOR) REVIEWED NO FURTHER INVESTIGATION - FALSE START - MOVING BEFORE SIGNAL,,,,,,,8,investigations_noted,fia stewards: incident involving car # (bor) reviewed no further investigation - false start - moving before signal,False,False,True,False,True
4370,2025-hungarian-grand-prix-r,2025,Hungarian Grand Prix,2025-08-03 13:13:05+00:00,785000.0,Other,FIA STEWARDS: INCIDENT INVOLVING CAR 27 (HUL) UNDER INVESTIGATION - FALSE START - MOVING BEFORE SIGNAL,,,,,,,8,investigations_noted,fia stewards: incident involving car # (hul) under investigation - false start - moving before signal,False,False,True,False,True
4371,2025-hungarian-grand-prix-r,2025,Hungarian Grand Prix,2025-08-03 13:15:06+00:00,906000.0,Other,FIA STEWARDS: 5 SECOND TIME PENALTY FOR CAR 27 (HUL) - FALSE START - MOVING BEFORE SIGNAL,,,,,,,9,penalties,fia stewards: # second time penalty for car # (hul) - false start - moving before signal,False,False,True,False,True
4372,2025-hungarian-grand-prix-r,2025,Hungarian Grand Prix,2025-08-03 13:34:18+00:00,2058000.0,Other,CAR 87 (BEA) TIME 1:23.890 DELETED - TRACK LIMITS AT TURN 14 LAP 21 15:32:32,,,,,,,23,other,car # (bea) time #:#.# deleted - track limits at turn # lap # #:#:#,False,False,True,False,True
4373,2025-hungarian-grand-prix-r,2025,Hungarian Grand Prix,2025-08-03 13:34:21+00:00,2061000.0,Other,CAR 27 (HUL) TIME 1:24.497 DELETED - TRACK LIMITS AT TURN 7 LAP 22 15:33:23,,,,,,,23,other,car # (hul) time #:#.# deleted - track limits at turn # lap # #:#:#,False,False,True,False,True
4374,2025-hungarian-grand-prix-r,2025,Hungarian Grand Prix,2025-08-03 13:34:29+00:00,2069000.0,Other,CAR 12 (ANT) TIME 1:43.212 DELETED - TRACK LIMITS AT TURN 7 LAP 22 15:33:42,,,,,,,23,other,car # (ant) time #:#.# deleted - track limits at turn # lap # #:#:#,False,False,True,False,True
4375,2025-hungarian-grand-prix-r,2025,Hungarian Grand Prix,2025-08-03 13:41:16+00:00,2476000.0,Other,CAR 43 (COL) TIME 1:22.421 DELETED - TRACK LIMITS AT TURN 7 LAP 27 15:40:30,,,,,,,28,other,car # (col) time #:#.# deleted - track limits at turn # lap # #:#:#,False,False,True,False,True
4376,2025-hungarian-grand-prix-r,2025,Hungarian Grand Prix,2025-08-03 13:43:10+00:00,2590000.0,Other,CAR 4 (NOR) TIME 1:22.533 DELETED - TRACK LIMITS AT TURN 7 LAP 29 15:42:20,,,,,,,30,other,car # (nor) time #:#.# deleted - track limits at turn # lap # #:#:#,False,False,True,False,True
4377,2025-hungarian-grand-prix-r,2025,Hungarian Grand Prix,2025-08-03 13:43:39+00:00,2619000.0,Other,CAR 63 (RUS) TIME 1:21.680 DELETED - TRACK LIMITS AT TURN 7 LAP 29 15:42:35,,,,,,,30,other,car # (rus) time #:#.# deleted - track limits at turn # lap # #:#:#,False,False,True,False,True
4378,2025-hungarian-grand-prix-r,2025,Hungarian Grand Prix,2025-08-03 13:46:13+00:00,2773000.0,Other,TURN 4 INCIDENT INVOLVING CARS 1 (VER) AND 44 (HAM) NOTED,,,,,,,32,investigations_noted,turn # incident involving cars # (ver) and # (ham) noted,False,False,True,False,True
4379,2025-hungarian-grand-prix-r,2025,Hungarian Grand Prix,2025-08-03 13:46:59+00:00,2819000.0,Other,CAR 44 (HAM) TIME 1:25.490 DELETED - TRACK LIMITS AT TURN 4 LAP 29 15:42:56,,,,,,,32,other,car # (ham) time #:#.# deleted - track limits at turn # lap # #:#:#,False,False,True,False,True
4380,2025-hungarian-grand-prix-r,2025,Hungarian Grand Prix,2025-08-03 13:47:05+00:00,2825000.0,Other,CAR 23 (ALB) TIME 1:24.453 DELETED - TRACK LIMITS AT TURN 7 LAP 30 15:44:35,,,,,,,32,other,car # (alb) time #:#.# deleted - track limits at turn # lap # #:#:#,False,False,True,False,True
4381,2025-hungarian-grand-prix-r,2025,Hungarian Grand Prix,2025-08-03 13:51:24+00:00,3084000.0,Other,FIA STEWARDS: TURN 4 INCIDENT INVOLVING CARS 1 (VER) AND 44 (HAM) UNDER INVESTIGATION,,,,,,,36,investigations_noted,fia stewards: turn # incident involving cars # (ver) and # (ham) under investigation,False,False,True,False,True
4382,2025-hungarian-grand-prix-r,2025,Hungarian Grand Prix,2025-08-03 13:56:07+00:00,3367000.0,Flag,WAVED BLUE FLAG FOR CAR 43 (COL) TIMED AT 15:56:07,,BLUE,Driver,,43.0,COL,39,flags,waved blue flag for car # (col) timed at #:#:#,False,False,False,True,True
4383,2025-hungarian-grand-prix-r,2025,Hungarian Grand Prix,2025-08-03 13:56:21+00:00,3381000.0,Flag,WAVED BLUE FLAG FOR CAR 43 (COL) TIMED AT 15:56:20,,BLUE,Driver,,43.0,COL,39,flags,waved blue flag for car # (col) timed at #:#:#,False,False,False,True,True
4384,2025-hungarian-grand-prix-r,2025,Hungarian Grand Prix,2025-08-03 13:58:27+00:00,3507000.0,Flag,WAVED BLUE FLAG FOR CAR 43 (COL) TIMED AT 15:58:26,,BLUE,Driver,,43.0,COL,41,flags,waved blue flag for car # (col) timed at #:#:#,False,False,False,True,True
4385,2025-hungarian-grand-prix-r,2025,Hungarian Grand Prix,2025-08-03 13:59:18+00:00,3558000.0,Other,FIA STEWARDS: TURN 4 INCIDENT INVOLVING CARS 1 (VER) AND 44 (HAM) WILL BE INVESTIGATED AFTER THE RACE,,,,,,,41,investigations_noted,fia stewards: turn # incident involving cars # (ver) and # (ham) will be investigated after the race,False,False,True,False,True
4386,2025-hungarian-grand-prix-r,2025,Hungarian Grand Prix,2025-08-03 14:01:01+00:00,3661000.0,Flag,WAVED BLUE FLAG FOR CAR 27 (HUL) TIMED AT 16:01:01,,BLUE,Driver,,27.0,HUL,43,flags,waved blue flag for car # (hul) timed at #:#:#,False,False,False,True,True
4387,2025-hungarian-grand-prix-r,2025,Hungarian Grand Prix,2025-08-03 14:02:12+00:00,3732000.0,Flag,WAVED BLUE FLAG FOR CAR 44 (HAM) TIMED AT 16:02:12,,BLUE,Driver,,44.0,HAM,44,flags,waved blue flag for car # (ham) timed at #:#:#,False,False,False,True,True
4388,2025-hungarian-grand-prix-r,2025,Hungarian Grand Prix,2025-08-03 14:02:27+00:00,3747000.0,Other,FIA STEWARDS: PENALTY SERVED - 5 SECOND TIME PENALTY FOR CAR 27 (HUL) - FALSE START - MOVING BEFORE SIGNAL,,,,,,,44,penalties,fia stewards: penalty served - # second time penalty for car # (hul) - false start - moving before signal,False,False,True,False,True
4389,2025-hungarian-grand-prix-r,2025,Hungarian Grand Prix,2025-08-03 14:04:53+00:00,3893000.0,Flag,WAVED BLUE FLAG FOR CAR 22 (TSU) TIMED AT 16:04:53,,BLUE,Driver,,22.0,TSU,46,flags,waved blue flag for car # (tsu) timed at #:#:#,False,False,False,True,True
4390,2025-hungarian-grand-prix-r,2025,Hungarian Grand Prix,2025-08-03 14:05:08+00:00,3908000.0,Flag,WAVED BLUE FLAG FOR CAR 43 (COL) TIMED AT 16:05:07,,BLUE,Driver,,43.0,COL,46,flags,waved blue flag for car # (col) timed at #:#:#,False,False,False,True,True
4391,2025-hungarian-grand-prix-r,2025,Hungarian Grand Prix,2025-08-03 14:07:51+00:00,4071000.0,Flag,WAVED BLUE FLAG FOR CAR 23 (ALB) TIMED AT 16:07:50,,BLUE,Driver,,23.0,ALB,48,flags,waved blue flag for car # (alb) timed at #:#:#,False,False,False,True,True
4392,2025-hungarian-grand-prix-r,2025,Hungarian Grand Prix,2025-08-03 14:08:06+00:00,4086000.0,Flag,WAVED BLUE FLAG FOR CAR 23 (ALB) TIMED AT 16:08:06,,BLUE,Driver,,23.0,ALB,48,flags,waved blue flag for car # (alb) timed at #:#:#,False,False,False,True,True
4393,2025-hungarian-grand-prix-r,2025,Hungarian Grand Prix,2025-08-03 14:08:15+00:00,4095000.0,Flag,WAVED BLUE FLAG FOR CAR 43 (COL) TIMED AT 16:08:15,,BLUE,Driver,,43.0,COL,48,flags,waved blue flag for car # (col) timed at #:#:#,False,False,False,True,True
4394,2025-hungarian-grand-prix-r,2025,Hungarian Grand Prix,2025-08-03 14:09:25+00:00,4165000.0,Flag,WAVED BLUE FLAG FOR CAR 87 (BEA) TIMED AT 16:09:24,,BLUE,Driver,,87.0,BEA,49,flags,waved blue flag for car # (bea) timed at #:#:#,False,False,False,True,True
4395,2025-hungarian-grand-prix-r,2025,Hungarian Grand Prix,2025-08-03 14:10:46+00:00,4246000.0,Other,BLACK AND WHITE FLAG FOR CAR 31 (OCO),,,,,,,50,flags,black and white flag for car # (oco),False,False,True,False,True
4396,2025-hungarian-grand-prix-r,2025,Hungarian Grand Prix,2025-08-03 14:11:03+00:00,4263000.0,Flag,WAVED BLUE FLAG FOR CAR 22 (TSU) TIMED AT 16:11:02,,BLUE,Driver,,22.0,TSU,50,flags,waved blue flag for car # (tsu) timed at #:#:#,False,False,False,True,True
4397,2025-hungarian-grand-prix-r,2025,Hungarian Grand Prix,2025-08-03 14:11:52+00:00,4312000.0,Flag,WAVED BLUE FLAG FOR CAR 43 (COL) TIMED AT 16:11:52,,BLUE,Driver,,43.0,COL,51,flags,waved blue flag for car # (col) timed at #:#:#,False,False,False,True,True
4398,2025-hungarian-grand-prix-r,2025,Hungarian Grand Prix,2025-08-03 14:11:59+00:00,4319000.0,Other,CAR 43 (COL) TIME 1:23.690 DELETED - TRACK LIMITS AT TURN 7 LAP 47 16:08:30,,,,,,,51,other,car # (col) time #:#.# deleted - track limits at turn # lap # #:#:#,False,False,True,False,True
4399,2025-hungarian-grand-prix-r,2025,Hungarian Grand Prix,2025-08-03 14:11:59+00:00,4319000.0,Flag,WAVED BLUE FLAG FOR CAR 43 (COL) TIMED AT 16:11:59,,BLUE,Driver,,43.0,COL,51,flags,waved blue flag for car # (col) timed at #:#:#,False,False,False,True,True
4400,2025-hungarian-grand-prix-r,2025,Hungarian Grand Prix,2025-08-03 14:12:43+00:00,4363000.0,Flag,WAVED BLUE FLAG FOR CAR 27 (HUL) TIMED AT 16:12:43,,BLUE,Driver,,27.0,HUL,51,flags,waved blue flag for car # (hul) timed at #:#:#,False,False,False,True,True
4401,2025-hungarian-grand-prix-r,2025,Hungarian Grand Prix,2025-08-03 14:13:21+00:00,4401000.0,Other,TURN 1 INCIDENT INVOLVING CARS 27 (HUL) AND 22 (TSU) NOTED,,,,,,,52,investigations_noted,turn # incident involving cars # (hul) and # (tsu) noted,False,False,True,False,True
4402,2025-hungarian-grand-prix-r,2025,Hungarian Grand Prix,2025-08-03 14:13:44+00:00,4424000.0,Flag,WAVED BLUE FLAG FOR CAR 10 (GAS) TIMED AT 16:13:44,,BLUE,Driver,,10.0,GAS,52,flags,waved blue flag for car # (gas) timed at #:#:#,False,False,False,True,True
4403,2025-hungarian-grand-prix-r,2025,Hungarian Grand Prix,2025-08-03 14:13:58+00:00,4438000.0,Other,CAR 27 (HUL) TIME 1:21.837 DELETED - TRACK LIMITS AT TURN 1 LAP 49 16:10:36,,,,,,,52,other,car # (hul) time #:#.# deleted - track limits at turn # lap # #:#:#,False,False,True,False,True
4404,2025-hungarian-grand-prix-r,2025,Hungarian Grand Prix,2025-08-03 14:14:17+00:00,4457000.0,Flag,WAVED BLUE FLAG FOR CAR 31 (OCO) TIMED AT 16:14:17,,BLUE,Driver,,31.0,OCO,52,flags,waved blue flag for car # (oco) timed at #:#:#,False,False,False,True,True
4405,2025-hungarian-grand-prix-r,2025,Hungarian Grand Prix,2025-08-03 14:14:49+00:00,4489000.0,Flag,WAVED BLUE FLAG FOR CAR 22 (TSU) TIMED AT 16:14:49,,BLUE,Driver,,22.0,TSU,53,flags,waved blue flag for car # (tsu) timed at #:#:#,False,False,False,True,True
4406,2025-hungarian-grand-prix-r,2025,Hungarian Grand Prix,2025-08-03 14:15:00+00:00,4500000.0,Flag,WAVED BLUE FLAG FOR CAR 22 (TSU) TIMED AT 16:14:59,,BLUE,Driver,,22.0,TSU,53,flags,waved blue flag for car # (tsu) timed at #:#:#,False,False,False,True,True
4407,2025-hungarian-grand-prix-r,2025,Hungarian Grand Prix,2025-08-03 14:15:24+00:00,4524000.0,Flag,WAVED BLUE FLAG FOR CAR 23 (ALB) TIMED AT 16:15:24,,BLUE,Driver,,23.0,ALB,53,flags,waved blue flag for car # (alb) timed at #:#:#,False,False,False,True,True
4408,2025-hungarian-grand-prix-r,2025,Hungarian Grand Prix,2025-08-03 14:16:39+00:00,4599000.0,Flag,WAVED BLUE FLAG FOR CAR 10 (GAS) TIMED AT 16:16:39,,BLUE,Driver,,10.0,GAS,54,flags,waved blue flag for car # (gas) timed at #:#:#,False,False,False,True,True
4409,2025-hungarian-grand-prix-r,2025,Hungarian Grand Prix,2025-08-03 14:17:14+00:00,4634000.0,Flag,WAVED BLUE FLAG FOR CAR 31 (OCO) TIMED AT 16:17:13,,BLUE,Driver,,31.0,OCO,55,flags,waved blue flag for car # (oco) timed at #:#:#,False,False,False,True,True
4410,2025-hungarian-grand-prix-r,2025,Hungarian Grand Prix,2025-08-03 14:19:41+00:00,4781000.0,Other,CAR 12 (ANT) TIME 1:21.234 DELETED - TRACK LIMITS AT TURN 7 LAP 55 16:18:53,,,,,,,56,other,car # (ant) time #:#.# deleted - track limits at turn # lap # #:#:#,False,False,True,False,True
4411,2025-hungarian-grand-prix-r,2025,Hungarian Grand Prix,2025-08-03 14:20:37+00:00,4837000.0,Other,FIA STEWARDS: TURN 1 INCIDENT INVOLVING CARS 27 (HUL) AND 22 (TSU) UNDER INVESTIGATION,,,,,,,57,investigations_noted,fia stewards: turn # incident involving cars # (hul) and # (tsu) under investigation,False,False,True,False,True
4412,2025-hungarian-grand-prix-r,2025,Hungarian Grand Prix,2025-08-03 14:20:54+00:00,4854000.0,Flag,WAVED BLUE FLAG FOR CAR 27 (HUL) TIMED AT 16:20:53,,BLUE,Driver,,27.0,HUL,57,flags,waved blue flag for car # (hul) timed at #:#:#,False,False,False,True,True
4413,2025-hungarian-grand-prix-r,2025,Hungarian Grand Prix,2025-08-03 14:21:11+00:00,4871000.0,Flag,WAVED BLUE FLAG FOR CAR 27 (HUL) TIMED AT 16:21:11,,BLUE,Driver,,27.0,HUL,58,flags,waved blue flag for car # (hul) timed at #:#:#,False,False,False,True,True
4414,2025-hungarian-grand-prix-r,2025,Hungarian Grand Prix,2025-08-03 14:21:43+00:00,4903000.0,Other,FIA STEWARDS: TURN 1 INCIDENT INVOLVING CARS 27 (HUL) AND 22 (TSU) NO FURTHER ACTION,,,,,,,58,investigations_noted,fia stewards: turn # incident involving cars # (hul) and # (tsu) no further action,False,False,True,False,True
4415,2025-hungarian-grand-prix-r,2025,Hungarian Grand Prix,2025-08-03 14:22:16+00:00,4936000.0,Flag,WAVED BLUE FLAG FOR CAR 23 (ALB) TIMED AT 16:22:15,,BLUE,Driver,,23.0,ALB,58,flags,waved blue flag for car # (alb) timed at #:#:#,False,False,False,True,True
4416,2025-hungarian-grand-prix-r,2025,Hungarian Grand Prix,2025-08-03 14:22:32+00:00,4952000.0,Flag,WAVED BLUE FLAG FOR CAR 23 (ALB) TIMED AT 16:22:31,,BLUE,Driver,,23.0,ALB,59,flags,waved blue flag for car # (alb) timed at #:#:#,False,False,False,True,True
4417,2025-hungarian-grand-prix-r,2025,Hungarian Grand Prix,2025-08-03 14:22:39+00:00,4959000.0,Flag,WAVED BLUE FLAG FOR CAR 23 (ALB) TIMED AT 16:22:38,,BLUE,Driver,,23.0,ALB,59,flags,waved blue flag for car # (alb) timed at #:#:#,False,False,False,True,True
4418,2025-hungarian-grand-prix-r,2025,Hungarian Grand Prix,2025-08-03 14:23:53+00:00,5033000.0,Flag,WAVED BLUE FLAG FOR CAR 10 (GAS) TIMED AT 16:23:53,,BLUE,Driver,,10.0,GAS,60,flags,waved blue flag for car # (gas) timed at #:#:#,False,False,False,True,True
4419,2025-hungarian-grand-prix-r,2025,Hungarian Grand Prix,2025-08-03 14:24:13+00:00,5053000.0,Flag,WAVED BLUE FLAG FOR CAR 10 (GAS) TIMED AT 16:24:13,,BLUE,Driver,,10.0,GAS,60,flags,waved blue flag for car # (gas) timed at #:#:#,False,False,False,True,True
4420,2025-hungarian-grand-prix-r,2025,Hungarian Grand Prix,2025-08-03 14:24:37+00:00,5077000.0,Flag,WAVED BLUE FLAG FOR CAR 10 (GAS) TIMED AT 16:24:36,,BLUE,Driver,,10.0,GAS,60,flags,waved blue flag for car # (gas) timed at #:#:#,False,False,False,True,True
4421,2025-hungarian-grand-prix-r,2025,Hungarian Grand Prix,2025-08-03 14:26:23+00:00,5183000.0,Flag,WAVED BLUE FLAG FOR CAR 31 (OCO) TIMED AT 16:26:22,,BLUE,Driver,,31.0,OCO,62,flags,waved blue flag for car # (oco) timed at #:#:#,False,False,False,True,True
4422,2025-hungarian-grand-prix-r,2025,Hungarian Grand Prix,2025-08-03 14:27:43+00:00,5263000.0,Flag,WAVED BLUE FLAG FOR CAR 31 (OCO) TIMED AT 16:27:42,,BLUE,Driver,,31.0,OCO,63,flags,waved blue flag for car # (oco) timed at #:#:#,False,False,False,True,True
4423,2025-hungarian-grand-prix-r,2025,Hungarian Grand Prix,2025-08-03 14:28:20+00:00,5300000.0,Flag,WAVED BLUE FLAG FOR CAR 31 (OCO) TIMED AT 16:28:20,,BLUE,Driver,,31.0,OCO,63,flags,waved blue flag for car # (oco) timed at #:#:#,False,False,False,True,True
4424,2025-hungarian-grand-prix-r,2025,Hungarian Grand Prix,2025-08-03 14:28:24+00:00,5304000.0,Other,TURN 1 INCIDENT INVOLVING CARS 16 (LEC) AND 63 (RUS) NOTED,,,,,,,63,investigations_noted,turn # incident involving cars # (lec) and # (rus) noted,False,False,True,False,True
4425,2025-hungarian-grand-prix-r,2025,Hungarian Grand Prix,2025-08-03 14:29:35+00:00,5375000.0,Other,TURN 2 INCIDENT INVOLVING CARS 10 (GAS) AND 55 (SAI) NOTED - CAUSING A COLLISION,,,,,,,64,investigations_noted,turn # incident involving cars # (gas) and # (sai) noted - causing a collision,False,False,True,False,True
4426,2025-hungarian-grand-prix-r,2025,Hungarian Grand Prix,2025-08-03 14:29:56+00:00,5396000.0,Flag,WAVED BLUE FLAG FOR CAR 44 (HAM) TIMED AT 16:29:55,,BLUE,Driver,,44.0,HAM,64,flags,waved blue flag for car # (ham) timed at #:#:#,False,False,False,True,True
4427,2025-hungarian-grand-prix-r,2025,Hungarian Grand Prix,2025-08-03 14:30:14+00:00,5414000.0,Other,FIA STEWARDS: TURN 1 INCIDENT INVOLVING CARS 16 (LEC) AND 63 (RUS) UNDER INVESTIGATION,,,,,,,64,investigations_noted,fia stewards: turn # incident involving cars # (lec) and # (rus) under investigation,False,False,True,False,True
4428,2025-hungarian-grand-prix-r,2025,Hungarian Grand Prix,2025-08-03 14:30:18+00:00,5418000.0,Flag,WAVED BLUE FLAG FOR CAR 44 (HAM) TIMED AT 16:30:17,,BLUE,Driver,,44.0,HAM,64,flags,waved blue flag for car # (ham) timed at #:#:#,False,False,False,True,True
4429,2025-hungarian-grand-prix-r,2025,Hungarian Grand Prix,2025-08-03 14:31:03+00:00,5463000.0,Other,CAR 55 (SAI) TIME 1:23.355 DELETED - TRACK LIMITS AT TURN 2 LAP 61 16:27:07,,,,,,,65,other,car # (sai) time #:#.# deleted - track limits at turn # lap # #:#:#,False,False,True,False,True
4430,2025-hungarian-grand-prix-r,2025,Hungarian Grand Prix,2025-08-03 14:31:21+00:00,5481000.0,Flag,WAVED BLUE FLAG FOR CAR 6 (HAD) TIMED AT 16:31:21,,BLUE,Driver,,6.0,HAD,65,flags,waved blue flag for car # (had) timed at #:#:#,False,False,False,True,True
4431,2025-hungarian-grand-prix-r,2025,Hungarian Grand Prix,2025-08-03 14:31:59+00:00,5519000.0,Flag,WAVED BLUE FLAG FOR CAR 6 (HAD) TIMED AT 16:31:58,,BLUE,Driver,,6.0,HAD,66,flags,waved blue flag for car # (had) timed at #:#:#,False,False,False,True,True
4432,2025-hungarian-grand-prix-r,2025,Hungarian Grand Prix,2025-08-03 14:32:16+00:00,5536000.0,Other,FIA STEWARDS: TURN 2 INCIDENT INVOLVING CARS 10 (GAS) AND 55 (SAI) UNDER INVESTIGATION - CAUSING A COLLISION,,,,,,,66,investigations_noted,fia stewards: turn # incident involving cars # (gas) and # (sai) under investigation - causing a collision,False,False,True,False,True
4433,2025-hungarian-grand-prix-r,2025,Hungarian Grand Prix,2025-08-03 14:32:45+00:00,5565000.0,Flag,WAVED BLUE FLAG FOR CAR 12 (ANT) TIMED AT 16:32:45,,BLUE,Driver,,12.0,ANT,66,flags,waved blue flag for car # (ant) timed at #:#:#,False,False,False,True,True
4434,2025-hungarian-grand-prix-r,2025,Hungarian Grand Prix,2025-08-03 14:34:14+00:00,5654000.0,Other,FIA STEWARDS: 10 SECOND TIME PENALTY FOR CAR 10 (GAS) - CAUSING A COLLISION,,,,,,,67,penalties,fia stewards: # second time penalty for car # (gas) - causing a collision,False,False,True,False,True
4435,2025-hungarian-grand-prix-r,2025,Hungarian Grand Prix,2025-08-03 14:35:10+00:00,5710000.0,Flag,WAVED BLUE FLAG FOR CAR 27 (HUL) TIMED AT 16:35:09,,BLUE,Driver,,27.0,HUL,68,flags,waved blue flag for car # (hul) timed at #:#:#,False,False,False,True,True
4436,2025-hungarian-grand-prix-r,2025,Hungarian Grand Prix,2025-08-03 14:35:15+00:00,5715000.0,Other,CAR 10 (GAS) TIME 1:24.101 DELETED - TRACK LIMITS AT TURN 1 LAP 64 16:31:08,,,,,,,68,other,car # (gas) time #:#.# deleted - track limits at turn # lap # #:#:#,False,False,True,False,True
4437,2025-hungarian-grand-prix-r,2025,Hungarian Grand Prix,2025-08-03 14:35:42+00:00,5742000.0,Flag,WAVED BLUE FLAG FOR CAR 27 (HUL) TIMED AT 16:35:42,,BLUE,Driver,,27.0,HUL,68,flags,waved blue flag for car # (hul) timed at #:#:#,False,False,False,True,True
4438,2025-hungarian-grand-prix-r,2025,Hungarian Grand Prix,2025-08-03 14:36:23+00:00,5783000.0,Flag,WAVED BLUE FLAG FOR CAR 55 (SAI) TIMED AT 16:36:22,,BLUE,Driver,,55.0,SAI,69,flags,waved blue flag for car # (sai) timed at #:#:#,False,False,False,True,True
4439,2025-hungarian-grand-prix-r,2025,Hungarian Grand Prix,2025-08-03 14:37:01+00:00,5821000.0,Other,FIA STEWARDS: 5 SECOND TIME PENALTY FOR CAR 16 (LEC) - DRIVING ERRATICALLY,,,,,,,69,penalties,fia stewards: # second time penalty for car # (lec) - driving erratically,False,False,True,False,True
4440,2025-hungarian-grand-prix-r,2025,Hungarian Grand Prix,2025-08-03 14:38:27+00:00,5907000.0,Flag,CHEQUERED FLAG,,CHEQUERED,Track,,,,70,red_flag,chequered flag,False,False,True,False,True
4441,2025-hungarian-grand-prix-r,2025,Hungarian Grand Prix,2025-08-03 14:41:45+00:00,6105000.0,Other,ALL PASS HOLDERS MAY ACCESS THE PIT LANE,,,,,,,70,pit_entry_exit,all pass holders may access the pit lane,False,False,True,False,True
4346,2025-hungarian-grand-prix-r,2025,Hungarian Grand Prix,2025-08-03 12:20:00+00:00,,Flag,GREEN LIGHT - PIT EXIT OPEN,,GREEN,Track,,,,1,pit_entry_exit,green light - pit exit open,True,False,True,False,True
4347,2025-hungarian-grand-prix-r,2025,Hungarian Grand Prix,2025-08-03 12:30:00+00:00,,Other,PIT EXIT CLOSED,,,,,,,1,pit_entry_exit,pit exit closed,True,False,True,False,True
4348,2025-hungarian-grand-prix-r,2025,Hungarian Grand Prix,2025-08-03 12:31:37+00:00,,Flag,YELLOW IN TRACK SECTOR 3,,YELLOW,Sector,3.0,,,1,flags,yellow in track sector #,True,False,True,False,True
4349,2025-hungarian-grand-prix-r,2025,Hungarian Grand Prix,2025-08-03 12:31:38+00:00,,Other,DRS DISABLED IN ZONE 1,,,,,,,1,drs,drs disabled in zone #,True,False,True,False,True
4350,2025-hungarian-grand-prix-r,2025,Hungarian Grand Prix,2025-08-03 12:31:39+00:00,,Other,DRS DISABLED IN ZONE 2,,,,,,,1,drs,drs disabled in zone #,True,False,True,False,True
4351,2025-hungarian-grand-prix-r,2025,Hungarian Grand Prix,2025-08-03 12:32:28+00:00,,Other,DRS ENABLED IN ZONE 1,,,,,,,1,drs,drs enabled in zone #,True,False,True,False,True
4352,2025-hungarian-grand-prix-r,2025,Hungarian Grand Prix,2025-08-03 12:32:28+00:00,,Other,DRS ENABLED IN ZONE 2,,,,,,,1,drs,drs enabled in zone #,True,False,True,False,True
4353,2025-hungarian-grand-prix-r,2025,Hungarian Grand Prix,2025-08-03 12:32:28+00:00,,Flag,CLEAR IN TRACK SECTOR 3,,CLEAR,Sector,3.0,,,1,flags,clear in track sector #,True,False,True,False,True
4354,2025-hungarian-grand-prix-r,2025,Hungarian Grand Prix,2025-08-03 12:43:44+00:00,,Other,PINK HEAD PADDING MATERIAL MUST BE USED,,,,,,,1,other,pink head padding material must be used,True,False,True,False,True
4355,2025-hungarian-grand-prix-r,2025,Hungarian Grand Prix,2025-08-03 12:45:14+00:00,,Other,RISK OF RAIN FOR F1 RACE IS 20 %,,,,,,,1,other,risk of rain for f1 race is # %,True,False,True,False,True
4356,2025-hungarian-grand-prix-r,2025,Hungarian Grand Prix,2025-08-03 12:47:21+00:00,,Flag,YELLOW IN TRACK SECTOR 3,,YELLOW,Sector,3.0,,,1,flags,yellow in track sector #,True,False,True,False,True
4357,2025-hungarian-grand-prix-r,2025,Hungarian Grand Prix,2025-08-03 12:47:22+00:00,,Other,DRS DISABLED IN ZONE 1,,,,,,,1,drs,drs disabled in zone #,True,False,True,False,True
4358,2025-hungarian-grand-prix-r,2025,Hungarian Grand Prix,2025-08-03 12:47:22+00:00,,Other,DRS DISABLED IN ZONE 2,,,,,,,1,drs,drs disabled in zone #,True,False,True,False,True
4359,2025-hungarian-grand-prix-r,2025,Hungarian Grand Prix,2025-08-03 12:47:46+00:00,,Other,DRS ENABLED IN ZONE 1,,,,,,,1,drs,drs enabled in zone #,True,False,True,False,True
4360,2025-hungarian-grand-prix-r,2025,Hungarian Grand Prix,2025-08-03 12:47:46+00:00,,Other,DRS ENABLED IN ZONE 2,,,,,,,1,drs,drs enabled in zone #,True,False,True,False,True
4361,2025-hungarian-grand-prix-r,2025,Hungarian Grand Prix,2025-08-03 12:47:46+00:00,,Flag,CLEAR IN TRACK SECTOR 3,,CLEAR,Sector,3.0,,,1,flags,clear in track sector #,True,False,True,False,True
4362,2025-hungarian-grand-prix-r,2025,Hungarian Grand Prix,2025-08-03 12:57:05+00:00,,Drs,DRS DISABLED,DISABLED,,,,,,1,drs,drs disabled,True,False,True,False,True
4532,2025-dutch-grand-prix-r,2025,Dutch Grand Prix,2025-08-31 13:03:21+00:00,201000.0,Flag,GREEN LIGHT - PIT EXIT OPEN,,GREEN,Track,,,,1,pit_entry_exit,green light - pit exit open,False,False,True,False,True
4533,2025-dutch-grand-prix-r,2025,Dutch Grand Prix,2025-08-31 13:04:40+00:00,280000.0,Drs,DRS ENABLED,ENABLED,,,,,,2,drs,drs enabled,False,False,True,False,True
4534,2025-dutch-grand-prix-r,2025,Dutch Grand Prix,2025-08-31 13:06:10+00:00,370000.0,Other,CAR 16 (LEC) TIME 1:17.076 DELETED - TRACK LIMITS AT TURN 3 LAP 2 15:04:59,,,,,,,3,other,car # (lec) time #:#.# deleted - track limits at turn # lap # #:#:#,False,False,True,False,True
4535,2025-dutch-grand-prix-r,2025,Dutch Grand Prix,2025-08-31 13:10:44+00:00,644000.0,Other,TURN 11 INCIDENT INVOLVING CARS 18 (STR) AND 5 (BOR) NOTED - CAUSING A COLLISION,,,,,,,6,investigations_noted,turn # incident involving cars # (str) and # (bor) noted - causing a collision,False,False,True,False,True
4536,2025-dutch-grand-prix-r,2025,Dutch Grand Prix,2025-08-31 13:15:44+00:00,944000.0,Other,FIA STEWARDS: TURN 11 INCIDENT INVOLVING CARS 18 (STR) AND 5 (BOR) REVIEWED NO FURTHER INVESTIGATION - CAUSING A COLLISION,,,,,,,10,investigations_noted,fia stewards: turn # incident involving cars # (str) and # (bor) reviewed no further investigation - causing a collision,False,False,True,False,True
4537,2025-dutch-grand-prix-r,2025,Dutch Grand Prix,2025-08-31 13:19:09+00:00,1149000.0,Other,TRACK SURFACE SLIPPERY IN TRACK SECTOR 15,,,,,,,13,other,track surface slippery in track sector #,False,False,True,False,True
4538,2025-dutch-grand-prix-r,2025,Dutch Grand Prix,2025-08-31 13:20:37+00:00,1237000.0,Flag,CLEAR IN TRACK SECTOR 15,,CLEAR,Sector,15.0,,,14,flags,clear in track sector #,False,False,True,False,True
4539,2025-dutch-grand-prix-r,2025,Dutch Grand Prix,2025-08-31 13:22:26+00:00,1346000.0,Other,INCIDENT INVOLVING CAR 5 (BOR) NOTED - UNSAFE CONDITION,,,,,,,16,investigations_noted,incident involving car # (bor) noted - unsafe condition,False,False,True,False,True
4540,2025-dutch-grand-prix-r,2025,Dutch Grand Prix,2025-08-31 13:23:12+00:00,1392000.0,Other,CAR 63 (RUS) TIME 1:16.228 DELETED - TRACK LIMITS AT TURN 3 LAP 13 15:18:58,,,,,,,16,other,car # (rus) time #:#.# deleted - track limits at turn # lap # #:#:#,False,False,True,False,True
4541,2025-dutch-grand-prix-r,2025,Dutch Grand Prix,2025-08-31 13:23:40+00:00,1420000.0,Other,FIA STEWARDS: INCIDENT INVOLVING CAR 5 (BOR) UNDER INVESTIGATION - UNSAFE CONDITION,,,,,,,17,investigations_noted,fia stewards: incident involving car # (bor) under investigation - unsafe condition,False,False,True,False,True
4542,2025-dutch-grand-prix-r,2025,Dutch Grand Prix,2025-08-31 13:28:13+00:00,1693000.0,Other,CAR 14 (ALO) TIME 1:30.437 DELETED - TRACK LIMITS AT TURN 3 LAP 19 15:27:09,,,,,,,20,other,car # (alo) time #:#.# deleted - track limits at turn # lap # #:#:#,False,False,True,False,True
4543,2025-dutch-grand-prix-r,2025,Dutch Grand Prix,2025-08-31 13:30:50+00:00,1850000.0,Other,CAR 43 (COL) TIME 1:16.107 DELETED - TRACK LIMITS AT TURN 3 LAP 21 15:29:46,,,,,,,22,other,car # (col) time #:#.# deleted - track limits at turn # lap # #:#:#,False,False,True,False,True
4544,2025-dutch-grand-prix-r,2025,Dutch Grand Prix,2025-08-31 13:31:47+00:00,1907000.0,Flag,DOUBLE YELLOW IN TRACK SECTOR 5,,DOUBLE YELLOW,Sector,5.0,,,23,flags,double yellow in track sector #,False,False,True,False,True
4545,2025-dutch-grand-prix-r,2025,Dutch Grand Prix,2025-08-31 13:31:48+00:00,1908000.0,Flag,YELLOW IN TRACK SECTOR 4,,YELLOW,Sector,4.0,,,23,flags,yellow in track sector #,False,False,True,False,True
4546,2025-dutch-grand-prix-r,2025,Dutch Grand Prix,2025-08-31 13:31:48+00:00,1908000.0,Flag,YELLOW IN TRACK SECTOR 5,,YELLOW,Sector,5.0,,,23,flags,yellow in track sector #,False,False,True,False,True
4547,2025-dutch-grand-prix-r,2025,Dutch Grand Prix,2025-08-31 13:32:02+00:00,1922000.0,SafetyCar,SAFETY CAR DEPLOYED,DEPLOYED,,,,,,23,safety_car,safety car deployed,False,False,True,False,True
4548,2025-dutch-grand-prix-r,2025,Dutch Grand Prix,2025-08-31 13:32:02+00:00,1922000.0,Flag,CLEAR IN TRACK SECTOR 4,,CLEAR,Sector,4.0,,,23,flags,clear in track sector #,False,False,True,False,True
4549,2025-dutch-grand-prix-r,2025,Dutch Grand Prix,2025-08-31 13:33:31+00:00,2011000.0,Flag,DOUBLE YELLOW IN TRACK SECTOR 5,,DOUBLE YELLOW,Sector,5.0,,,24,flags,double yellow in track sector #,False,False,True,False,True
4550,2025-dutch-grand-prix-r,2025,Dutch Grand Prix,2025-08-31 13:33:36+00:00,2016000.0,Other,RECOVERY VEHICLE ON TRACK AT TURN 3,,,,,,,24,other,recovery vehicle on track at turn #,False,False,True,False,True
4551,2025-dutch-grand-prix-r,2025,Dutch Grand Prix,2025-08-31 13:34:15+00:00,2055000.0,Flag,DOUBLE YELLOW IN TRACK SECTOR 5,,DOUBLE YELLOW,Sector,5.0,,,24,flags,double yellow in track sector #,False,False,True,False,True
4552,2025-dutch-grand-prix-r,2025,Dutch Grand Prix,2025-08-31 13:35:51+00:00,2151000.0,Flag,CLEAR IN TRACK SECTOR 5,,CLEAR,Sector,5.0,,,25,flags,clear in track sector #,False,False,True,False,True
4553,2025-dutch-grand-prix-r,2025,Dutch Grand Prix,2025-08-31 13:37:09+00:00,2229000.0,SafetyCar,SAFETY CAR IN THIS LAP,IN THIS LAP,,,,,,26,safety_car,safety car in this lap,False,False,True,False,True
4554,2025-dutch-grand-prix-r,2025,Dutch Grand Prix,2025-08-31 13:38:27+00:00,2307000.0,Flag,TRACK CLEAR,,CLEAR,Track,,,,26,flags,track clear,False,False,True,False,True
4555,2025-dutch-grand-prix-r,2025,Dutch Grand Prix,2025-08-31 13:39:51+00:00,2391000.0,Drs,DRS ENABLED,ENABLED,,,,,,28,drs,drs enabled,False,False,True,False,True
4556,2025-dutch-grand-prix-r,2025,Dutch Grand Prix,2025-08-31 13:41:16+00:00,2476000.0,Flag,WAVED BLUE FLAG FOR CAR 30 (LAW) TIMED AT 15:41:15,,BLUE,Driver,,30.0,LAW,29,flags,waved blue flag for car # (law) timed at #:#:#,False,False,False,True,True
4557,2025-dutch-grand-prix-r,2025,Dutch Grand Prix,2025-08-31 13:41:19+00:00,2479000.0,Flag,WAVED BLUE FLAG FOR CAR 55 (SAI) TIMED AT 15:41:19,,BLUE,Driver,,55.0,SAI,29,flags,waved blue flag for car # (sai) timed at #:#:#,False,False,False,True,True
4558,2025-dutch-grand-prix-r,2025,Dutch Grand Prix,2025-08-31 13:41:24+00:00,2484000.0,Flag,WAVED BLUE FLAG FOR CAR 30 (LAW) TIMED AT 15:41:24,,BLUE,Driver,,30.0,LAW,29,flags,waved blue flag for car # (law) timed at #:#:#,False,False,False,True,True
4559,2025-dutch-grand-prix-r,2025,Dutch Grand Prix,2025-08-31 13:41:26+00:00,2486000.0,Flag,WAVED BLUE FLAG FOR CAR 55 (SAI) TIMED AT 15:41:25,,BLUE,Driver,,55.0,SAI,29,flags,waved blue flag for car # (sai) timed at #:#:#,False,False,False,True,True
4560,2025-dutch-grand-prix-r,2025,Dutch Grand Prix,2025-08-31 13:41:29+00:00,2489000.0,Other,TURN 1 INCIDENT INVOLVING CARS 55 (SAI) AND 30 (LAW) NOTED,,,,,,,29,investigations_noted,turn # incident involving cars # (sai) and # (law) noted,False,False,True,False,True
4561,2025-dutch-grand-prix-r,2025,Dutch Grand Prix,2025-08-31 13:41:37+00:00,2497000.0,Flag,WAVED BLUE FLAG FOR CAR 30 (LAW) TIMED AT 15:41:37,,BLUE,Driver,,30.0,LAW,29,flags,waved blue flag for car # (law) timed at #:#:#,False,False,False,True,True
4562,2025-dutch-grand-prix-r,2025,Dutch Grand Prix,2025-08-31 13:41:47+00:00,2507000.0,Other,FIA STEWARDS: INCIDENT INVOLVING CAR 5 (BOR) WILL BE INVESTIGATED AFTER THE RACE - UNSAFE CONDITION,,,,,,,29,investigations_noted,fia stewards: incident involving car # (bor) will be investigated after the race - unsafe condition,False,False,True,False,True
4563,2025-dutch-grand-prix-r,2025,Dutch Grand Prix,2025-08-31 13:41:56+00:00,2516000.0,Flag,WAVED BLUE FLAG FOR CAR 30 (LAW) TIMED AT 15:41:55,,BLUE,Driver,,30.0,LAW,29,flags,waved blue flag for car # (law) timed at #:#:#,False,False,False,True,True
4564,2025-dutch-grand-prix-r,2025,Dutch Grand Prix,2025-08-31 13:44:12+00:00,2652000.0,Other,FIA STEWARDS: TURN 1 INCIDENT INVOLVING CARS 55 (SAI) AND 30 (LAW) UNDER INVESTIGATION,,,,,,,31,investigations_noted,fia stewards: turn # incident involving cars # (sai) and # (law) under investigation,False,False,True,False,True
4565,2025-dutch-grand-prix-r,2025,Dutch Grand Prix,2025-08-31 13:44:35+00:00,2675000.0,SafetyCar,VIRTUAL SAFETY CAR DEPLOYED,DEPLOYED,,,,,,31,safety_car,virtual safety car deployed,False,False,True,False,True
4566,2025-dutch-grand-prix-r,2025,Dutch Grand Prix,2025-08-31 13:45:45+00:00,2745000.0,SafetyCar,VIRTUAL SAFETY CAR ENDING,ENDING,,,,,,32,safety_car,virtual safety car ending,False,False,True,False,True
4567,2025-dutch-grand-prix-r,2025,Dutch Grand Prix,2025-08-31 13:45:57+00:00,2757000.0,Flag,TRACK CLEAR,,CLEAR,Track,,,,32,flags,track clear,False,False,True,False,True
4568,2025-dutch-grand-prix-r,2025,Dutch Grand Prix,2025-08-31 13:45:58+00:00,2758000.0,Drs,DRS ENABLED,ENABLED,,,,,,32,drs,drs enabled,False,False,True,False,True
4569,2025-dutch-grand-prix-r,2025,Dutch Grand Prix,2025-08-31 13:46:45+00:00,2805000.0,Other,FIA STEWARDS: 10 SECOND TIME PENALTY FOR CAR 55 (SAI) - CAUSING A COLLISION,,,,,,,33,penalties,fia stewards: # second time penalty for car # (sai) - causing a collision,False,False,True,False,True
4570,2025-dutch-grand-prix-r,2025,Dutch Grand Prix,2025-08-31 13:47:57+00:00,2877000.0,Other,TRACK SURFACE SLIPPERY IN TRACK SECTOR 16,,,,,,,34,other,track surface slippery in track sector #,False,False,True,False,True
4571,2025-dutch-grand-prix-r,2025,Dutch Grand Prix,2025-08-31 13:49:18+00:00,2958000.0,Flag,DOUBLE YELLOW IN TRACK SECTOR 16,,DOUBLE YELLOW,Sector,16.0,,,35,flags,double yellow in track sector #,False,False,True,False,True
4572,2025-dutch-grand-prix-r,2025,Dutch Grand Prix,2025-08-31 13:49:27+00:00,2967000.0,Other,CAR 16 (LEC) TIME 1:26.822 DELETED - TRACK LIMITS AT TURN 12 LAP 32 15:46:15,,,,,,,35,other,car # (lec) time #:#.# deleted - track limits at turn # lap # #:#:#,False,False,True,False,True
4573,2025-dutch-grand-prix-r,2025,Dutch Grand Prix,2025-08-31 13:49:33+00:00,2973000.0,Other,TRACK SURFACE SLIPPERY IN TRACK SECTOR 16,,,,,,,35,other,track surface slippery in track sector #,False,False,True,False,True
4574,2025-dutch-grand-prix-r,2025,Dutch Grand Prix,2025-08-31 13:49:36+00:00,2976000.0,Flag,CLEAR IN TRACK SECTOR 16,,CLEAR,Sector,16.0,,,35,flags,clear in track sector #,False,False,True,False,True
4575,2025-dutch-grand-prix-r,2025,Dutch Grand Prix,2025-08-31 13:49:59+00:00,2999000.0,Other,TURN 12 INCIDENT INVOLVING CARS 16 (LEC) AND 63 (RUS) NOTED - CAUSING A COLLISION,,,,,,,35,investigations_noted,turn # incident involving cars # (lec) and # (rus) noted - causing a collision,False,False,True,False,True
4576,2025-dutch-grand-prix-r,2025,Dutch Grand Prix,2025-08-31 13:50:24+00:00,3024000.0,Other,FIA STEWARDS: TURN 12 INCIDENT INVOLVING CARS 16 (LEC) AND 63 (RUS) UNDER INVESTIGATION - CAUSING A COLLISION,,,,,,,36,investigations_noted,fia stewards: turn # incident involving cars # (lec) and # (rus) under investigation - causing a collision,False,False,True,False,True
4577,2025-dutch-grand-prix-r,2025,Dutch Grand Prix,2025-08-31 13:58:46+00:00,3526000.0,Other,FIA STEWARDS: TURN 12 INCIDENT INVOLVING CARS 16 (LEC) AND 63 (RUS) WILL BE INVESTIGATED AFTER THE RACE - CAUSING A COLLISION,,,,,,,42,investigations_noted,fia stewards: turn # incident involving cars # (lec) and # (rus) will be investigated after the race - causing a collision,False,False,True,False,True
4578,2025-dutch-grand-prix-r,2025,Dutch Grand Prix,2025-08-31 14:11:23+00:00,4283000.0,Flag,WAVED BLUE FLAG FOR CAR 55 (SAI) TIMED AT 16:11:23,,BLUE,Driver,,55.0,SAI,53,flags,waved blue flag for car # (sai) timed at #:#:#,False,False,False,True,True
4579,2025-dutch-grand-prix-r,2025,Dutch Grand Prix,2025-08-31 14:12:11+00:00,4331000.0,Flag,DOUBLE YELLOW IN TRACK SECTOR 5,,DOUBLE YELLOW,Sector,5.0,,,53,flags,double yellow in track sector #,False,False,True,False,True
4580,2025-dutch-grand-prix-r,2025,Dutch Grand Prix,2025-08-31 14:12:13+00:00,4333000.0,Flag,YELLOW IN TRACK SECTOR 4,,YELLOW,Sector,4.0,,,53,flags,yellow in track sector #,False,False,True,False,True
4581,2025-dutch-grand-prix-r,2025,Dutch Grand Prix,2025-08-31 14:12:19+00:00,4339000.0,SafetyCar,SAFETY CAR DEPLOYED,DEPLOYED,,,,,,53,safety_car,safety car deployed,False,False,True,False,True
4582,2025-dutch-grand-prix-r,2025,Dutch Grand Prix,2025-08-31 14:12:34+00:00,4354000.0,Flag,DOUBLE YELLOW IN TRACK SECTOR 5,,DOUBLE YELLOW,Sector,5.0,,,53,flags,double yellow in track sector #,False,False,True,False,True
4583,2025-dutch-grand-prix-r,2025,Dutch Grand Prix,2025-08-31 14:13:33+00:00,4413000.0,Other,RECOVERY VEHICLE ON TRACK AT TURN 3,,,,,,,54,other,recovery vehicle on track at turn #,False,False,True,False,True
4584,2025-dutch-grand-prix-r,2025,Dutch Grand Prix,2025-08-31 14:15:02+00:00,4502000.0,Flag,DOUBLE YELLOW IN TRACK SECTOR 5,,DOUBLE YELLOW,Sector,5.0,,,55,flags,double yellow in track sector #,False,False,True,False,True
4585,2025-dutch-grand-prix-r,2025,Dutch Grand Prix,2025-08-31 14:15:07+00:00,4507000.0,Flag,DOUBLE YELLOW IN TRACK SECTOR 5,,DOUBLE YELLOW,Sector,5.0,,,55,flags,double yellow in track sector #,False,False,True,False,True
4586,2025-dutch-grand-prix-r,2025,Dutch Grand Prix,2025-08-31 14:16:11+00:00,4571000.0,Other,TURN 3 INCIDENT INVOLVING CARS 63 (RUS) AND 16 (LEC) NOTED - CAUSING A COLLISION,,,,,,,55,investigations_noted,turn # incident involving cars # (rus) and # (lec) noted - causing a collision,False,False,True,False,True
4587,2025-dutch-grand-prix-r,2025,Dutch Grand Prix,2025-08-31 14:16:37+00:00,4597000.0,Other,FIA STEWARDS: TURN 3 INCIDENT INVOLVING CARS 63 (RUS) AND 16 (LEC) UNDER INVESTIGATION - CAUSING A COLLISION,,,,,,,55,investigations_noted,fia stewards: turn # incident involving cars # (rus) and # (lec) under investigation - causing a collision,False,False,True,False,True
4588,2025-dutch-grand-prix-r,2025,Dutch Grand Prix,2025-08-31 14:17:34+00:00,4654000.0,Other,CORRECTION:: TURN 3 INCIDENT INVOLVING CARS 12 (ANT) AND 16 (LEC) UNDER INVESTIGATION - CAUSING A COLLISION,,,,,,,56,investigations_noted,correction:: turn # incident involving cars # (ant) and # (lec) under investigation - causing a collision,False,False,True,False,True
4589,2025-dutch-grand-prix-r,2025,Dutch Grand Prix,2025-08-31 14:17:56+00:00,4676000.0,Other,FIA STEWARDS: 10 SECOND TIME PENALTY FOR CAR 12 (ANT) - CAUSING A COLLISION,,,,,,,56,penalties,fia stewards: # second time penalty for car # (ant) - causing a collision,False,False,True,False,True
4590,2025-dutch-grand-prix-r,2025,Dutch Grand Prix,2025-08-31 14:18:16+00:00,4696000.0,Flag,CLEAR IN TRACK SECTOR 5,,CLEAR,Sector,5.0,,,56,flags,clear in track sector #,False,False,True,False,True
4591,2025-dutch-grand-prix-r,2025,Dutch Grand Prix,2025-08-31 14:18:18+00:00,4698000.0,Other,LAPPED CARS MAY NOW OVERTAKE THE SAFETY CAR: 30 AND 55,,,,,,,56,safety_car,lapped cars may now overtake the safety car: # and #,False,False,True,False,True
4592,2025-dutch-grand-prix-r,2025,Dutch Grand Prix,2025-08-31 14:18:54+00:00,4734000.0,Other,INCIDENT INVOLVING CAR 12 (ANT) NOTED - SPEEDING IN THE PIT LANE,,,,,,,56,investigations_noted,incident involving car # (ant) noted - speeding in the pit lane,False,False,True,False,True
4593,2025-dutch-grand-prix-r,2025,Dutch Grand Prix,2025-08-31 14:19:15+00:00,4755000.0,Flag,CLEAR IN TRACK SECTOR 4,,CLEAR,Sector,4.0,,,57,flags,clear in track sector #,False,False,True,False,True
4594,2025-dutch-grand-prix-r,2025,Dutch Grand Prix,2025-08-31 14:19:34+00:00,4774000.0,SafetyCar,SAFETY CAR IN THIS LAP,IN THIS LAP,,,,,,57,safety_car,safety car in this lap,False,False,True,False,True
4595,2025-dutch-grand-prix-r,2025,Dutch Grand Prix,2025-08-31 14:19:53+00:00,4793000.0,Other,FIA STEWARDS: PENALTY SERVED - 10 SECOND TIME PENALTY FOR CAR 55 (SAI),,,,,,,57,penalties,fia stewards: penalty served - # second time penalty for car # (sai),False,False,True,False,True
4596,2025-dutch-grand-prix-r,2025,Dutch Grand Prix,2025-08-31 14:20:51+00:00,4851000.0,Flag,TRACK CLEAR,,CLEAR,Track,,,,57,flags,track clear,False,False,True,False,True
4597,2025-dutch-grand-prix-r,2025,Dutch Grand Prix,2025-08-31 14:22:12+00:00,4932000.0,Drs,DRS ENABLED,ENABLED,,,,,,59,drs,drs enabled,False,False,True,False,True
4598,2025-dutch-grand-prix-r,2025,Dutch Grand Prix,2025-08-31 14:22:51+00:00,4971000.0,Other,FIA STEWARDS: INCIDENT INVOLVING CAR 12 (ANT) UNDER INVESTIGATION - SPEEDING IN THE PIT LANE,,,,,,,59,investigations_noted,fia stewards: incident involving car # (ant) under investigation - speeding in the pit lane,False,False,True,False,True
4599,2025-dutch-grand-prix-r,2025,Dutch Grand Prix,2025-08-31 14:25:55+00:00,5155000.0,Other,FIA STEWARDS: 5 SECOND TIME PENALTY FOR CAR 12 (ANT) - SPEEDING IN THE PIT LANE,,,,,,,62,penalties,fia stewards: # second time penalty for car # (ant) - speeding in the pit lane,False,False,True,False,True
4600,2025-dutch-grand-prix-r,2025,Dutch Grand Prix,2025-08-31 14:30:12+00:00,5412000.0,Flag,YELLOW IN TRACK SECTOR 11,,YELLOW,Sector,11.0,,,65,flags,yellow in track sector #,False,False,True,False,True
4601,2025-dutch-grand-prix-r,2025,Dutch Grand Prix,2025-08-31 14:30:28+00:00,5428000.0,SafetyCar,SAFETY CAR DEPLOYED,DEPLOYED,,,,,,65,safety_car,safety car deployed,False,False,True,False,True
4602,2025-dutch-grand-prix-r,2025,Dutch Grand Prix,2025-08-31 14:30:36+00:00,5436000.0,Flag,DOUBLE YELLOW IN TRACK SECTOR 11,,DOUBLE YELLOW,Sector,11.0,,,65,flags,double yellow in track sector #,False,False,True,False,True
4603,2025-dutch-grand-prix-r,2025,Dutch Grand Prix,2025-08-31 14:32:26+00:00,5546000.0,Other,RECOVERY VEHICLE ON TRACK AT TURN 9,,,,,,,66,other,recovery vehicle on track at turn #,False,False,True,False,True
4604,2025-dutch-grand-prix-r,2025,Dutch Grand Prix,2025-08-31 14:33:11+00:00,5591000.0,Flag,DOUBLE YELLOW IN TRACK SECTOR 5,,DOUBLE YELLOW,Sector,5.0,,,67,flags,double yellow in track sector #,False,False,True,False,True
4605,2025-dutch-grand-prix-r,2025,Dutch Grand Prix,2025-08-31 14:35:14+00:00,5714000.0,Flag,CLEAR IN TRACK SECTOR 11,,CLEAR,Sector,11.0,,,68,flags,clear in track sector #,False,False,True,False,True
4606,2025-dutch-grand-prix-r,2025,Dutch Grand Prix,2025-08-31 14:35:45+00:00,5745000.0,Flag,CLEAR IN TRACK SECTOR 5,,CLEAR,Sector,5.0,,,68,flags,clear in track sector #,False,False,True,False,True
4607,2025-dutch-grand-prix-r,2025,Dutch Grand Prix,2025-08-31 14:36:08+00:00,5768000.0,SafetyCar,SAFETY CAR IN THIS LAP,IN THIS LAP,,,,,,68,safety_car,safety car in this lap,False,False,True,False,True
4608,2025-dutch-grand-prix-r,2025,Dutch Grand Prix,2025-08-31 14:36:48+00:00,5808000.0,Flag,TRACK CLEAR,,CLEAR,Track,,,,68,flags,track clear,False,False,True,False,True
4609,2025-dutch-grand-prix-r,2025,Dutch Grand Prix,2025-08-31 14:38:12+00:00,5892000.0,Drs,DRS ENABLED,ENABLED,,,,,,70,drs,drs enabled,False,False,True,False,True
4610,2025-dutch-grand-prix-r,2025,Dutch Grand Prix,2025-08-31 14:40:06+00:00,6006000.0,Other,TURN 11 INCIDENT INVOLVING CARS 22 (TSU) AND 10 (GAS) NOTED,,,,,,,71,investigations_noted,turn # incident involving cars # (tsu) and # (gas) noted,False,False,True,False,True
4611,2025-dutch-grand-prix-r,2025,Dutch Grand Prix,2025-08-31 14:40:42+00:00,6042000.0,Other,CAR 27 (HUL) TIME 1:18.274 DELETED - TRACK LIMITS AT TURN 3 LAP 69 16:37:21,,,,,,,72,other,car # (hul) time #:#.# deleted - track limits at turn # lap # #:#:#,False,False,True,False,True
4612,2025-dutch-grand-prix-r,2025,Dutch Grand Prix,2025-08-31 14:40:55+00:00,6055000.0,Other,CAR 55 (SAI) TIME 1:17.352 DELETED - TRACK LIMITS AT TURN 3 LAP 69 16:37:22,,,,,,,72,other,car # (sai) time #:#.# deleted - track limits at turn # lap # #:#:#,False,False,True,False,True
4613,2025-dutch-grand-prix-r,2025,Dutch Grand Prix,2025-08-31 14:41:06+00:00,6066000.0,Other,CAR 10 (GAS) TIME 1:17.528 DELETED - TRACK LIMITS AT TURN 12 LAP 69 16:38:01,,,,,,,72,other,car # (gas) time #:#.# deleted - track limits at turn # lap # #:#:#,False,False,True,False,True
4614,2025-dutch-grand-prix-r,2025,Dutch Grand Prix,2025-08-31 14:41:50+00:00,6110000.0,Flag,CHEQUERED FLAG,,CHEQUERED,Track,,,,72,red_flag,chequered flag,False,False,True,False,True
4615,2025-dutch-grand-prix-r,2025,Dutch Grand Prix,2025-08-31 14:43:39+00:00,6219000.0,Other,FIA STEWARDS: TURN 11 INCIDENT INVOLVING CARS 22 (TSU) AND 10 (GAS) REVIEWED NO FURTHER INVESTIGATION,,,,,,,72,investigations_noted,fia stewards: turn # incident involving cars # (tsu) and # (gas) reviewed no further investigation,False,False,True,False,True
4616,2025-dutch-grand-prix-r,2025,Dutch Grand Prix,2025-08-31 14:45:05+00:00,6305000.0,Other,ALL PASS HOLDERS MAY ACCESS THE PIT LANE,,,,,,,72,pit_entry_exit,all pass holders may access the pit lane,False,False,True,False,True
4617,2025-dutch-grand-prix-r,2025,Dutch Grand Prix,2025-08-31 14:45:34+00:00,6334000.0,Flag,DOUBLE YELLOW IN TRACK SECTOR 11,,DOUBLE YELLOW,Sector,11.0,,,72,flags,double yellow in track sector #,False,False,True,False,True
4618,2025-dutch-grand-prix-r,2025,Dutch Grand Prix,2025-08-31 14:49:09+00:00,6549000.0,Flag,CLEAR IN TRACK SECTOR 11,,CLEAR,Sector,11.0,,,72,flags,clear in track sector #,False,False,True,False,True
4619,2025-dutch-grand-prix-r,2025,Dutch Grand Prix,2025-08-31 14:49:10+00:00,6550000.0,Flag,DOUBLE YELLOW IN TRACK SECTOR 11,,DOUBLE YELLOW,Sector,11.0,,,72,flags,double yellow in track sector #,False,False,True,False,True
4620,2025-dutch-grand-prix-r,2025,Dutch Grand Prix,2025-08-31 14:53:30+00:00,6810000.0,Flag,DOUBLE YELLOW IN TRACK SECTOR 7,,DOUBLE YELLOW,Sector,7.0,,,72,flags,double yellow in track sector #,False,False,True,False,True
4513,2025-dutch-grand-prix-r,2025,Dutch Grand Prix,2025-08-31 12:17:58+00:00,,Flag,YELLOW IN TRACK SECTOR 16,,YELLOW,Sector,16.0,,,1,flags,yellow in track sector #,True,False,True,False,True
4514,2025-dutch-grand-prix-r,2025,Dutch Grand Prix,2025-08-31 12:17:59+00:00,,Flag,YELLOW IN TRACK SECTOR 17,,YELLOW,Sector,17.0,,,1,flags,yellow in track sector #,True,False,True,False,True
4515,2025-dutch-grand-prix-r,2025,Dutch Grand Prix,2025-08-31 12:18:28+00:00,,Flag,CLEAR IN TRACK SECTOR 16,,CLEAR,Sector,16.0,,,1,flags,clear in track sector #,True,False,True,False,True
4516,2025-dutch-grand-prix-r,2025,Dutch Grand Prix,2025-08-31 12:18:28+00:00,,Flag,CLEAR IN TRACK SECTOR 17,,CLEAR,Sector,17.0,,,1,flags,clear in track sector #,True,False,True,False,True
4517,2025-dutch-grand-prix-r,2025,Dutch Grand Prix,2025-08-31 12:20:00+00:00,,Flag,GREEN LIGHT - PIT EXIT OPEN,,GREEN,Track,,,,1,pit_entry_exit,green light - pit exit open,True,False,True,False,True
4518,2025-dutch-grand-prix-r,2025,Dutch Grand Prix,2025-08-31 12:30:00+00:00,,Other,PIT EXIT CLOSED,,,,,,,1,pit_entry_exit,pit exit closed,True,False,True,False,True
4519,2025-dutch-grand-prix-r,2025,Dutch Grand Prix,2025-08-31 12:30:20+00:00,,Other,PIT ENTRY INCIDENT INVOLVING CAR 44 (HAM) NOTED - YELLOW FLAG INFRINGEMENT,,,,,,,1,investigations_noted,pit entry incident involving car # (ham) noted - yellow flag infringement,True,False,True,False,True
4520,2025-dutch-grand-prix-r,2025,Dutch Grand Prix,2025-08-31 12:30:36+00:00,,Flag,DOUBLE YELLOW IN TRACK SECTOR 8,,DOUBLE YELLOW,Sector,8.0,,,1,flags,double yellow in track sector #,True,False,True,False,True
4521,2025-dutch-grand-prix-r,2025,Dutch Grand Prix,2025-08-31 12:30:47+00:00,,Flag,DOUBLE YELLOW IN TRACK SECTOR 7,,DOUBLE YELLOW,Sector,7.0,,,1,flags,double yellow in track sector #,True,False,True,False,True
4522,2025-dutch-grand-prix-r,2025,Dutch Grand Prix,2025-08-31 12:30:51+00:00,,Flag,YELLOW IN TRACK SECTOR 13,,YELLOW,Sector,13.0,,,1,flags,yellow in track sector #,True,False,True,False,True
4523,2025-dutch-grand-prix-r,2025,Dutch Grand Prix,2025-08-31 12:30:53+00:00,,Flag,DOUBLE YELLOW IN TRACK SECTOR 16,,DOUBLE YELLOW,Sector,16.0,,,1,flags,double yellow in track sector #,True,False,True,False,True
4524,2025-dutch-grand-prix-r,2025,Dutch Grand Prix,2025-08-31 12:30:53+00:00,,Flag,DOUBLE YELLOW IN TRACK SECTOR 17,,DOUBLE YELLOW,Sector,17.0,,,1,flags,double yellow in track sector #,True,False,True,False,True
4525,2025-dutch-grand-prix-r,2025,Dutch Grand Prix,2025-08-31 12:30:55+00:00,,Flag,DOUBLE YELLOW IN TRACK SECTOR 6,,DOUBLE YELLOW,Sector,6.0,,,1,flags,double yellow in track sector #,True,False,True,False,True
4526,2025-dutch-grand-prix-r,2025,Dutch Grand Prix,2025-08-31 12:34:42+00:00,,Other,"FIA STEWARDS: INCIDENT INVOLVING CARS 27 (HUL), 55 (SAI), 1 (VER) AND 4 (NOR) NOTED - FAILING TO FOLLOW RACE DIRECTORS INSTRUCTIONS - MAXIMUM DELTA TIME",,,,,,,1,investigations_noted,"fia stewards: incident involving cars # (hul), # (sai), # (ver) and # (nor) noted - failing to follow race directors instructions - maximum delta time",True,False,True,False,True
4527,2025-dutch-grand-prix-r,2025,Dutch Grand Prix,2025-08-31 12:35:28+00:00,,Other,FIA STEWARDS: PIT ENTRY INCIDENT INVOLVING CAR 44 (HAM) WILL BE INVESTIGATED AFTER THE RACE - YELLOW FLAG INFRINGEMENT,,,,,,,1,investigations_noted,fia stewards: pit entry incident involving car # (ham) will be investigated after the race - yellow flag infringement,True,False,True,False,True
4528,2025-dutch-grand-prix-r,2025,Dutch Grand Prix,2025-08-31 12:35:35+00:00,,Other,"FIA STEWARDS: INCIDENT INVOLVING CARS 27 (HUL), 55 (SAI), 1 (VER) AND 4 (NOR) WILL BE INVESTIGATED AFTER THE RACE - FAILING TO FOLLOW RACE DIRECTORS INSTRUCTIONS - MAXIMUM DELTA TIME",,,,,,,1,investigations_noted,"fia stewards: incident involving cars # (hul), # (sai), # (ver) and # (nor) will be investigated after the race - failing to follow race directors instructions - maximum delta time",True,False,True,False,True
4529,2025-dutch-grand-prix-r,2025,Dutch Grand Prix,2025-08-31 12:45:06+00:00,,Other,RISK OF RAIN FOR F1 RACE IS 60%,,,,,,,1,other,risk of rain for f1 race is #%,True,False,True,False,True
4530,2025-dutch-grand-prix-r,2025,Dutch Grand Prix,2025-08-31 12:51:16+00:00,,Flag,CLEAR IN TRACK SECTOR 18,,CLEAR,Sector,18.0,,,1,flags,clear in track sector #,True,False,True,False,True
4531,2025-dutch-grand-prix-r,2025,Dutch Grand Prix,2025-08-31 12:57:03+00:00,,Drs,DRS DISABLED,DISABLED,,,,,,1,drs,drs disabled,True,False,True,False,True
4462,2025-italian-grand-prix-r,2025,Italian Grand Prix,2025-09-07 13:03:35+00:00,215000.0,Flag,GREEN LIGHT - PIT EXIT OPEN,,GREEN,Track,,,,1,pit_entry_exit,green light - pit exit open,False,False,True,False,True
4463,2025-italian-grand-prix-r,2025,Italian Grand Prix,2025-09-07 13:04:53+00:00,293000.0,Other,TURN 1 INCIDENT INVOLVING CARS 1 (VER) AND 4 (NOR) NOTED,,,,,,,1,investigations_noted,turn # incident involving cars # (ver) and # (nor) noted,False,False,True,False,True
4464,2025-italian-grand-prix-r,2025,Italian Grand Prix,2025-09-07 13:05:25+00:00,325000.0,Drs,DRS ENABLED,ENABLED,,,,,,2,drs,drs enabled,False,False,True,False,True
4465,2025-italian-grand-prix-r,2025,Italian Grand Prix,2025-09-07 13:05:38+00:00,338000.0,Other,FIA STEWARDS: TURN 1 INCIDENT INVOLVING CARS 1 (VER) AND 4 (NOR) REVIEWED NO FURTHER INVESTIGATION,,,,,,,2,investigations_noted,fia stewards: turn # incident involving cars # (ver) and # (nor) reviewed no further investigation,False,False,True,False,True
4466,2025-italian-grand-prix-r,2025,Italian Grand Prix,2025-09-07 13:08:21+00:00,501000.0,Other,TURN 1 INCIDENT INVOLVING CARS 22 (TSU) AND 44 (HAM) NOTED - LEAVING THE TRACK AND GAINING AN ADVANTAGE,,,,,,,4,investigations_noted,turn # incident involving cars # (tsu) and # (ham) noted - leaving the track and gaining an advantage,False,False,True,False,True
4467,2025-italian-grand-prix-r,2025,Italian Grand Prix,2025-09-07 13:10:57+00:00,657000.0,Other,CAR 16 (LEC) TIME 1:24.525 DELETED - TRACK LIMITS AT TURN 1 LAP 4 15:08:05,,,,,,,6,other,car # (lec) time #:#.# deleted - track limits at turn # lap # #:#:#,False,False,True,False,True
4468,2025-italian-grand-prix-r,2025,Italian Grand Prix,2025-09-07 13:11:41+00:00,701000.0,Other,TURN 4 INCIDENT INVOLVING CARS 31 (OCO) AND 18 (STR) NOTED - FORCING ANOTHER DRIVER OFF THE TRACK,,,,,,,6,investigations_noted,turn # incident involving cars # (oco) and # (str) noted - forcing another driver off the track,False,False,True,False,True
4469,2025-italian-grand-prix-r,2025,Italian Grand Prix,2025-09-07 13:11:47+00:00,707000.0,Other,CAR 18 (STR) TIME 1:26.506 DELETED - TRACK LIMITS AT TURN 4 LAP 2 15:05:41,,,,,,,6,other,car # (str) time #:#.# deleted - track limits at turn # lap # #:#:#,False,False,True,False,True
4470,2025-italian-grand-prix-r,2025,Italian Grand Prix,2025-09-07 13:12:23+00:00,743000.0,Other,FIA STEWARDS: TURN 1 INCIDENT INVOLVING CARS 22 (TSU) AND 44 (HAM) REVIEWED NO FURTHER INVESTIGATION - LEAVING THE TRACK AND GAINING AN ADVANTAGE,,,,,,,7,investigations_noted,fia stewards: turn # incident involving cars # (tsu) and # (ham) reviewed no further investigation - leaving the track and gaining an advantage,False,False,True,False,True
4471,2025-italian-grand-prix-r,2025,Italian Grand Prix,2025-09-07 13:13:58+00:00,838000.0,Other,FIA STEWARDS: TURN 4 INCIDENT INVOLVING CARS 31 (OCO) AND 18 (STR) UNDER INVESTIGATION - FORCING ANOTHER DRIVER OFF THE TRACK,,,,,,,8,investigations_noted,fia stewards: turn # incident involving cars # (oco) and # (str) under investigation - forcing another driver off the track,False,False,True,False,True
4472,2025-italian-grand-prix-r,2025,Italian Grand Prix,2025-09-07 13:15:35+00:00,935000.0,Other,FIA STEWARDS: 5 SECOND TIME PENALTY FOR CAR 31 (OCO) - FORCING ANOTHER DRIVER OFF THE TRACK,,,,,,,9,penalties,fia stewards: # second time penalty for car # (oco) - forcing another driver off the track,False,False,True,False,True
4473,2025-italian-grand-prix-r,2025,Italian Grand Prix,2025-09-07 13:16:16+00:00,976000.0,Other,CAR 12 (ANT) TIME 1:25.080 DELETED - TRACK LIMITS AT TURN 5 LAP 6 15:11:21,,,,,,,10,other,car # (ant) time #:#.# deleted - track limits at turn # lap # #:#:#,False,False,True,False,True
4474,2025-italian-grand-prix-r,2025,Italian Grand Prix,2025-09-07 13:17:36+00:00,1056000.0,Other,CAR 6 (HAD) TIME 1:25.728 DELETED - TRACK LIMITS AT TURN 1 LAP 8 15:13:53,,,,,,,11,other,car # (had) time #:#.# deleted - track limits at turn # lap # #:#:#,False,False,True,False,True
4475,2025-italian-grand-prix-r,2025,Italian Grand Prix,2025-09-07 13:18:12+00:00,1092000.0,Other,CAR 43 (COL) TIME 1:24.816 DELETED - TRACK LIMITS AT TURN 5 LAP 9 15:15:41,,,,,,,11,other,car # (col) time #:#.# deleted - track limits at turn # lap # #:#:#,False,False,True,False,True
4476,2025-italian-grand-prix-r,2025,Italian Grand Prix,2025-09-07 13:25:24+00:00,1524000.0,Other,CAR 10 (GAS) TIME 1:25.448 DELETED - TRACK LIMITS AT TURN 5 LAP 15 15:24:13,,,,,,,16,other,car # (gas) time #:#.# deleted - track limits at turn # lap # #:#:#,False,False,True,False,True
4477,2025-italian-grand-prix-r,2025,Italian Grand Prix,2025-09-07 13:27:51+00:00,1671000.0,Other,TURN 4 INCIDENT INVOLVING CAR 55 (SAI) NOTED - FAILING TO FOLLOW RACE DIRECTORS INSTRUCTIONS – ESCAPE ROAD INSTRUCTIONS,,,,,,,18,investigations_noted,turn # incident involving car # (sai) noted - failing to follow race directors instructions – escape road instructions,False,False,True,False,True
4478,2025-italian-grand-prix-r,2025,Italian Grand Prix,2025-09-07 13:29:00+00:00,1740000.0,Other,CAR 55 (SAI) TIME 1:24.342 DELETED - TRACK LIMITS AT TURN 4 LAP 17 15:26:50,,,,,,,19,other,car # (sai) time #:#.# deleted - track limits at turn # lap # #:#:#,False,False,True,False,True
4479,2025-italian-grand-prix-r,2025,Italian Grand Prix,2025-09-07 13:29:59+00:00,1799000.0,Other,CAR 10 (GAS) TIME 1:24.841 DELETED - TRACK LIMITS AT TURN 7 LAP 18 15:28:43,,,,,,,19,other,car # (gas) time #:#.# deleted - track limits at turn # lap # #:#:#,False,False,True,False,True
4480,2025-italian-grand-prix-r,2025,Italian Grand Prix,2025-09-07 13:36:18+00:00,2178000.0,Other,CAR 12 (ANT) TIME 1:23.671 DELETED - TRACK LIMITS AT TURN 5 LAP 23 15:35:14,,,,,,,24,other,car # (ant) time #:#.# deleted - track limits at turn # lap # #:#:#,False,False,True,False,True
4481,2025-italian-grand-prix-r,2025,Italian Grand Prix,2025-09-07 13:36:20+00:00,2180000.0,Other,CAR 55 (SAI) TIME 1:23.827 DELETED - TRACK LIMITS AT TURN 5 LAP 23 15:35:17,,,,,,,24,other,car # (sai) time #:#.# deleted - track limits at turn # lap # #:#:#,False,False,True,False,True
4482,2025-italian-grand-prix-r,2025,Italian Grand Prix,2025-09-07 13:39:15+00:00,2355000.0,Other,FIA STEWARDS: TURN 4 INCIDENT INVOLVING CAR 55 (SAI) UNDER INVESTIGATION - FAILING TO FOLLOW RACE DIRECTORS INSTRUCTIONS – ESCAPE ROAD INSTRUCTIONS,,,,,,,26,investigations_noted,fia stewards: turn # incident involving car # (sai) under investigation - failing to follow race directors instructions – escape road instructions,False,False,True,False,True
4483,2025-italian-grand-prix-r,2025,Italian Grand Prix,2025-09-07 13:42:13+00:00,2533000.0,Other,FIA STEWARDS: REPRIMAND (DRIVING) FOR CAR 55 (SAI) - FAILING TO FOLLOW RACE DIRECTORS INSTRUCTIONS – ESCAPE ROAD INSTRUCTIONS,,,,,,,28,investigations_noted,fia stewards: reprimand (driving) for car # (sai) - failing to follow race directors instructions – escape road instructions,False,False,True,False,True
4484,2025-italian-grand-prix-r,2025,Italian Grand Prix,2025-09-07 13:43:10+00:00,2590000.0,Other,CAR 23 (ALB) TIME 1:23.723 DELETED - TRACK LIMITS AT TURN 2 LAP 27 15:40:31,,,,,,,29,other,car # (alb) time #:#.# deleted - track limits at turn # lap # #:#:#,False,False,True,False,True
4485,2025-italian-grand-prix-r,2025,Italian Grand Prix,2025-09-07 13:43:31+00:00,2611000.0,Other,CAR 12 (ANT) TIME 1:24.699 DELETED - TRACK LIMITS AT TURN 2 LAP 26 15:39:02,,,,,,,29,other,car # (ant) time #:#.# deleted - track limits at turn # lap # #:#:#,False,False,True,False,True
4486,2025-italian-grand-prix-r,2025,Italian Grand Prix,2025-09-07 13:44:27+00:00,2667000.0,Flag,BLACK AND WHITE FLAG FOR CAR 12 (ANT) - TRACK LIMITS,,BLACK AND WHITE,Driver,,12.0,ANT,30,flags,black and white flag for car # (ant) - track limits,False,False,False,True,True
4487,2025-italian-grand-prix-r,2025,Italian Grand Prix,2025-09-07 13:45:34+00:00,2734000.0,Other,CAR 22 (TSU) TIME 1:26.182 DELETED - TRACK LIMITS AT TURN 5 LAP 27 15:41:21,,,,,,,31,other,car # (tsu) time #:#.# deleted - track limits at turn # lap # #:#:#,False,False,True,False,True
4488,2025-italian-grand-prix-r,2025,Italian Grand Prix,2025-09-07 13:45:35+00:00,2735000.0,Other,CAR 30 (LAW) TIME 1:27.448 DELETED - TRACK LIMITS AT TURN 5 LAP 27 15:41:21,,,,,,,31,other,car # (law) time #:#.# deleted - track limits at turn # lap # #:#:#,False,False,True,False,True
4489,2025-italian-grand-prix-r,2025,Italian Grand Prix,2025-09-07 13:46:28+00:00,2788000.0,Other,CAR 43 (COL) TIME 1:25.753 DELETED - TRACK LIMITS AT TURN 1 LAP 30 15:44:54,,,,,,,31,other,car # (col) time #:#.# deleted - track limits at turn # lap # #:#:#,False,False,True,False,True
4490,2025-italian-grand-prix-r,2025,Italian Grand Prix,2025-09-07 13:52:19+00:00,3139000.0,Other,CAR 10 (GAS) TIME 1:24.437 DELETED - TRACK LIMITS AT TURN 5 LAP 33 15:49:26,,,,,,,36,other,car # (gas) time #:#.# deleted - track limits at turn # lap # #:#:#,False,False,True,False,True
4491,2025-italian-grand-prix-r,2025,Italian Grand Prix,2025-09-07 13:52:24+00:00,3144000.0,Flag,BLACK AND WHITE FLAG FOR CAR 10 (GAS) - TRACK LIMITS,,BLACK AND WHITE,Driver,,10.0,GAS,36,flags,black and white flag for car # (gas) - track limits,False,False,False,True,True
4492,2025-italian-grand-prix-r,2025,Italian Grand Prix,2025-09-07 13:57:54+00:00,3474000.0,Flag,WAVED BLUE FLAG FOR CAR 43 (COL) TIMED AT 15:57:53,,BLUE,Driver,,43.0,COL,40,flags,waved blue flag for car # (col) timed at #:#:#,False,False,False,True,True
4493,2025-italian-grand-prix-r,2025,Italian Grand Prix,2025-09-07 13:59:18+00:00,3558000.0,Flag,DOUBLE YELLOW IN TRACK SECTOR 7,,DOUBLE YELLOW,Sector,7.0,,,41,flags,double yellow in track sector #,False,False,True,False,True
4494,2025-italian-grand-prix-r,2025,Italian Grand Prix,2025-09-07 13:59:24+00:00,3564000.0,Flag,YELLOW IN TRACK SECTOR 6,,YELLOW,Sector,6.0,,,41,flags,yellow in track sector #,False,False,True,False,True
4495,2025-italian-grand-prix-r,2025,Italian Grand Prix,2025-09-07 13:59:28+00:00,3568000.0,Flag,CLEAR IN TRACK SECTOR 7,,CLEAR,Sector,7.0,,,41,flags,clear in track sector #,False,False,True,False,True
4496,2025-italian-grand-prix-r,2025,Italian Grand Prix,2025-09-07 13:59:30+00:00,3570000.0,Flag,CLEAR IN TRACK SECTOR 6,,CLEAR,Sector,6.0,,,41,flags,clear in track sector #,False,False,True,False,True
4497,2025-italian-grand-prix-r,2025,Italian Grand Prix,2025-09-07 14:00:33+00:00,3633000.0,Other,TURN 5 INCIDENT INVOLVING CARS 55 (SAI) AND 87 (BEA) NOTED,,,,,,,42,investigations_noted,turn # incident involving cars # (sai) and # (bea) noted,False,False,True,False,True
4498,2025-italian-grand-prix-r,2025,Italian Grand Prix,2025-09-07 14:01:49+00:00,3709000.0,Other,FIA STEWARDS: TURN 5 INCIDENT INVOLVING CARS 87 (BEA) AND 55 (SAI) UNDER INVESTIGATION - CAUSING A COLLISION,,,,,,,42,investigations_noted,fia stewards: turn # incident involving cars # (bea) and # (sai) under investigation - causing a collision,False,False,True,False,True
4499,2025-italian-grand-prix-r,2025,Italian Grand Prix,2025-09-07 14:04:25+00:00,3865000.0,Other,CAR 55 (SAI) TIME 1:29.703 DELETED - TRACK LIMITS AT TURN 5 LAP 40 15:59:16,,,,,,,44,other,car # (sai) time #:#.# deleted - track limits at turn # lap # #:#:#,False,False,True,False,True
4500,2025-italian-grand-prix-r,2025,Italian Grand Prix,2025-09-07 14:04:26+00:00,3866000.0,Other,CAR 87 (BEA) TIME 1:33.514 DELETED - TRACK LIMITS AT TURN 5 LAP 40 15:59:20,,,,,,,44,other,car # (bea) time #:#.# deleted - track limits at turn # lap # #:#:#,False,False,True,False,True
4501,2025-italian-grand-prix-r,2025,Italian Grand Prix,2025-09-07 14:06:00+00:00,3960000.0,Other,TURN 3 INCIDENT INVOLVING CARS 12 (ANT) AND 23 (ALB) NOTED - FORCING ANOTHER DRIVER OFF THE TRACK,,,,,,,46,investigations_noted,turn # incident involving cars # (ant) and # (alb) noted - forcing another driver off the track,False,False,True,False,True
4502,2025-italian-grand-prix-r,2025,Italian Grand Prix,2025-09-07 14:07:12+00:00,4032000.0,Other,FIA STEWARDS: 10 SECOND TIME PENALTY FOR CAR 87 (BEA) - CAUSING A COLLISION,,,,,,,46,penalties,fia stewards: # second time penalty for car # (bea) - causing a collision,False,False,True,False,True
4503,2025-italian-grand-prix-r,2025,Italian Grand Prix,2025-09-07 14:07:27+00:00,4047000.0,Other,FIA STEWARDS: TURN 3 INCIDENT INVOLVING CARS 12 (ANT) AND 23 (ALB) UNDER INVESTIGATION - FORCING ANOTHER DRIVER OFF THE TRACK,,,,,,,47,investigations_noted,fia stewards: turn # incident involving cars # (ant) and # (alb) under investigation - forcing another driver off the track,False,False,True,False,True
4504,2025-italian-grand-prix-r,2025,Italian Grand Prix,2025-09-07 14:10:50+00:00,4250000.0,Other,CAR 63 (RUS) TIME 1:22.496 DELETED - TRACK LIMITS AT TURN 2 LAP 48 16:09:31,,,,,,,49,other,car # (rus) time #:#.# deleted - track limits at turn # lap # #:#:#,False,False,True,False,True
4505,2025-italian-grand-prix-r,2025,Italian Grand Prix,2025-09-07 14:12:46+00:00,4366000.0,Flag,WAVED BLUE FLAG FOR CAR 43 (COL) TIMED AT 16:12:45,,BLUE,Driver,,43.0,COL,50,flags,waved blue flag for car # (col) timed at #:#:#,False,False,False,True,True
4506,2025-italian-grand-prix-r,2025,Italian Grand Prix,2025-09-07 14:15:49+00:00,4549000.0,Flag,WAVED BLUE FLAG FOR CAR 31 (OCO) TIMED AT 16:15:48,,BLUE,Driver,,31.0,OCO,53,flags,waved blue flag for car # (oco) timed at #:#:#,False,False,False,True,True
4507,2025-italian-grand-prix-r,2025,Italian Grand Prix,2025-09-07 14:16:12+00:00,4572000.0,Other,FIA STEWARDS: 5 SECOND TIME PENALTY FOR CAR 12 (ANT) - DRIVING ERRATICALLY,,,,,,,53,penalties,fia stewards: # second time penalty for car # (ant) - driving erratically,False,False,True,False,True
4508,2025-italian-grand-prix-r,2025,Italian Grand Prix,2025-09-07 14:16:59+00:00,4619000.0,Flag,CHEQUERED FLAG,,CHEQUERED,Track,,,,53,red_flag,chequered flag,False,False,True,False,True
4509,2025-italian-grand-prix-r,2025,Italian Grand Prix,2025-09-07 14:17:05+00:00,4625000.0,Other,CAR 5 (BOR) TIME 1:22.619 DELETED - TRACK LIMITS AT TURN 1 LAP 52 16:15:25,,,,,,,53,other,car # (bor) time #:#.# deleted - track limits at turn # lap # #:#:#,False,False,True,False,True
4510,2025-italian-grand-prix-r,2025,Italian Grand Prix,2025-09-07 14:17:56+00:00,4676000.0,Other,CAR 43 (COL) TIME 1:25.035 DELETED - TRACK LIMITS AT TURN 5 LAP 50 16:13:33,,,,,,,53,other,car # (col) time #:#.# deleted - track limits at turn # lap # #:#:#,False,False,True,False,True
4511,2025-italian-grand-prix-r,2025,Italian Grand Prix,2025-09-07 14:18:26+00:00,4706000.0,Other,FIA STEWARDS: PENALTY SERVED - 5 SECOND TIME PENALTY FOR CAR 31 (OCO) - FORCING ANOTHER DRIVER OFF THE TRACK,,,,,,,53,penalties,fia stewards: penalty served - # second time penalty for car # (oco) - forcing another driver off the track,False,False,True,False,True
4512,2025-italian-grand-prix-r,2025,Italian Grand Prix,2025-09-07 14:21:36+00:00,4896000.0,Other,ALL PASS HOLDERS MAY ACCESS THE PIT LANE,,,,,,,53,pit_entry_exit,all pass holders may access the pit lane,False,False,True,False,True
4442,2025-italian-grand-prix-r,2025,Italian Grand Prix,2025-09-07 12:20:01+00:00,,Flag,GREEN LIGHT - PIT EXIT OPEN,,GREEN,Track,,,,1,pit_entry_exit,green light - pit exit open,True,False,True,False,True
4443,2025-italian-grand-prix-r,2025,Italian Grand Prix,2025-09-07 12:27:55+00:00,,Other,PIT EXIT INCIDENT INVOLVING CAR 14 (ALO) NOTED - FAILING TO FOLLOW RACE DIRECTORS INSTRUCTIONS – PRACTICE START INFRINGEMENT,,,,,,,1,investigations_noted,pit exit incident involving car # (alo) noted - failing to follow race directors instructions – practice start infringement,True,False,True,False,True
4444,2025-italian-grand-prix-r,2025,Italian Grand Prix,2025-09-07 12:28:15+00:00,,Other,PIT EXIT INCIDENT INVOLVING CAR 18 (STR) NOTED - FAILING TO FOLLOW RACE DIRECTORS INSTRUCTIONS – PRACTICE START INFRINGEMENT,,,,,,,1,investigations_noted,pit exit incident involving car # (str) noted - failing to follow race directors instructions – practice start infringement,True,False,True,False,True
4445,2025-italian-grand-prix-r,2025,Italian Grand Prix,2025-09-07 12:30:01+00:00,,Other,PIT EXIT CLOSED,,,,,,,1,pit_entry_exit,pit exit closed,True,False,True,False,True
4446,2025-italian-grand-prix-r,2025,Italian Grand Prix,2025-09-07 12:30:44+00:00,,Flag,YELLOW IN TRACK SECTOR 7,,YELLOW,Sector,7.0,,,1,flags,yellow in track sector #,True,False,True,False,True
4447,2025-italian-grand-prix-r,2025,Italian Grand Prix,2025-09-07 12:31:59+00:00,,Other,FIA STEWARDS: PIT EXIT INCIDENT INVOLVING CAR 14 (ALO) WILL BE INVESTIGATED AFTER THE RACE - FAILING TO FOLLOW RACE DIRECTORS INSTRUCTIONS – PRACTICE START INFRINGEMENT,,,,,,,1,investigations_noted,fia stewards: pit exit incident involving car # (alo) will be investigated after the race - failing to follow race directors instructions – practice start infringement,True,False,True,False,True
4448,2025-italian-grand-prix-r,2025,Italian Grand Prix,2025-09-07 12:32:06+00:00,,Other,FIA STEWARDS: PIT EXIT INCIDENT INVOLVING CAR 18 (STR) WILL BE INVESTIGATED AFTER THE RACE - FAILING TO FOLLOW RACE DIRECTORS INSTRUCTIONS – PRACTICE START INFRINGEMENT,,,,,,,1,investigations_noted,fia stewards: pit exit incident involving car # (str) will be investigated after the race - failing to follow race directors instructions – practice start infringement,True,False,True,False,True
4449,2025-italian-grand-prix-r,2025,Italian Grand Prix,2025-09-07 12:32:19+00:00,,Flag,YELLOW IN TRACK SECTOR 8,,YELLOW,Sector,8.0,,,1,flags,yellow in track sector #,True,False,True,False,True
4450,2025-italian-grand-prix-r,2025,Italian Grand Prix,2025-09-07 12:32:19+00:00,,Flag,YELLOW IN TRACK SECTOR 9,,YELLOW,Sector,9.0,,,1,flags,yellow in track sector #,True,False,True,False,True
4451,2025-italian-grand-prix-r,2025,Italian Grand Prix,2025-09-07 12:32:20+00:00,,Other,DRS DISABLED IN ZONE 1,,,,,,,1,drs,drs disabled in zone #,True,False,True,False,True
4452,2025-italian-grand-prix-r,2025,Italian Grand Prix,2025-09-07 12:32:24+00:00,,Flag,YELLOW IN TRACK SECTOR 11,,YELLOW,Sector,11.0,,,1,flags,yellow in track sector #,True,False,True,False,True
4453,2025-italian-grand-prix-r,2025,Italian Grand Prix,2025-09-07 12:32:53+00:00,,Flag,YELLOW IN TRACK SECTOR 10,,YELLOW,Sector,10.0,,,1,flags,yellow in track sector #,True,False,True,False,True
4454,2025-italian-grand-prix-r,2025,Italian Grand Prix,2025-09-07 12:34:04+00:00,,Flag,CLEAR IN TRACK SECTOR 8,,CLEAR,Sector,8.0,,,1,flags,clear in track sector #,True,False,True,False,True
4455,2025-italian-grand-prix-r,2025,Italian Grand Prix,2025-09-07 12:34:04+00:00,,Flag,CLEAR IN TRACK SECTOR 9,,CLEAR,Sector,9.0,,,1,flags,clear in track sector #,True,False,True,False,True
4456,2025-italian-grand-prix-r,2025,Italian Grand Prix,2025-09-07 12:35:36+00:00,,Flag,CLEAR IN TRACK SECTOR 10,,CLEAR,Sector,10.0,,,1,flags,clear in track sector #,True,False,True,False,True
4457,2025-italian-grand-prix-r,2025,Italian Grand Prix,2025-09-07 12:35:48+00:00,,Flag,CLEAR IN TRACK SECTOR 11,,CLEAR,Sector,11.0,,,1,flags,clear in track sector #,True,False,True,False,True
4458,2025-italian-grand-prix-r,2025,Italian Grand Prix,2025-09-07 12:35:48+00:00,,Other,DRS ENABLED IN ZONE 1,,,,,,,1,drs,drs enabled in zone #,True,False,True,False,True
4459,2025-italian-grand-prix-r,2025,Italian Grand Prix,2025-09-07 12:39:08+00:00,,Flag,CLEAR IN TRACK SECTOR 7,,CLEAR,Sector,7.0,,,1,flags,clear in track sector #,True,False,True,False,True
4460,2025-italian-grand-prix-r,2025,Italian Grand Prix,2025-09-07 12:45:33+00:00,,Other,RISK OF RAIN FOR F1 RACE IS 0%,,,,,,,1,other,risk of rain for f1 race is #%,True,False,True,False,True
4461,2025-italian-grand-prix-r,2025,Italian Grand Prix,2025-09-07 12:57:04+00:00,,Drs,DRS DISABLED,DISABLED,,,,,,1,drs,drs disabled,True,False,True,False,True
4648,2025-azerbaijan-grand-prix-r,2025,Azerbaijan Grand Prix,2025-09-21 11:03:54+00:00,234000.0,Flag,GREEN LIGHT - PIT EXIT OPEN,,GREEN,Track,,,,1,pit_entry_exit,green light - pit exit open,False,False,True,False,True
4649,2025-azerbaijan-grand-prix-r,2025,Azerbaijan Grand Prix,2025-09-21 11:04:47+00:00,287000.0,Flag,YELLOW IN TRACK SECTOR 7,,YELLOW,Sector,7.0,,,1,flags,yellow in track sector #,False,False,True,False,True
4650,2025-azerbaijan-grand-prix-r,2025,Azerbaijan Grand Prix,2025-09-21 11:04:53+00:00,293000.0,Flag,DOUBLE YELLOW IN TRACK SECTOR 7,,DOUBLE YELLOW,Sector,7.0,,,1,flags,double yellow in track sector #,False,False,True,False,True
4651,2025-azerbaijan-grand-prix-r,2025,Azerbaijan Grand Prix,2025-09-21 11:05:16+00:00,316000.0,SafetyCar,SAFETY CAR DEPLOYED,DEPLOYED,,,,,,1,safety_car,safety car deployed,False,False,True,False,True
4652,2025-azerbaijan-grand-prix-r,2025,Azerbaijan Grand Prix,2025-09-21 11:05:47+00:00,347000.0,Flag,YELLOW IN TRACK SECTOR 6,,YELLOW,Sector,6.0,,,1,flags,yellow in track sector #,False,False,True,False,True
4653,2025-azerbaijan-grand-prix-r,2025,Azerbaijan Grand Prix,2025-09-21 11:05:51+00:00,351000.0,Flag,DOUBLE YELLOW IN TRACK SECTOR 7,,DOUBLE YELLOW,Sector,7.0,,,1,flags,double yellow in track sector #,False,False,True,False,True
4654,2025-azerbaijan-grand-prix-r,2025,Azerbaijan Grand Prix,2025-09-21 11:06:08+00:00,368000.0,Other,RECOVERY VEHICLE ON TRACK AT TURN 6,,,,,,,2,other,recovery vehicle on track at turn #,False,False,True,False,True
4655,2025-azerbaijan-grand-prix-r,2025,Azerbaijan Grand Prix,2025-09-21 11:10:36+00:00,636000.0,Flag,CLEAR IN TRACK SECTOR 6,,CLEAR,Sector,6.0,,,3,flags,clear in track sector #,False,False,True,False,True
4656,2025-azerbaijan-grand-prix-r,2025,Azerbaijan Grand Prix,2025-09-21 11:11:47+00:00,707000.0,Other,INCIDENT INVOLVING CAR 81 (PIA) NOTED - FALSE START - MOVING BEFORE SIGNAL,,,,,,,4,investigations_noted,incident involving car # (pia) noted - false start - moving before signal,False,False,True,False,True
4657,2025-azerbaijan-grand-prix-r,2025,Azerbaijan Grand Prix,2025-09-21 11:11:57+00:00,717000.0,Other,INCIDENT INVOLVING CAR 14 (ALO) NOTED - FALSE START - MOVING BEFORE SIGNAL,,,,,,,4,investigations_noted,incident involving car # (alo) noted - false start - moving before signal,False,False,True,False,True
4658,2025-azerbaijan-grand-prix-r,2025,Azerbaijan Grand Prix,2025-09-21 11:12:13+00:00,733000.0,Flag,CLEAR IN TRACK SECTOR 7,,CLEAR,Sector,7.0,,,4,flags,clear in track sector #,False,False,True,False,True
4659,2025-azerbaijan-grand-prix-r,2025,Azerbaijan Grand Prix,2025-09-21 11:12:23+00:00,743000.0,SafetyCar,SAFETY CAR IN THIS LAP,IN THIS LAP,,,,,,4,safety_car,safety car in this lap,False,False,True,False,True
4660,2025-azerbaijan-grand-prix-r,2025,Azerbaijan Grand Prix,2025-09-21 11:13:24+00:00,804000.0,Other,FIA STEWARDS: INCIDENT INVOLVING CAR 81 (PIA) UNDER INVESTIGATION - FALSE START - MOVING BEFORE SIGNAL,,,,,,,4,investigations_noted,fia stewards: incident involving car # (pia) under investigation - false start - moving before signal,False,False,True,False,True
4661,2025-azerbaijan-grand-prix-r,2025,Azerbaijan Grand Prix,2025-09-21 11:13:28+00:00,808000.0,Other,FIA STEWARDS: INCIDENT INVOLVING CAR 14 (ALO) UNDER INVESTIGATION - FALSE START - MOVING BEFORE SIGNAL,,,,,,,4,investigations_noted,fia stewards: incident involving car # (alo) under investigation - false start - moving before signal,False,False,True,False,True
4662,2025-azerbaijan-grand-prix-r,2025,Azerbaijan Grand Prix,2025-09-21 11:13:56+00:00,836000.0,Flag,TRACK CLEAR,,CLEAR,Track,,,,4,flags,track clear,False,False,True,False,True
4663,2025-azerbaijan-grand-prix-r,2025,Azerbaijan Grand Prix,2025-09-21 11:14:58+00:00,898000.0,Other,FIA STEWARDS: 5 SECOND TIME PENALTY FOR CAR 81 (PIA) - FALSE START - MOVING BEFORE SIGNAL,,,,,,,5,penalties,fia stewards: # second time penalty for car # (pia) - false start - moving before signal,False,False,True,False,True
4664,2025-azerbaijan-grand-prix-r,2025,Azerbaijan Grand Prix,2025-09-21 11:15:23+00:00,923000.0,Other,FIA STEWARDS: 5 SECOND TIME PENALTY FOR CAR 14 (ALO) - FALSE START - MOVING BEFORE SIGNAL,,,,,,,5,penalties,fia stewards: # second time penalty for car # (alo) - false start - moving before signal,False,False,True,False,True
4665,2025-azerbaijan-grand-prix-r,2025,Azerbaijan Grand Prix,2025-09-21 11:16:26+00:00,986000.0,Drs,DRS ENABLED,ENABLED,,,,,,6,drs,drs enabled,False,False,True,False,True
4666,2025-azerbaijan-grand-prix-r,2025,Azerbaijan Grand Prix,2025-09-21 11:16:46+00:00,1006000.0,Other,TURN 6 INCIDENT INVOLVING CARS 27 (HUL) AND 31 (OCO) NOTED - CAUSING A COLLISION,,,,,,,6,investigations_noted,turn # incident involving cars # (hul) and # (oco) noted - causing a collision,False,False,True,False,True
4667,2025-azerbaijan-grand-prix-r,2025,Azerbaijan Grand Prix,2025-09-21 11:17:31+00:00,1051000.0,Other,FIA STEWARDS: TURN 6 INCIDENT INVOLVING CARS 27 (HUL) AND 31 (OCO) REVIEWED NO FURTHER INVESTIGATION - CAUSING A COLLISION,,,,,,,6,investigations_noted,fia stewards: turn # incident involving cars # (hul) and # (oco) reviewed no further investigation - causing a collision,False,False,True,False,True
4668,2025-azerbaijan-grand-prix-r,2025,Azerbaijan Grand Prix,2025-09-21 11:19:50+00:00,1190000.0,Flag,DOUBLE YELLOW IN TRACK SECTOR 17,,DOUBLE YELLOW,Sector,17.0,,,7,flags,double yellow in track sector #,False,False,True,False,True
4669,2025-azerbaijan-grand-prix-r,2025,Azerbaijan Grand Prix,2025-09-21 11:19:52+00:00,1192000.0,Flag,CLEAR IN TRACK SECTOR 17,,CLEAR,Sector,17.0,,,7,flags,clear in track sector #,False,False,True,False,True
4670,2025-azerbaijan-grand-prix-r,2025,Azerbaijan Grand Prix,2025-09-21 11:21:51+00:00,1311000.0,Other,CAR 14 (ALO) TIME 1:48.701 DELETED - TRACK LIMITS AT TURN 16 LAP 7 15:19:49,,,,,,,9,other,car # (alo) time #:#.# deleted - track limits at turn # lap # #:#:#,False,False,True,False,True
4671,2025-azerbaijan-grand-prix-r,2025,Azerbaijan Grand Prix,2025-09-21 11:37:29+00:00,2249000.0,Flag,YELLOW IN TRACK SECTOR 7,,YELLOW,Sector,7.0,,,17,flags,yellow in track sector #,False,False,True,False,True
4672,2025-azerbaijan-grand-prix-r,2025,Azerbaijan Grand Prix,2025-09-21 11:37:30+00:00,2250000.0,Flag,DOUBLE YELLOW IN TRACK SECTOR 7,,DOUBLE YELLOW,Sector,7.0,,,17,flags,double yellow in track sector #,False,False,True,False,True
4673,2025-azerbaijan-grand-prix-r,2025,Azerbaijan Grand Prix,2025-09-21 11:37:39+00:00,2259000.0,Other,TRACK SURFACE SLIPPERY IN TRACK SECTOR 7,,,,,,,17,other,track surface slippery in track sector #,False,False,True,False,True
4674,2025-azerbaijan-grand-prix-r,2025,Azerbaijan Grand Prix,2025-09-21 11:39:30+00:00,2370000.0,Flag,DOUBLE YELLOW IN TRACK SECTOR 7,,DOUBLE YELLOW,Sector,7.0,,,19,flags,double yellow in track sector #,False,False,True,False,True
4675,2025-azerbaijan-grand-prix-r,2025,Azerbaijan Grand Prix,2025-09-21 11:39:40+00:00,2380000.0,Flag,CLEAR IN TRACK SECTOR 7,,CLEAR,Sector,7.0,,,19,flags,clear in track sector #,False,False,True,False,True
4676,2025-azerbaijan-grand-prix-r,2025,Azerbaijan Grand Prix,2025-09-21 11:40:06+00:00,2406000.0,Other,TURN 5 INCIDENT INVOLVING CARS 23 (ALB) AND 43 (COL) NOTED - CAUSING A COLLISION,,,,,,,19,investigations_noted,turn # incident involving cars # (alb) and # (col) noted - causing a collision,False,False,True,False,True
4677,2025-azerbaijan-grand-prix-r,2025,Azerbaijan Grand Prix,2025-09-21 11:40:29+00:00,2429000.0,Other,FIA STEWARDS: TURN 5 INCIDENT INVOLVING CARS 23 (ALB) AND 43 (COL) UNDER INVESTIGATION - CAUSING A COLLISION,,,,,,,19,investigations_noted,fia stewards: turn # incident involving cars # (alb) and # (col) under investigation - causing a collision,False,False,True,False,True
4678,2025-azerbaijan-grand-prix-r,2025,Azerbaijan Grand Prix,2025-09-21 11:41:00+00:00,2460000.0,Other,FIA STEWARDS: 10 SECOND TIME PENALTY FOR CAR 23 (ALB) - CAUSING A COLLISION,,,,,,,19,penalties,fia stewards: # second time penalty for car # (alb) - causing a collision,False,False,True,False,True
4679,2025-azerbaijan-grand-prix-r,2025,Azerbaijan Grand Prix,2025-09-21 11:48:32+00:00,2912000.0,Other,FIA STEWARDS: PENALTY SERVED - 5 SECOND TIME PENALTY FOR CAR 14 (ALO) - FALSE START - MOVING BEFORE SIGNAL,,,,,,,24,penalties,fia stewards: penalty served - # second time penalty for car # (alo) - false start - moving before signal,False,False,True,False,True
4680,2025-azerbaijan-grand-prix-r,2025,Azerbaijan Grand Prix,2025-09-21 11:55:57+00:00,3357000.0,Other,TRACK SURFACE SLIPPERY IN TRACK SECTOR 8,,,,,,,28,other,track surface slippery in track sector #,False,False,True,False,True
4681,2025-azerbaijan-grand-prix-r,2025,Azerbaijan Grand Prix,2025-09-21 11:56:22+00:00,3382000.0,Flag,CLEAR IN TRACK SECTOR 8,,CLEAR,Sector,8.0,,,28,flags,clear in track sector #,False,False,True,False,True
4682,2025-azerbaijan-grand-prix-r,2025,Azerbaijan Grand Prix,2025-09-21 12:32:49+00:00,5569000.0,Flag,WAVED BLUE FLAG FOR CAR 10 (GAS) TIMED AT 16:32:49,,BLUE,Driver,,10.0,GAS,49,flags,waved blue flag for car # (gas) timed at #:#:#,False,False,False,True,True
4683,2025-azerbaijan-grand-prix-r,2025,Azerbaijan Grand Prix,2025-09-21 12:33:13+00:00,5593000.0,Flag,WAVED BLUE FLAG FOR CAR 43 (COL) TIMED AT 16:33:12,,BLUE,Driver,,43.0,COL,49,flags,waved blue flag for car # (col) timed at #:#:#,False,False,False,True,True
4684,2025-azerbaijan-grand-prix-r,2025,Azerbaijan Grand Prix,2025-09-21 12:37:19+00:00,5839000.0,Flag,CHEQUERED FLAG,,CHEQUERED,Track,,,,51,red_flag,chequered flag,False,False,True,False,True
4685,2025-azerbaijan-grand-prix-r,2025,Azerbaijan Grand Prix,2025-09-21 12:40:25+00:00,6025000.0,Other,ALL PASS HOLDERS MAY ACCESS THE PIT LANE,,,,,,,51,pit_entry_exit,all pass holders may access the pit lane,False,False,True,False,True
4686,2025-azerbaijan-grand-prix-r,2025,Azerbaijan Grand Prix,2025-09-21 12:41:41+00:00,6101000.0,Flag,DOUBLE YELLOW IN TRACK SECTOR 2,,DOUBLE YELLOW,Sector,2.0,,,51,flags,double yellow in track sector #,False,False,True,False,True
4687,2025-azerbaijan-grand-prix-r,2025,Azerbaijan Grand Prix,2025-09-21 12:41:42+00:00,6102000.0,Other,DRS DISABLED IN ZONE 2,,,,,,,51,drs,drs disabled in zone #,False,False,True,False,True
4688,2025-azerbaijan-grand-prix-r,2025,Azerbaijan Grand Prix,2025-09-21 12:41:59+00:00,6119000.0,Other,DRS ENABLED IN ZONE 2,,,,,,,51,drs,drs enabled in zone #,False,False,True,False,True
4689,2025-azerbaijan-grand-prix-r,2025,Azerbaijan Grand Prix,2025-09-21 12:41:59+00:00,6119000.0,Flag,CLEAR IN TRACK SECTOR 2,,CLEAR,Sector,2.0,,,51,flags,clear in track sector #,False,False,True,False,True
4690,2025-azerbaijan-grand-prix-r,2025,Azerbaijan Grand Prix,2025-09-21 12:42:33+00:00,6153000.0,Flag,DOUBLE YELLOW IN TRACK SECTOR 7,,DOUBLE YELLOW,Sector,7.0,,,51,flags,double yellow in track sector #,False,False,True,False,True
4691,2025-azerbaijan-grand-prix-r,2025,Azerbaijan Grand Prix,2025-09-21 12:42:55+00:00,6175000.0,Flag,CLEAR IN TRACK SECTOR 7,,CLEAR,Sector,7.0,,,51,flags,clear in track sector #,False,False,True,False,True
4621,2025-azerbaijan-grand-prix-r,2025,Azerbaijan Grand Prix,2025-09-21 10:20:00+00:00,,Flag,GREEN LIGHT - PIT EXIT OPEN,,GREEN,Track,,,,1,pit_entry_exit,green light - pit exit open,True,False,True,False,True
4622,2025-azerbaijan-grand-prix-r,2025,Azerbaijan Grand Prix,2025-09-21 10:30:00+00:00,,Other,PIT EXIT CLOSED,,,,,,,1,pit_entry_exit,pit exit closed,True,False,True,False,True
4623,2025-azerbaijan-grand-prix-r,2025,Azerbaijan Grand Prix,2025-09-21 10:30:28+00:00,,Flag,DOUBLE YELLOW IN TRACK SECTOR 5,,DOUBLE YELLOW,Sector,5.0,,,1,flags,double yellow in track sector #,True,False,True,False,True
4624,2025-azerbaijan-grand-prix-r,2025,Azerbaijan Grand Prix,2025-09-21 10:30:29+00:00,,Other,DRS DISABLED IN ZONE 1,,,,,,,1,drs,drs disabled in zone #,True,False,True,False,True
4625,2025-azerbaijan-grand-prix-r,2025,Azerbaijan Grand Prix,2025-09-21 10:31:53+00:00,,Flag,DOUBLE YELLOW IN TRACK SECTOR 4,,DOUBLE YELLOW,Sector,4.0,,,1,flags,double yellow in track sector #,True,False,True,False,True
4626,2025-azerbaijan-grand-prix-r,2025,Azerbaijan Grand Prix,2025-09-21 10:32:46+00:00,,Flag,YELLOW IN TRACK SECTOR 3,,YELLOW,Sector,3.0,,,1,flags,yellow in track sector #,True,False,True,False,True
4627,2025-azerbaijan-grand-prix-r,2025,Azerbaijan Grand Prix,2025-09-21 10:33:19+00:00,,Flag,CLEAR IN TRACK SECTOR 5,,CLEAR,Sector,5.0,,,1,flags,clear in track sector #,True,False,True,False,True
4628,2025-azerbaijan-grand-prix-r,2025,Azerbaijan Grand Prix,2025-09-21 10:34:10+00:00,,Flag,DOUBLE YELLOW IN TRACK SECTOR 3,,DOUBLE YELLOW,Sector,3.0,,,1,flags,double yellow in track sector #,True,False,True,False,True
4629,2025-azerbaijan-grand-prix-r,2025,Azerbaijan Grand Prix,2025-09-21 10:36:02+00:00,,Flag,DOUBLE YELLOW IN TRACK SECTOR 21,,DOUBLE YELLOW,Sector,21.0,,,1,flags,double yellow in track sector #,True,False,True,False,True
4630,2025-azerbaijan-grand-prix-r,2025,Azerbaijan Grand Prix,2025-09-21 10:36:03+00:00,,Other,DRS DISABLED IN ZONE 2,,,,,,,1,drs,drs disabled in zone #,True,False,True,False,True
4631,2025-azerbaijan-grand-prix-r,2025,Azerbaijan Grand Prix,2025-09-21 10:36:10+00:00,,Flag,DOUBLE YELLOW IN TRACK SECTOR 18,,DOUBLE YELLOW,Sector,18.0,,,1,flags,double yellow in track sector #,True,False,True,False,True
4632,2025-azerbaijan-grand-prix-r,2025,Azerbaijan Grand Prix,2025-09-21 10:36:24+00:00,,Flag,CLEAR IN TRACK SECTOR 18,,CLEAR,Sector,18.0,,,1,flags,clear in track sector #,True,False,True,False,True
4633,2025-azerbaijan-grand-prix-r,2025,Azerbaijan Grand Prix,2025-09-21 10:37:12+00:00,,Flag,CLEAR IN TRACK SECTOR 21,,CLEAR,Sector,21.0,,,1,flags,clear in track sector #,True,False,True,False,True
4634,2025-azerbaijan-grand-prix-r,2025,Azerbaijan Grand Prix,2025-09-21 10:37:12+00:00,,Other,DRS ENABLED IN ZONE 2,,,,,,,1,drs,drs enabled in zone #,True,False,True,False,True
4635,2025-azerbaijan-grand-prix-r,2025,Azerbaijan Grand Prix,2025-09-21 10:38:16+00:00,,Flag,CLEAR IN TRACK SECTOR 4,,CLEAR,Sector,4.0,,,1,flags,clear in track sector #,True,False,True,False,True
4636,2025-azerbaijan-grand-prix-r,2025,Azerbaijan Grand Prix,2025-09-21 10:38:18+00:00,,Other,DRS ENABLED IN ZONE 1,,,,,,,1,drs,drs enabled in zone #,True,False,True,False,True
4637,2025-azerbaijan-grand-prix-r,2025,Azerbaijan Grand Prix,2025-09-21 10:38:18+00:00,,Flag,CLEAR IN TRACK SECTOR 3,,CLEAR,Sector,3.0,,,1,flags,clear in track sector #,True,False,True,False,True
4638,2025-azerbaijan-grand-prix-r,2025,Azerbaijan Grand Prix,2025-09-21 10:45:39+00:00,,Other,RISK OF RAIN FOR F1 RACE IS 10 %,,,,,,,1,other,risk of rain for f1 race is # %,True,False,True,False,True
4639,2025-azerbaijan-grand-prix-r,2025,Azerbaijan Grand Prix,2025-09-21 10:47:24+00:00,,Flag,DOUBLE YELLOW IN TRACK SECTOR 2,,DOUBLE YELLOW,Sector,2.0,,,1,flags,double yellow in track sector #,True,False,True,False,True
4640,2025-azerbaijan-grand-prix-r,2025,Azerbaijan Grand Prix,2025-09-21 10:47:26+00:00,,Other,DRS DISABLED IN ZONE 2,,,,,,,1,drs,drs disabled in zone #,True,False,True,False,True
4641,2025-azerbaijan-grand-prix-r,2025,Azerbaijan Grand Prix,2025-09-21 10:48:47+00:00,,Other,DRS ENABLED IN ZONE 2,,,,,,,1,drs,drs enabled in zone #,True,False,True,False,True
4642,2025-azerbaijan-grand-prix-r,2025,Azerbaijan Grand Prix,2025-09-21 10:48:47+00:00,,Flag,CLEAR IN TRACK SECTOR 2,,CLEAR,Sector,2.0,,,1,flags,clear in track sector #,True,False,True,False,True
4643,2025-azerbaijan-grand-prix-r,2025,Azerbaijan Grand Prix,2025-09-21 10:48:49+00:00,,Flag,DOUBLE YELLOW IN TRACK SECTOR 2,,DOUBLE YELLOW,Sector,2.0,,,1,flags,double yellow in track sector #,True,False,True,False,True
4644,2025-azerbaijan-grand-prix-r,2025,Azerbaijan Grand Prix,2025-09-21 10:48:50+00:00,,Other,DRS DISABLED IN ZONE 2,,,,,,,1,drs,drs disabled in zone #,True,False,True,False,True
4645,2025-azerbaijan-grand-prix-r,2025,Azerbaijan Grand Prix,2025-09-21 10:49:18+00:00,,Other,DRS ENABLED IN ZONE 2,,,,,,,1,drs,drs enabled in zone #,True,False,True,False,True
4646,2025-azerbaijan-grand-prix-r,2025,Azerbaijan Grand Prix,2025-09-21 10:49:18+00:00,,Flag,CLEAR IN TRACK SECTOR 2,,CLEAR,Sector,2.0,,,1,flags,clear in track sector #,True,False,True,False,True
4647,2025-azerbaijan-grand-prix-r,2025,Azerbaijan Grand Prix,2025-09-21 10:57:04+00:00,,Drs,DRS DISABLED,DISABLED,,,,,,1,drs,drs disabled,True,False,True,False,True
4710,2025-singapore-grand-prix-r,2025,Singapore Grand Prix,2025-10-05 12:03:32+00:00,212000.0,Flag,GREEN LIGHT - PIT EXIT OPEN,,GREEN,Track,,,,1,pit_entry_exit,green light - pit exit open,False,False,True,False,True
4711,2025-singapore-grand-prix-r,2025,Singapore Grand Prix,2025-10-05 12:05:16+00:00,316000.0,Drs,DRS ENABLED,ENABLED,,,,,,2,drs,drs enabled,False,False,True,False,True
4712,2025-singapore-grand-prix-r,2025,Singapore Grand Prix,2025-10-05 12:05:31+00:00,331000.0,Other,TURN 1 INCIDENT INVOLVING CARS 6 (HAD) AND 87 (BEA) NOTED - CAUSING A COLLISION,,,,,,,2,investigations_noted,turn # incident involving cars # (had) and # (bea) noted - causing a collision,False,False,True,False,True
4713,2025-singapore-grand-prix-r,2025,Singapore Grand Prix,2025-10-05 12:07:07+00:00,427000.0,Other,FIA STEWARDS: TURN 1 INCIDENT INVOLVING CARS 6 (HAD) AND 87 (BEA) REVIEWED NO FURTHER INVESTIGATION - CAUSING A COLLISION,,,,,,,3,investigations_noted,fia stewards: turn # incident involving cars # (had) and # (bea) reviewed no further investigation - causing a collision,False,False,True,False,True
4714,2025-singapore-grand-prix-r,2025,Singapore Grand Prix,2025-10-05 12:07:17+00:00,437000.0,Other,LAP 1 TURN 3 INCIDENT INVOLVING CARS 4 (NOR) AND 81 (PIA) NOTED - CAUSING A COLLISION,,,,,,,3,investigations_noted,lap # turn # incident involving cars # (nor) and # (pia) noted - causing a collision,False,False,True,False,True
4715,2025-singapore-grand-prix-r,2025,Singapore Grand Prix,2025-10-05 12:08:58+00:00,538000.0,Other,FIA STEWARDS: LAP 1 TURN 3 INCIDENT INVOLVING CARS 4 (NOR) AND 81 (PIA) REVIEWED NO FURTHER INVESTIGATION - CAUSING A COLLISION,,,,,,,4,investigations_noted,fia stewards: lap # turn # incident involving cars # (nor) and # (pia) reviewed no further investigation - causing a collision,False,False,True,False,True
4716,2025-singapore-grand-prix-r,2025,Singapore Grand Prix,2025-10-05 12:12:16+00:00,736000.0,Other,CAR 12 (ANT) TIME 1:38.206 DELETED - TRACK LIMITS AT TURN 2 LAP 4 20:08:48,,,,,,,6,other,car # (ant) time #:#.# deleted - track limits at turn # lap # #:#:#,False,False,True,False,True
4717,2025-singapore-grand-prix-r,2025,Singapore Grand Prix,2025-10-05 12:14:39+00:00,879000.0,Flag,DOUBLE YELLOW IN TRACK SECTOR 5,,DOUBLE YELLOW,Sector,5.0,,,7,flags,double yellow in track sector #,False,False,True,False,True
4718,2025-singapore-grand-prix-r,2025,Singapore Grand Prix,2025-10-05 12:14:40+00:00,880000.0,Other,DRS DISABLED IN ZONE 1,,,,,,,7,drs,drs disabled in zone #,False,False,True,False,True
4719,2025-singapore-grand-prix-r,2025,Singapore Grand Prix,2025-10-05 12:14:56+00:00,896000.0,Flag,CLEAR IN TRACK SECTOR 5,,CLEAR,Sector,5.0,,,7,flags,clear in track sector #,False,False,True,False,True
4720,2025-singapore-grand-prix-r,2025,Singapore Grand Prix,2025-10-05 12:14:57+00:00,897000.0,Other,DRS ENABLED IN ZONE 1,,,,,,,7,drs,drs enabled in zone #,False,False,True,False,True
4721,2025-singapore-grand-prix-r,2025,Singapore Grand Prix,2025-10-05 12:28:23+00:00,1703000.0,Other,CAR 87 (BEA) TIME 1:38.526 DELETED - TRACK LIMITS AT TURN 19 LAP 14 20:26:48,,,,,,,16,other,car # (bea) time #:#.# deleted - track limits at turn # lap # #:#:#,False,False,True,False,True
4722,2025-singapore-grand-prix-r,2025,Singapore Grand Prix,2025-10-05 13:04:13+00:00,3853000.0,Other,CAR 1 (VER) TIME 1:36.420 DELETED - TRACK LIMITS AT TURN 2 LAP 37 21:02:16,,,,,,,38,other,car # (ver) time #:#.# deleted - track limits at turn # lap # #:#:#,False,False,True,False,True
4723,2025-singapore-grand-prix-r,2025,Singapore Grand Prix,2025-10-05 13:05:29+00:00,3929000.0,Other,CAR 1 (VER) TIME 1:36.064 DELETED - TRACK LIMITS AT TURN 2 LAP 38 21:03:52,,,,,,,39,other,car # (ver) time #:#.# deleted - track limits at turn # lap # #:#:#,False,False,True,False,True
4724,2025-singapore-grand-prix-r,2025,Singapore Grand Prix,2025-10-05 13:10:11+00:00,4211000.0,Flag,WAVED BLUE FLAG FOR CAR 18 (STR) TIMED AT 21:10:11,,BLUE,Driver,,18.0,STR,42,flags,waved blue flag for car # (str) timed at #:#:#,False,False,False,True,True
4725,2025-singapore-grand-prix-r,2025,Singapore Grand Prix,2025-10-05 13:10:34+00:00,4234000.0,Flag,WAVED BLUE FLAG FOR CAR 18 (STR) TIMED AT 21:10:33,,BLUE,Driver,,18.0,STR,42,flags,waved blue flag for car # (str) timed at #:#:#,False,False,False,True,True
4726,2025-singapore-grand-prix-r,2025,Singapore Grand Prix,2025-10-05 13:13:14+00:00,4394000.0,Other,CAR 23 (ALB) LAP DELETED - TRACK LIMITS AT TURN 7 LAP 42 21:11:58 (PIT),,,,,,,43,other,car # (alb) lap deleted - track limits at turn # lap # #:#:# (pit),False,False,True,False,True
4727,2025-singapore-grand-prix-r,2025,Singapore Grand Prix,2025-10-05 13:13:40+00:00,4420000.0,Flag,WAVED BLUE FLAG FOR CAR 23 (ALB) TIMED AT 21:13:39,,BLUE,Driver,,23.0,ALB,44,flags,waved blue flag for car # (alb) timed at #:#:#,False,False,False,True,True
4728,2025-singapore-grand-prix-r,2025,Singapore Grand Prix,2025-10-05 13:14:19+00:00,4459000.0,Flag,WAVED BLUE FLAG FOR CAR 31 (OCO) TIMED AT 21:14:18,,BLUE,Driver,,31.0,OCO,44,flags,waved blue flag for car # (oco) timed at #:#:#,False,False,False,True,True
4729,2025-singapore-grand-prix-r,2025,Singapore Grand Prix,2025-10-05 13:15:06+00:00,4506000.0,Other,CAR 43 (COL) TIME 1:41.546 DELETED - TRACK LIMITS AT TURN 7 LAP 42 21:12:07,,,,,,,45,other,car # (col) time #:#.# deleted - track limits at turn # lap # #:#:#,False,False,True,False,True
4730,2025-singapore-grand-prix-r,2025,Singapore Grand Prix,2025-10-05 13:15:09+00:00,4509000.0,Other,TURN 8 INCIDENT INVOLVING CARS 27 (HUL) AND 43 (COL) NOTED,,,,,,,45,investigations_noted,turn # incident involving cars # (hul) and # (col) noted,False,False,True,False,True
4731,2025-singapore-grand-prix-r,2025,Singapore Grand Prix,2025-10-05 13:15:19+00:00,4519000.0,Flag,WAVED BLUE FLAG FOR CAR 10 (GAS) TIMED AT 21:15:18,,BLUE,Driver,,10.0,GAS,45,flags,waved blue flag for car # (gas) timed at #:#:#,False,False,False,True,True
4732,2025-singapore-grand-prix-r,2025,Singapore Grand Prix,2025-10-05 13:15:28+00:00,4528000.0,Flag,YELLOW IN TRACK SECTOR 6,,YELLOW,Sector,6.0,,,45,flags,yellow in track sector #,False,False,True,False,True
4733,2025-singapore-grand-prix-r,2025,Singapore Grand Prix,2025-10-05 13:15:29+00:00,4529000.0,Other,DRS DISABLED IN ZONE 1,,,,,,,45,drs,drs disabled in zone #,False,False,True,False,True
4734,2025-singapore-grand-prix-r,2025,Singapore Grand Prix,2025-10-05 13:15:32+00:00,4532000.0,Flag,WAVED BLUE FLAG FOR CAR 10 (GAS) TIMED AT 21:15:32,,BLUE,Driver,,10.0,GAS,45,flags,waved blue flag for car # (gas) timed at #:#:#,False,False,False,True,True
4735,2025-singapore-grand-prix-r,2025,Singapore Grand Prix,2025-10-05 13:15:38+00:00,4538000.0,Other,DRS ENABLED IN ZONE 1,,,,,,,45,drs,drs enabled in zone #,False,False,True,False,True
4736,2025-singapore-grand-prix-r,2025,Singapore Grand Prix,2025-10-05 13:15:38+00:00,4538000.0,Flag,CLEAR IN TRACK SECTOR 6,,CLEAR,Sector,6.0,,,45,flags,clear in track sector #,False,False,True,False,True
4737,2025-singapore-grand-prix-r,2025,Singapore Grand Prix,2025-10-05 13:15:58+00:00,4558000.0,Flag,WAVED BLUE FLAG FOR CAR 27 (HUL) TIMED AT 21:15:58,,BLUE,Driver,,27.0,HUL,45,flags,waved blue flag for car # (hul) timed at #:#:#,False,False,False,True,True
4738,2025-singapore-grand-prix-r,2025,Singapore Grand Prix,2025-10-05 13:16:05+00:00,4565000.0,Flag,WAVED BLUE FLAG FOR CAR 18 (STR) TIMED AT 21:16:04,,BLUE,Driver,,18.0,STR,45,flags,waved blue flag for car # (str) timed at #:#:#,False,False,False,True,True
4739,2025-singapore-grand-prix-r,2025,Singapore Grand Prix,2025-10-05 13:16:22+00:00,4582000.0,Flag,WAVED BLUE FLAG FOR CAR 5 (BOR) TIMED AT 21:16:22,,BLUE,Driver,,5.0,BOR,45,flags,waved blue flag for car # (bor) timed at #:#:#,False,False,False,True,True
4740,2025-singapore-grand-prix-r,2025,Singapore Grand Prix,2025-10-05 13:16:26+00:00,4586000.0,Flag,WAVED BLUE FLAG FOR CAR 18 (STR) TIMED AT 21:16:25,,BLUE,Driver,,18.0,STR,45,flags,waved blue flag for car # (str) timed at #:#:#,False,False,False,True,True
4741,2025-singapore-grand-prix-r,2025,Singapore Grand Prix,2025-10-05 13:16:57+00:00,4617000.0,Other,CAR 27 (HUL) LAP DELETED - TRACK LIMITS AT TURN 7 LAP 44 21:15:26 (PIT),,,,,,,46,other,car # (hul) lap deleted - track limits at turn # lap # #:#:# (pit),False,False,True,False,True
4742,2025-singapore-grand-prix-r,2025,Singapore Grand Prix,2025-10-05 13:18:18+00:00,4698000.0,Other,CAR 55 (SAI) TIME 1:38.539 DELETED - TRACK LIMITS AT TURN 17 LAP 43 21:14:27,,,,,,,47,other,car # (sai) time #:#.# deleted - track limits at turn # lap # #:#:#,False,False,True,False,True
4743,2025-singapore-grand-prix-r,2025,Singapore Grand Prix,2025-10-05 13:18:21+00:00,4701000.0,Other,CAR 87 (BEA) TIME 1:39.621 DELETED - TRACK LIMITS AT TURN 2 LAP 44 21:14:44,,,,,,,47,other,car # (bea) time #:#.# deleted - track limits at turn # lap # #:#:#,False,False,True,False,True
4744,2025-singapore-grand-prix-r,2025,Singapore Grand Prix,2025-10-05 13:18:22+00:00,4702000.0,Flag,WAVED BLUE FLAG FOR CAR 31 (OCO) TIMED AT 21:18:21,,BLUE,Driver,,31.0,OCO,47,flags,waved blue flag for car # (oco) timed at #:#:#,False,False,False,True,True
4745,2025-singapore-grand-prix-r,2025,Singapore Grand Prix,2025-10-05 13:18:26+00:00,4706000.0,Flag,WAVED BLUE FLAG FOR CAR 43 (COL) TIMED AT 21:18:26,,BLUE,Driver,,43.0,COL,47,flags,waved blue flag for car # (col) timed at #:#:#,False,False,False,True,True
4746,2025-singapore-grand-prix-r,2025,Singapore Grand Prix,2025-10-05 13:18:31+00:00,4711000.0,Flag,WAVED BLUE FLAG FOR CAR 31 (OCO) TIMED AT 21:18:30,,BLUE,Driver,,31.0,OCO,47,flags,waved blue flag for car # (oco) timed at #:#:#,False,False,False,True,True
4747,2025-singapore-grand-prix-r,2025,Singapore Grand Prix,2025-10-05 13:18:34+00:00,4714000.0,Other,CAR 27 (HUL) LAP DELETED - TRACK LIMITS AT TURN 11 LAP 44 21:16:08 (PIT),,,,,,,47,other,car # (hul) lap deleted - track limits at turn # lap # #:#:# (pit),False,False,True,False,True
4748,2025-singapore-grand-prix-r,2025,Singapore Grand Prix,2025-10-05 13:18:37+00:00,4717000.0,Flag,WAVED BLUE FLAG FOR CAR 31 (OCO) TIMED AT 21:18:37,,BLUE,Driver,,31.0,OCO,47,flags,waved blue flag for car # (oco) timed at #:#:#,False,False,False,True,True
4749,2025-singapore-grand-prix-r,2025,Singapore Grand Prix,2025-10-05 13:18:45+00:00,4725000.0,Flag,WAVED BLUE FLAG FOR CAR 31 (OCO) TIMED AT 21:18:45,,BLUE,Driver,,31.0,OCO,47,flags,waved blue flag for car # (oco) timed at #:#:#,False,False,False,True,True
4750,2025-singapore-grand-prix-r,2025,Singapore Grand Prix,2025-10-05 13:19:07+00:00,4747000.0,Flag,WAVED BLUE FLAG FOR CAR 27 (HUL) TIMED AT 21:19:07,,BLUE,Driver,,27.0,HUL,47,flags,waved blue flag for car # (hul) timed at #:#:#,False,False,False,True,True
4751,2025-singapore-grand-prix-r,2025,Singapore Grand Prix,2025-10-05 13:19:15+00:00,4755000.0,Flag,WAVED BLUE FLAG FOR CAR 10 (GAS) TIMED AT 21:19:14,,BLUE,Driver,,10.0,GAS,47,flags,waved blue flag for car # (gas) timed at #:#:#,False,False,False,True,True
4752,2025-singapore-grand-prix-r,2025,Singapore Grand Prix,2025-10-05 13:19:58+00:00,4798000.0,Flag,WAVED BLUE FLAG FOR CAR 18 (STR) TIMED AT 21:19:57,,BLUE,Driver,,18.0,STR,48,flags,waved blue flag for car # (str) timed at #:#:#,False,False,False,True,True
4753,2025-singapore-grand-prix-r,2025,Singapore Grand Prix,2025-10-05 13:20:09+00:00,4809000.0,Flag,WAVED BLUE FLAG FOR CAR 10 (GAS) TIMED AT 21:20:08,,BLUE,Driver,,10.0,GAS,48,flags,waved blue flag for car # (gas) timed at #:#:#,False,False,False,True,True
4754,2025-singapore-grand-prix-r,2025,Singapore Grand Prix,2025-10-05 13:20:33+00:00,4833000.0,Flag,WAVED BLUE FLAG FOR CAR 18 (STR) TIMED AT 21:20:32,,BLUE,Driver,,18.0,STR,48,flags,waved blue flag for car # (str) timed at #:#:#,False,False,False,True,True
4755,2025-singapore-grand-prix-r,2025,Singapore Grand Prix,2025-10-05 13:20:47+00:00,4847000.0,Flag,WAVED BLUE FLAG FOR CAR 5 (BOR) TIMED AT 21:20:47,,BLUE,Driver,,5.0,BOR,48,flags,waved blue flag for car # (bor) timed at #:#:#,False,False,False,True,True
4756,2025-singapore-grand-prix-r,2025,Singapore Grand Prix,2025-10-05 13:21:04+00:00,4864000.0,Flag,WAVED BLUE FLAG FOR CAR 5 (BOR) TIMED AT 21:21:03,,BLUE,Driver,,5.0,BOR,48,flags,waved blue flag for car # (bor) timed at #:#:#,False,False,False,True,True
4757,2025-singapore-grand-prix-r,2025,Singapore Grand Prix,2025-10-05 13:21:18+00:00,4878000.0,Flag,WAVED BLUE FLAG FOR CAR 43 (COL) TIMED AT 21:21:18,,BLUE,Driver,,43.0,COL,48,flags,waved blue flag for car # (col) timed at #:#:#,False,False,False,True,True
4758,2025-singapore-grand-prix-r,2025,Singapore Grand Prix,2025-10-05 13:21:23+00:00,4883000.0,Other,FIA STEWARDS: TURN 8 INCIDENT INVOLVING CARS 27 (HUL) AND 43 (COL) REVIEWED NO FURTHER INVESTIGATION,,,,,,,48,investigations_noted,fia stewards: turn # incident involving cars # (hul) and # (col) reviewed no further investigation,False,False,True,False,True
4759,2025-singapore-grand-prix-r,2025,Singapore Grand Prix,2025-10-05 13:21:48+00:00,4908000.0,Flag,WAVED BLUE FLAG FOR CAR 43 (COL) TIMED AT 21:21:48,,BLUE,Driver,,43.0,COL,49,flags,waved blue flag for car # (col) timed at #:#:#,False,False,False,True,True
4760,2025-singapore-grand-prix-r,2025,Singapore Grand Prix,2025-10-05 13:22:21+00:00,4941000.0,Flag,WAVED BLUE FLAG FOR CAR 31 (OCO) TIMED AT 21:22:20,,BLUE,Driver,,31.0,OCO,49,flags,waved blue flag for car # (oco) timed at #:#:#,False,False,False,True,True
4761,2025-singapore-grand-prix-r,2025,Singapore Grand Prix,2025-10-05 13:22:45+00:00,4965000.0,Flag,WAVED BLUE FLAG FOR CAR 10 (GAS) TIMED AT 21:22:45,,BLUE,Driver,,10.0,GAS,49,flags,waved blue flag for car # (gas) timed at #:#:#,False,False,False,True,True
4762,2025-singapore-grand-prix-r,2025,Singapore Grand Prix,2025-10-05 13:23:30+00:00,5010000.0,Flag,WAVED BLUE FLAG FOR CAR 5 (BOR) TIMED AT 21:23:29,,BLUE,Driver,,5.0,BOR,50,flags,waved blue flag for car # (bor) timed at #:#:#,False,False,False,True,True
4763,2025-singapore-grand-prix-r,2025,Singapore Grand Prix,2025-10-05 13:23:47+00:00,5027000.0,Flag,WAVED BLUE FLAG FOR CAR 5 (BOR) TIMED AT 21:23:47,,BLUE,Driver,,5.0,BOR,50,flags,waved blue flag for car # (bor) timed at #:#:#,False,False,False,True,True
4764,2025-singapore-grand-prix-r,2025,Singapore Grand Prix,2025-10-05 13:24:18+00:00,5058000.0,Other,CAR 23 (ALB) TIME 1:39.502 DELETED - TRACK LIMITS AT TURN 2 LAP 48 21:21:45,,,,,,,50,other,car # (alb) time #:#.# deleted - track limits at turn # lap # #:#:#,False,False,True,False,True
4765,2025-singapore-grand-prix-r,2025,Singapore Grand Prix,2025-10-05 13:24:23+00:00,5063000.0,Other,CAR 12 (ANT) TIME 1:37.413 DELETED - TRACK LIMITS AT TURN 2 LAP 49 21:21:56,,,,,,,50,other,car # (ant) time #:#.# deleted - track limits at turn # lap # #:#:#,False,False,True,False,True
4766,2025-singapore-grand-prix-r,2025,Singapore Grand Prix,2025-10-05 13:24:38+00:00,5078000.0,Flag,WAVED BLUE FLAG FOR CAR 43 (COL) TIMED AT 21:24:37,,BLUE,Driver,,43.0,COL,51,flags,waved blue flag for car # (col) timed at #:#:#,False,False,False,True,True
4767,2025-singapore-grand-prix-r,2025,Singapore Grand Prix,2025-10-05 13:25:36+00:00,5136000.0,Flag,WAVED BLUE FLAG FOR CAR 22 (TSU) TIMED AT 21:25:35,,BLUE,Driver,,22.0,TSU,51,flags,waved blue flag for car # (tsu) timed at #:#:#,False,False,False,True,True
4768,2025-singapore-grand-prix-r,2025,Singapore Grand Prix,2025-10-05 13:26:20+00:00,5180000.0,Flag,WAVED BLUE FLAG FOR CAR 6 (HAD) TIMED AT 21:26:20,,BLUE,Driver,,6.0,HAD,52,flags,waved blue flag for car # (had) timed at #:#:#,False,False,False,True,True
4769,2025-singapore-grand-prix-r,2025,Singapore Grand Prix,2025-10-05 13:26:29+00:00,5189000.0,Flag,WAVED BLUE FLAG FOR CAR 6 (HAD) TIMED AT 21:26:29,,BLUE,Driver,,6.0,HAD,52,flags,waved blue flag for car # (had) timed at #:#:#,False,False,False,True,True
4770,2025-singapore-grand-prix-r,2025,Singapore Grand Prix,2025-10-05 13:27:05+00:00,5225000.0,Other,CAR 31 (OCO) TIME 1:40.651 DELETED - TRACK LIMITS AT TURN 19 LAP 50 21:26:31,,,,,,,52,other,car # (oco) time #:#.# deleted - track limits at turn # lap # #:#:#,False,False,True,False,True
4771,2025-singapore-grand-prix-r,2025,Singapore Grand Prix,2025-10-05 13:28:10+00:00,5290000.0,Flag,WAVED BLUE FLAG FOR CAR 10 (GAS) TIMED AT 21:28:09,,BLUE,Driver,,10.0,GAS,53,flags,waved blue flag for car # (gas) timed at #:#:#,False,False,False,True,True
4772,2025-singapore-grand-prix-r,2025,Singapore Grand Prix,2025-10-05 13:28:25+00:00,5305000.0,Other,CAR 31 (OCO) TIME 1:40.340 DELETED - TRACK LIMITS AT TURN 2 LAP 51 21:26:40,,,,,,,53,other,car # (oco) time #:#.# deleted - track limits at turn # lap # #:#:#,False,False,True,False,True
4773,2025-singapore-grand-prix-r,2025,Singapore Grand Prix,2025-10-05 13:29:17+00:00,5357000.0,Flag,WAVED BLUE FLAG FOR CAR 22 (TSU) TIMED AT 21:29:17,,BLUE,Driver,,22.0,TSU,53,flags,waved blue flag for car # (tsu) timed at #:#:#,False,False,False,True,True
4774,2025-singapore-grand-prix-r,2025,Singapore Grand Prix,2025-10-05 13:30:36+00:00,5436000.0,Flag,WAVED BLUE FLAG FOR CAR 22 (TSU) TIMED AT 21:30:35,,BLUE,Driver,,22.0,TSU,54,flags,waved blue flag for car # (tsu) timed at #:#:#,False,False,False,True,True
4775,2025-singapore-grand-prix-r,2025,Singapore Grand Prix,2025-10-05 13:31:19+00:00,5479000.0,Flag,WAVED BLUE FLAG FOR CAR 31 (OCO) TIMED AT 21:31:19,,BLUE,Driver,,31.0,OCO,55,flags,waved blue flag for car # (oco) timed at #:#:#,False,False,False,True,True
4776,2025-singapore-grand-prix-r,2025,Singapore Grand Prix,2025-10-05 13:31:38+00:00,5498000.0,Flag,WAVED BLUE FLAG FOR CAR 31 (OCO) TIMED AT 21:31:37,,BLUE,Driver,,31.0,OCO,55,flags,waved blue flag for car # (oco) timed at #:#:#,False,False,False,True,True
4777,2025-singapore-grand-prix-r,2025,Singapore Grand Prix,2025-10-05 13:31:47+00:00,5507000.0,Flag,WAVED BLUE FLAG FOR CAR 31 (OCO) TIMED AT 21:31:46,,BLUE,Driver,,31.0,OCO,55,flags,waved blue flag for car # (oco) timed at #:#:#,False,False,False,True,True
4778,2025-singapore-grand-prix-r,2025,Singapore Grand Prix,2025-10-05 13:32:08+00:00,5528000.0,Flag,WAVED BLUE FLAG FOR CAR 31 (OCO) TIMED AT 21:32:08,,BLUE,Driver,,31.0,OCO,55,flags,waved blue flag for car # (oco) timed at #:#:#,False,False,False,True,True
4779,2025-singapore-grand-prix-r,2025,Singapore Grand Prix,2025-10-05 13:32:25+00:00,5545000.0,Flag,WAVED BLUE FLAG FOR CAR 31 (OCO) TIMED AT 21:32:24,,BLUE,Driver,,31.0,OCO,55,flags,waved blue flag for car # (oco) timed at #:#:#,False,False,False,True,True
4780,2025-singapore-grand-prix-r,2025,Singapore Grand Prix,2025-10-05 13:32:30+00:00,5550000.0,Other,CAR 10 (GAS) TIME 1:41.305 DELETED - TRACK LIMITS AT TURN 18 LAP 50 21:26:29,,,,,,,55,other,car # (gas) time #:#.# deleted - track limits at turn # lap # #:#:#,False,False,True,False,True
4781,2025-singapore-grand-prix-r,2025,Singapore Grand Prix,2025-10-05 13:33:07+00:00,5587000.0,Other,CAR 4 (NOR) TIME 1:36.390 DELETED - TRACK LIMITS AT TURN 2 LAP 55 21:31:18,,,,,,,56,other,car # (nor) time #:#.# deleted - track limits at turn # lap # #:#:#,False,False,True,False,True
4782,2025-singapore-grand-prix-r,2025,Singapore Grand Prix,2025-10-05 13:33:14+00:00,5594000.0,Flag,WAVED BLUE FLAG FOR CAR 5 (BOR) TIMED AT 21:33:14,,BLUE,Driver,,5.0,BOR,56,flags,waved blue flag for car # (bor) timed at #:#:#,False,False,False,True,True
4783,2025-singapore-grand-prix-r,2025,Singapore Grand Prix,2025-10-05 13:33:21+00:00,5601000.0,Flag,WAVED BLUE FLAG FOR CAR 6 (HAD) TIMED AT 21:33:21,,BLUE,Driver,,6.0,HAD,56,flags,waved blue flag for car # (had) timed at #:#:#,False,False,False,True,True
4784,2025-singapore-grand-prix-r,2025,Singapore Grand Prix,2025-10-05 13:33:23+00:00,5603000.0,Flag,WAVED BLUE FLAG FOR CAR 5 (BOR) TIMED AT 21:33:23,,BLUE,Driver,,5.0,BOR,56,flags,waved blue flag for car # (bor) timed at #:#:#,False,False,False,True,True
4785,2025-singapore-grand-prix-r,2025,Singapore Grand Prix,2025-10-05 13:33:36+00:00,5616000.0,Flag,WAVED BLUE FLAG FOR CAR 6 (HAD) TIMED AT 21:33:35,,BLUE,Driver,,6.0,HAD,56,flags,waved blue flag for car # (had) timed at #:#:#,False,False,False,True,True
4786,2025-singapore-grand-prix-r,2025,Singapore Grand Prix,2025-10-05 13:33:57+00:00,5637000.0,Flag,WAVED BLUE FLAG FOR CAR 6 (HAD) TIMED AT 21:33:56,,BLUE,Driver,,6.0,HAD,56,flags,waved blue flag for car # (had) timed at #:#:#,False,False,False,True,True
4787,2025-singapore-grand-prix-r,2025,Singapore Grand Prix,2025-10-05 13:34:10+00:00,5650000.0,Flag,WAVED BLUE FLAG FOR CAR 5 (BOR) TIMED AT 21:34:09,,BLUE,Driver,,5.0,BOR,56,flags,waved blue flag for car # (bor) timed at #:#:#,False,False,False,True,True
4788,2025-singapore-grand-prix-r,2025,Singapore Grand Prix,2025-10-05 13:34:32+00:00,5672000.0,Flag,WAVED BLUE FLAG FOR CAR 6 (HAD) TIMED AT 21:34:32,,BLUE,Driver,,6.0,HAD,57,flags,waved blue flag for car # (had) timed at #:#:#,False,False,False,True,True
4789,2025-singapore-grand-prix-r,2025,Singapore Grand Prix,2025-10-05 13:34:44+00:00,5684000.0,Flag,WAVED BLUE FLAG FOR CAR 5 (BOR) TIMED AT 21:34:43,,BLUE,Driver,,5.0,BOR,57,flags,waved blue flag for car # (bor) timed at #:#:#,False,False,False,True,True
4790,2025-singapore-grand-prix-r,2025,Singapore Grand Prix,2025-10-05 13:34:44+00:00,5684000.0,Flag,WAVED BLUE FLAG FOR CAR 6 (HAD) TIMED AT 21:34:43,,BLUE,Driver,,6.0,HAD,57,flags,waved blue flag for car # (had) timed at #:#:#,False,False,False,True,True
4791,2025-singapore-grand-prix-r,2025,Singapore Grand Prix,2025-10-05 13:35:58+00:00,5758000.0,Other,TURN 7 INCIDENT INVOLVING CAR 18 (STR) NOTED - LEAVING THE TRACK AND GAINING AN ADVANTAGE,,,,,,,58,investigations_noted,turn # incident involving car # (str) noted - leaving the track and gaining an advantage,False,False,True,False,True
4792,2025-singapore-grand-prix-r,2025,Singapore Grand Prix,2025-10-05 13:36:31+00:00,5791000.0,Other,CAR 18 (STR) TIME 1:37.937 DELETED - TRACK LIMITS AT TURN 7 LAP 55 21:33:36,,,,,,,58,other,car # (str) time #:#.# deleted - track limits at turn # lap # #:#:#,False,False,True,False,True
4793,2025-singapore-grand-prix-r,2025,Singapore Grand Prix,2025-10-05 13:37:29+00:00,5849000.0,Other,CAR 87 (BEA) TIME 1:36.262 DELETED - TRACK LIMITS AT TURN 2 LAP 57 21:35:57,,,,,,,59,other,car # (bea) time #:#.# deleted - track limits at turn # lap # #:#:#,False,False,True,False,True
4794,2025-singapore-grand-prix-r,2025,Singapore Grand Prix,2025-10-05 13:37:33+00:00,5853000.0,Flag,BLACK AND WHITE FLAG FOR CAR 87 (BEA) - TRACK LIMITS,,BLACK AND WHITE,Driver,,87.0,BEA,59,flags,black and white flag for car # (bea) - track limits,False,False,False,True,True
4795,2025-singapore-grand-prix-r,2025,Singapore Grand Prix,2025-10-05 13:38:19+00:00,5899000.0,Flag,WAVED BLUE FLAG FOR CAR 30 (LAW) TIMED AT 21:38:19,,BLUE,Driver,,30.0,LAW,59,flags,waved blue flag for car # (law) timed at #:#:#,False,False,False,True,True
4796,2025-singapore-grand-prix-r,2025,Singapore Grand Prix,2025-10-05 13:38:39+00:00,5919000.0,Flag,WAVED BLUE FLAG FOR CAR 43 (COL) TIMED AT 21:38:39,,BLUE,Driver,,43.0,COL,59,flags,waved blue flag for car # (col) timed at #:#:#,False,False,False,True,True
4797,2025-singapore-grand-prix-r,2025,Singapore Grand Prix,2025-10-05 13:41:23+00:00,6083000.0,Flag,WAVED BLUE FLAG FOR CAR 43 (COL) TIMED AT 21:41:22,,BLUE,Driver,,43.0,COL,61,flags,waved blue flag for car # (col) timed at #:#:#,False,False,False,True,True
4798,2025-singapore-grand-prix-r,2025,Singapore Grand Prix,2025-10-05 13:41:44+00:00,6104000.0,Other,FIA STEWARDS: TURN 7 INCIDENT INVOLVING CAR 18 (STR) REVIEWED NO FURTHER INVESTIGATION - LEAVING THE TRACK AND GAINING AN ADVANTAGE,,,,,,,61,investigations_noted,fia stewards: turn # incident involving car # (str) reviewed no further investigation - leaving the track and gaining an advantage,False,False,True,False,True
4799,2025-singapore-grand-prix-r,2025,Singapore Grand Prix,2025-10-05 13:41:50+00:00,6110000.0,Flag,WAVED BLUE FLAG FOR CAR 27 (HUL) TIMED AT 21:41:49,,BLUE,Driver,,27.0,HUL,61,flags,waved blue flag for car # (hul) timed at #:#:#,False,False,False,True,True
4800,2025-singapore-grand-prix-r,2025,Singapore Grand Prix,2025-10-05 13:43:05+00:00,6185000.0,Other,CAR 43 (COL) TIME 1:40.213 DELETED - TRACK LIMITS AT TURN 2 LAP 60 21:41:28,,,,,,,62,other,car # (col) time #:#.# deleted - track limits at turn # lap # #:#:#,False,False,True,False,True
4801,2025-singapore-grand-prix-r,2025,Singapore Grand Prix,2025-10-05 13:43:08+00:00,6188000.0,Other,CAR 16 (LEC) TIME 1:41.327 DELETED - TRACK LIMITS AT TURN 2 LAP 61 21:41:27,,,,,,,62,other,car # (lec) time #:#.# deleted - track limits at turn # lap # #:#:#,False,False,True,False,True
4802,2025-singapore-grand-prix-r,2025,Singapore Grand Prix,2025-10-05 13:43:28+00:00,6208000.0,Other,CAR 44 (HAM) TIME 1:40.466 DELETED - TRACK LIMITS AT TURN 2 LAP 60 21:41:28,,,,,,,62,other,car # (ham) time #:#.# deleted - track limits at turn # lap # #:#:#,False,False,True,False,True
4803,2025-singapore-grand-prix-r,2025,Singapore Grand Prix,2025-10-05 13:43:54+00:00,6234000.0,Flag,CHEQUERED FLAG,,CHEQUERED,Track,,,,62,red_flag,chequered flag,False,False,True,False,True
4804,2025-singapore-grand-prix-r,2025,Singapore Grand Prix,2025-10-05 13:43:58+00:00,6238000.0,Other,CAR 44 (HAM) TIME 2:08.668 DELETED - TRACK LIMITS AT TURN 5 LAP 61 21:41:41,,,,,,,62,other,car # (ham) time #:#.# deleted - track limits at turn # lap # #:#:#,False,False,True,False,True
4805,2025-singapore-grand-prix-r,2025,Singapore Grand Prix,2025-10-05 13:44:05+00:00,6245000.0,Other,CAR 44 (HAM) TIME 1:40.466 DELETED - TRACK LIMITS AT TURN 17 LAP 60 21:41:07,,,,,,,62,other,car # (ham) time #:#.# deleted - track limits at turn # lap # #:#:#,False,False,True,False,True
4806,2025-singapore-grand-prix-r,2025,Singapore Grand Prix,2025-10-05 13:44:09+00:00,6249000.0,Flag,BLACK AND WHITE FLAG FOR CAR 44 (HAM) - TRACK LIMITS,,BLACK AND WHITE,Driver,,44.0,HAM,62,flags,black and white flag for car # (ham) - track limits,False,False,False,True,True
4807,2025-singapore-grand-prix-r,2025,Singapore Grand Prix,2025-10-05 13:44:13+00:00,6253000.0,Other,CAR 44 (HAM) TIME 1:40.466 DELETED - TRACK LIMITS AT TURN 16 LAP 60 21:41:05,,,,,,,62,other,car # (ham) time #:#.# deleted - track limits at turn # lap # #:#:#,False,False,True,False,True
4808,2025-singapore-grand-prix-r,2025,Singapore Grand Prix,2025-10-05 13:44:46+00:00,6286000.0,Other,INCIDENT INVOLVING CAR 44 (HAM) NOTED - TRACK LIMITS,,,,,,,62,investigations_noted,incident involving car # (ham) noted - track limits,False,False,True,False,True
4809,2025-singapore-grand-prix-r,2025,Singapore Grand Prix,2025-10-05 13:47:52+00:00,6472000.0,Other,ALL PASS HOLDERS MAY ACCESS THE PIT LANE,,,,,,,62,pit_entry_exit,all pass holders may access the pit lane,False,False,True,False,True
4810,2025-singapore-grand-prix-r,2025,Singapore Grand Prix,2025-10-05 13:48:52+00:00,6532000.0,Other,FIA STEWARDS: INCIDENT INVOLVING CAR 44 (HAM) WILL BE INVESTIGATED AFTER THE RACE - TRACK LIMITS,,,,,,,62,investigations_noted,fia stewards: incident involving car # (ham) will be investigated after the race - track limits,False,False,True,False,True
4692,2025-singapore-grand-prix-r,2025,Singapore Grand Prix,2025-10-05 11:16:40+00:00,,Flag,DOUBLE YELLOW IN TRACK SECTOR 2,,DOUBLE YELLOW,Sector,2.0,,,1,flags,double yellow in track sector #,True,False,True,False,True
4693,2025-singapore-grand-prix-r,2025,Singapore Grand Prix,2025-10-05 11:16:41+00:00,,Other,DRS DISABLED IN ZONE 4,,,,,,,1,drs,drs disabled in zone #,True,False,True,False,True
4694,2025-singapore-grand-prix-r,2025,Singapore Grand Prix,2025-10-05 11:16:55+00:00,,Other,DRS ENABLED IN ZONE 4,,,,,,,1,drs,drs enabled in zone #,True,False,True,False,True
4695,2025-singapore-grand-prix-r,2025,Singapore Grand Prix,2025-10-05 11:16:55+00:00,,Flag,CLEAR IN TRACK SECTOR 2,,CLEAR,Sector,2.0,,,1,flags,clear in track sector #,True,False,True,False,True
4696,2025-singapore-grand-prix-r,2025,Singapore Grand Prix,2025-10-05 11:20:01+00:00,,Flag,GREEN LIGHT - PIT EXIT OPEN,,GREEN,Track,,,,1,pit_entry_exit,green light - pit exit open,True,False,True,False,True
4697,2025-singapore-grand-prix-r,2025,Singapore Grand Prix,2025-10-05 11:22:00+00:00,,Flag,DOUBLE YELLOW IN TRACK SECTOR 16,,DOUBLE YELLOW,Sector,16.0,,,1,flags,double yellow in track sector #,True,False,True,False,True
4698,2025-singapore-grand-prix-r,2025,Singapore Grand Prix,2025-10-05 11:22:01+00:00,,Other,DRS DISABLED IN ZONE 4,,,,,,,1,drs,drs disabled in zone #,True,False,True,False,True
4699,2025-singapore-grand-prix-r,2025,Singapore Grand Prix,2025-10-05 11:22:09+00:00,,Flag,CLEAR IN TRACK SECTOR 16,,CLEAR,Sector,16.0,,,1,flags,clear in track sector #,True,False,True,False,True
4700,2025-singapore-grand-prix-r,2025,Singapore Grand Prix,2025-10-05 11:22:09+00:00,,Other,DRS ENABLED IN ZONE 4,,,,,,,1,drs,drs enabled in zone #,True,False,True,False,True
4701,2025-singapore-grand-prix-r,2025,Singapore Grand Prix,2025-10-05 11:26:48+00:00,,Other,INCIDENT INVOLVING CAR 23 (ALB) NOTED - FAILING TO FOLLOW RACE DIRECTORS INSTRUCTIONS – PRACTICE START INFRINGEMENT,,,,,,,1,investigations_noted,incident involving car # (alb) noted - failing to follow race directors instructions – practice start infringement,True,False,True,False,True
4702,2025-singapore-grand-prix-r,2025,Singapore Grand Prix,2025-10-05 11:30:01+00:00,,Other,PIT EXIT CLOSED,,,,,,,1,pit_entry_exit,pit exit closed,True,False,True,False,True
4703,2025-singapore-grand-prix-r,2025,Singapore Grand Prix,2025-10-05 11:31:57+00:00,,Other,FIA STEWARDS: INCIDENT INVOLVING CAR 23 (ALB) WILL BE INVESTIGATED AFTER THE RACE - FAILING TO FOLLOW RACE DIRECTORS INSTRUCTIONS – PRACTICE START INFRINGEMENT,,,,,,,1,investigations_noted,fia stewards: incident involving car # (alb) will be investigated after the race - failing to follow race directors instructions – practice start infringement,True,False,True,False,True
4704,2025-singapore-grand-prix-r,2025,Singapore Grand Prix,2025-10-05 11:39:51+00:00,,Flag,DOUBLE YELLOW IN TRACK SECTOR 4,,DOUBLE YELLOW,Sector,4.0,,,1,flags,double yellow in track sector #,True,False,True,False,True
4705,2025-singapore-grand-prix-r,2025,Singapore Grand Prix,2025-10-05 11:39:52+00:00,,Other,DRS DISABLED IN ZONE 1,,,,,,,1,drs,drs disabled in zone #,True,False,True,False,True
4706,2025-singapore-grand-prix-r,2025,Singapore Grand Prix,2025-10-05 11:43:00+00:00,,Other,DRS ENABLED IN ZONE 1,,,,,,,1,drs,drs enabled in zone #,True,False,True,False,True
4707,2025-singapore-grand-prix-r,2025,Singapore Grand Prix,2025-10-05 11:43:00+00:00,,Flag,CLEAR IN TRACK SECTOR 4,,CLEAR,Sector,4.0,,,1,flags,clear in track sector #,True,False,True,False,True
4708,2025-singapore-grand-prix-r,2025,Singapore Grand Prix,2025-10-05 11:45:12+00:00,,Other,RISK OF RAIN FOR F1 RACE IS 30%,,,,,,,1,other,risk of rain for f1 race is #%,True,False,True,False,True
4709,2025-singapore-grand-prix-r,2025,Singapore Grand Prix,2025-10-05 11:57:04+00:00,,Drs,DRS DISABLED,DISABLED,,,,,,1,drs,drs disabled,True,False,True,False,True
4815,2025-united-states-grand-prix-r,2025,United States Grand Prix,2025-10-19 19:03:40+00:00,220000.0,Flag,GREEN LIGHT - PIT EXIT OPEN,,GREEN,Track,,,,1,pit_entry_exit,green light - pit exit open,False,False,True,False,True
4816,2025-united-states-grand-prix-r,2025,United States Grand Prix,2025-10-19 19:04:55+00:00,295000.0,Flag,DOUBLE YELLOW IN TRACK SECTOR 14,,DOUBLE YELLOW,Sector,14.0,,,1,flags,double yellow in track sector #,False,False,True,False,True
4817,2025-united-states-grand-prix-r,2025,United States Grand Prix,2025-10-19 19:05:04+00:00,304000.0,Flag,CLEAR IN TRACK SECTOR 14,,CLEAR,Sector,14.0,,,1,flags,clear in track sector #,False,False,True,False,True
4818,2025-united-states-grand-prix-r,2025,United States Grand Prix,2025-10-19 19:05:36+00:00,336000.0,Drs,DRS ENABLED,ENABLED,,,,,,2,drs,drs enabled,False,False,True,False,True
4819,2025-united-states-grand-prix-r,2025,United States Grand Prix,2025-10-19 19:06:51+00:00,411000.0,Other,TURN 12 INCIDENT INVOLVING CARS 23 (ALB) AND 5 (BOR) NOTED - CAUSING A COLLISION,,,,,,,2,investigations_noted,turn # incident involving cars # (alb) and # (bor) noted - causing a collision,False,False,True,False,True
4820,2025-united-states-grand-prix-r,2025,United States Grand Prix,2025-10-19 19:08:26+00:00,506000.0,Other,FIA STEWARDS: TURN 12 INCIDENT INVOLVING CARS 23 (ALB) AND 5 (BOR) REVIEWED NO FURTHER INVESTIGATION - CAUSING A COLLISION,,,,,,,3,investigations_noted,fia stewards: turn # incident involving cars # (alb) and # (bor) reviewed no further investigation - causing a collision,False,False,True,False,True
4821,2025-united-states-grand-prix-r,2025,United States Grand Prix,2025-10-19 19:10:47+00:00,647000.0,Other,CAR 81 (PIA) TIME 1:40.371 DELETED - TRACK LIMITS AT TURN 9 LAP 3 14:07:39,,,,,,,5,other,car # (pia) time #:#.# deleted - track limits at turn # lap # #:#:#,False,False,True,False,True
4822,2025-united-states-grand-prix-r,2025,United States Grand Prix,2025-10-19 19:10:48+00:00,648000.0,Other,CAR 6 (HAD) TIME 1:43.071 DELETED - TRACK LIMITS AT TURN 19 LAP 3 14:08:49,,,,,,,5,other,car # (had) time #:#.# deleted - track limits at turn # lap # #:#:#,False,False,True,False,True
4823,2025-united-states-grand-prix-r,2025,United States Grand Prix,2025-10-19 19:11:20+00:00,680000.0,Other,CAR 6 (HAD) TIME 1:44.189 DELETED - TRACK LIMITS AT TURN 12 LAP 2 14:06:38,,,,,,,5,other,car # (had) time #:#.# deleted - track limits at turn # lap # #:#:#,False,False,True,False,True
4824,2025-united-states-grand-prix-r,2025,United States Grand Prix,2025-10-19 19:11:33+00:00,693000.0,Other,CAR 5 (BOR) TIME 1:42.033 DELETED - TRACK LIMITS AT TURN 12 LAP 3 14:08:17,,,,,,,5,other,car # (bor) time #:#.# deleted - track limits at turn # lap # #:#:#,False,False,True,False,True
4825,2025-united-states-grand-prix-r,2025,United States Grand Prix,2025-10-19 19:12:21+00:00,741000.0,Other,CAR 6 (HAD) TIME 1:43.071 DELETED - TRACK LIMITS AT TURN 12 LAP 3 14:08:21,,,,,,,6,other,car # (had) time #:#.# deleted - track limits at turn # lap # #:#:#,False,False,True,False,True
4826,2025-united-states-grand-prix-r,2025,United States Grand Prix,2025-10-19 19:12:35+00:00,755000.0,Flag,BLACK AND WHITE FLAG FOR CAR 6 (HAD) - TRACK LIMITS,,BLACK AND WHITE,Driver,,6.0,HAD,6,flags,black and white flag for car # (had) - track limits,False,False,False,True,True
4827,2025-united-states-grand-prix-r,2025,United States Grand Prix,2025-10-19 19:12:52+00:00,772000.0,Other,CAR 31 (OCO) TIME 1:43.038 DELETED - TRACK LIMITS AT TURN 12 LAP 3 14:08:19,,,,,,,6,other,car # (oco) time #:#.# deleted - track limits at turn # lap # #:#:#,False,False,True,False,True
4828,2025-united-states-grand-prix-r,2025,United States Grand Prix,2025-10-19 19:12:53+00:00,773000.0,Other,CAR 12 (ANT) TIME 1:40.784 DELETED - TRACK LIMITS AT TURN 12 LAP 4 14:09:52,,,,,,,6,other,car # (ant) time #:#.# deleted - track limits at turn # lap # #:#:#,False,False,True,False,True
4829,2025-united-states-grand-prix-r,2025,United States Grand Prix,2025-10-19 19:13:06+00:00,786000.0,Other,CAR 43 (COL) TIME 1:41.843 DELETED - TRACK LIMITS AT TURN 12 LAP 4 14:10:01,,,,,,,6,other,car # (col) time #:#.# deleted - track limits at turn # lap # #:#:#,False,False,True,False,True
4830,2025-united-states-grand-prix-r,2025,United States Grand Prix,2025-10-19 19:13:22+00:00,802000.0,Other,INCIDENT INVOLVING CAR 31 (OCO) NOTED - FALSE START - MOVING BEFORE SIGNAL,,,,,,,6,investigations_noted,incident involving car # (oco) noted - false start - moving before signal,False,False,True,False,True
4831,2025-united-states-grand-prix-r,2025,United States Grand Prix,2025-10-19 19:13:30+00:00,810000.0,Flag,YELLOW IN TRACK SECTOR 16,,YELLOW,Sector,16.0,,,6,flags,yellow in track sector #,False,False,True,False,True
4832,2025-united-states-grand-prix-r,2025,United States Grand Prix,2025-10-19 19:13:59+00:00,839000.0,Flag,CLEAR IN TRACK SECTOR 16,,CLEAR,Sector,16.0,,,7,flags,clear in track sector #,False,False,True,False,True
4833,2025-united-states-grand-prix-r,2025,United States Grand Prix,2025-10-19 19:14:00+00:00,840000.0,Flag,YELLOW IN TRACK SECTOR 19,,YELLOW,Sector,19.0,,,7,flags,yellow in track sector #,False,False,True,False,True
4834,2025-united-states-grand-prix-r,2025,United States Grand Prix,2025-10-19 19:14:02+00:00,842000.0,Other,TRACK SURFACE SLIPPERY IN TRACK SECTOR 16,,,,,,,7,other,track surface slippery in track sector #,False,False,True,False,True
4835,2025-united-states-grand-prix-r,2025,United States Grand Prix,2025-10-19 19:14:35+00:00,875000.0,SafetyCar,VIRTUAL SAFETY CAR DEPLOYED,DEPLOYED,,,,,,7,safety_car,virtual safety car deployed,False,False,True,False,True
4836,2025-united-states-grand-prix-r,2025,United States Grand Prix,2025-10-19 19:14:35+00:00,875000.0,Flag,CLEAR IN TRACK SECTOR 16,,CLEAR,Sector,16.0,,,7,flags,clear in track sector #,False,False,True,False,True
4837,2025-united-states-grand-prix-r,2025,United States Grand Prix,2025-10-19 19:14:48+00:00,888000.0,Other,CAR 43 (COL) TIME 1:42.734 DELETED - TRACK LIMITS AT TURN 19 LAP 6 14:13:53,,,,,,,7,other,car # (col) time #:#.# deleted - track limits at turn # lap # #:#:#,False,False,True,False,True
4838,2025-united-states-grand-prix-r,2025,United States Grand Prix,2025-10-19 19:15:04+00:00,904000.0,Flag,DOUBLE YELLOW IN TRACK SECTOR 19,,DOUBLE YELLOW,Sector,19.0,,,7,flags,double yellow in track sector #,False,False,True,False,True
4839,2025-united-states-grand-prix-r,2025,United States Grand Prix,2025-10-19 19:15:10+00:00,910000.0,Other,CAR 18 (STR) TIME 1:43.008 DELETED - TRACK LIMITS AT TURN 19 LAP 6 14:13:53,,,,,,,7,other,car # (str) time #:#.# deleted - track limits at turn # lap # #:#:#,False,False,True,False,True
4840,2025-united-states-grand-prix-r,2025,United States Grand Prix,2025-10-19 19:16:24+00:00,984000.0,Other,TURN 15 INCIDENT INVOLVING CARS 12 (ANT) AND 55 (SAI) NOTED - CAUSING A COLLISION,,,,,,,8,investigations_noted,turn # incident involving cars # (ant) and # (sai) noted - causing a collision,False,False,True,False,True
4841,2025-united-states-grand-prix-r,2025,United States Grand Prix,2025-10-19 19:16:41+00:00,1001000.0,Flag,CLEAR IN TRACK SECTOR 19,,CLEAR,Sector,19.0,,,8,flags,clear in track sector #,False,False,True,False,True
4842,2025-united-states-grand-prix-r,2025,United States Grand Prix,2025-10-19 19:16:53+00:00,1013000.0,Flag,DOUBLE YELLOW IN TRACK SECTOR 16,,DOUBLE YELLOW,Sector,16.0,,,8,flags,double yellow in track sector #,False,False,True,False,True
4843,2025-united-states-grand-prix-r,2025,United States Grand Prix,2025-10-19 19:17:02+00:00,1022000.0,Flag,CLEAR IN TRACK SECTOR 16,,CLEAR,Sector,16.0,,,8,flags,clear in track sector #,False,False,True,False,True
4844,2025-united-states-grand-prix-r,2025,United States Grand Prix,2025-10-19 19:17:48+00:00,1068000.0,Flag,DOUBLE YELLOW IN TRACK SECTOR 2,,DOUBLE YELLOW,Sector,2.0,,,8,flags,double yellow in track sector #,False,False,True,False,True
4845,2025-united-states-grand-prix-r,2025,United States Grand Prix,2025-10-19 19:17:53+00:00,1073000.0,Flag,CLEAR IN TRACK SECTOR 2,,CLEAR,Sector,2.0,,,8,flags,clear in track sector #,False,False,True,False,True
4846,2025-united-states-grand-prix-r,2025,United States Grand Prix,2025-10-19 19:17:55+00:00,1075000.0,SafetyCar,VIRTUAL SAFETY CAR ENDING,ENDING,,,,,,8,safety_car,virtual safety car ending,False,False,True,False,True
4847,2025-united-states-grand-prix-r,2025,United States Grand Prix,2025-10-19 19:18:08+00:00,1088000.0,Flag,TRACK CLEAR,,CLEAR,Track,,,,9,flags,track clear,False,False,True,False,True
4848,2025-united-states-grand-prix-r,2025,United States Grand Prix,2025-10-19 19:18:09+00:00,1089000.0,Drs,DRS ENABLED,ENABLED,,,,,,9,drs,drs enabled,False,False,True,False,True
4849,2025-united-states-grand-prix-r,2025,United States Grand Prix,2025-10-19 19:18:38+00:00,1118000.0,Other,FIA STEWARDS: INCIDENT INVOLVING CAR 31 (OCO) REVIEWED NO FURTHER INVESTIGATION - FALSE START - MOVING BEFORE SIGNAL,,,,,,,9,investigations_noted,fia stewards: incident involving car # (oco) reviewed no further investigation - false start - moving before signal,False,False,True,False,True
4850,2025-united-states-grand-prix-r,2025,United States Grand Prix,2025-10-19 19:18:56+00:00,1136000.0,Other,FIA STEWARDS: TURN 15 INCIDENT INVOLVING CARS 12 (ANT) AND 55 (SAI) WILL BE INVESTIGATED AFTER THE RACE - CAUSING A COLLISION,,,,,,,9,investigations_noted,fia stewards: turn # incident involving cars # (ant) and # (sai) will be investigated after the race - causing a collision,False,False,True,False,True
4851,2025-united-states-grand-prix-r,2025,United States Grand Prix,2025-10-19 19:25:35+00:00,1535000.0,Other,CAR 81 (PIA) TIME 1:40.681 DELETED - TRACK LIMITS AT TURN 13 LAP 12 14:24:19,,,,,,,13,other,car # (pia) time #:#.# deleted - track limits at turn # lap # #:#:#,False,False,True,False,True
4852,2025-united-states-grand-prix-r,2025,United States Grand Prix,2025-10-19 19:26:44+00:00,1604000.0,Other,CAR 4 (NOR) TIME 1:39.712 DELETED - TRACK LIMITS AT TURN 20 LAP 13 14:26:21,,,,,,,14,other,car # (nor) time #:#.# deleted - track limits at turn # lap # #:#:#,False,False,True,False,True
4853,2025-united-states-grand-prix-r,2025,United States Grand Prix,2025-10-19 19:26:52+00:00,1612000.0,Other,CAR 87 (BEA) TIME 1:40.635 DELETED - TRACK LIMITS AT TURN 19 LAP 13 14:26:26,,,,,,,14,other,car # (bea) time #:#.# deleted - track limits at turn # lap # #:#:#,False,False,True,False,True
4854,2025-united-states-grand-prix-r,2025,United States Grand Prix,2025-10-19 19:30:09+00:00,1809000.0,Other,CAR 4 (NOR) TIME 1:41.266 DELETED - TRACK LIMITS AT TURN 9 LAP 15 14:28:38,,,,,,,16,other,car # (nor) time #:#.# deleted - track limits at turn # lap # #:#:#,False,False,True,False,True
4855,2025-united-states-grand-prix-r,2025,United States Grand Prix,2025-10-19 19:38:08+00:00,2288000.0,Other,CAR 4 (NOR) TIME 1:40.603 DELETED - TRACK LIMITS AT TURN 13 LAP 19 14:35:56,,,,,,,21,other,car # (nor) time #:#.# deleted - track limits at turn # lap # #:#:#,False,False,True,False,True
4856,2025-united-states-grand-prix-r,2025,United States Grand Prix,2025-10-19 19:38:17+00:00,2297000.0,Flag,BLACK AND WHITE FLAG FOR CAR 4 (NOR) - TRACK LIMITS,,BLACK AND WHITE,Driver,,4.0,NOR,21,flags,black and white flag for car # (nor) - track limits,False,False,False,True,True
4857,2025-united-states-grand-prix-r,2025,United States Grand Prix,2025-10-19 19:38:40+00:00,2320000.0,Other,CAR 14 (ALO) TIME 1:41.455 DELETED - TRACK LIMITS AT TURN 13 LAP 20 14:37:58,,,,,,,21,other,car # (alo) time #:#.# deleted - track limits at turn # lap # #:#:#,False,False,True,False,True
4858,2025-united-states-grand-prix-r,2025,United States Grand Prix,2025-10-19 19:39:21+00:00,2361000.0,Other,CAR 12 (ANT) TIME 1:41.225 DELETED - TRACK LIMITS AT TURN 20 LAP 20 14:38:40,,,,,,,21,other,car # (ant) time #:#.# deleted - track limits at turn # lap # #:#:#,False,False,True,False,True
4859,2025-united-states-grand-prix-r,2025,United States Grand Prix,2025-10-19 19:39:51+00:00,2391000.0,Other,CAR 16 (LEC) TIME 1:41.601 DELETED - TRACK LIMITS AT TURN 9 LAP 21 14:38:40,,,,,,,22,other,car # (lec) time #:#.# deleted - track limits at turn # lap # #:#:#,False,False,True,False,True
4860,2025-united-states-grand-prix-r,2025,United States Grand Prix,2025-10-19 19:44:58+00:00,2698000.0,Other,CAR 44 (HAM) TIME 1:40.418 DELETED - TRACK LIMITS AT TURN 19 LAP 24 14:44:40,,,,,,,25,other,car # (ham) time #:#.# deleted - track limits at turn # lap # #:#:#,False,False,True,False,True
4861,2025-united-states-grand-prix-r,2025,United States Grand Prix,2025-10-19 19:56:45+00:00,3405000.0,Other,CAR 23 (ALB) TIME 1:40.263 DELETED - TRACK LIMITS AT TURN 12 LAP 28 14:51:36,,,,,,,32,other,car # (alb) time #:#.# deleted - track limits at turn # lap # #:#:#,False,False,True,False,True
4862,2025-united-states-grand-prix-r,2025,United States Grand Prix,2025-10-19 19:56:49+00:00,3409000.0,Other,CAR 63 (RUS) TIME 1:40.988 DELETED - TRACK LIMITS AT TURN 12 LAP 30 14:54:22,,,,,,,32,other,car # (rus) time #:#.# deleted - track limits at turn # lap # #:#:#,False,False,True,False,True
4863,2025-united-states-grand-prix-r,2025,United States Grand Prix,2025-10-19 19:57:39+00:00,3459000.0,Other,CAR 5 (BOR) TIME 1:40.752 DELETED - TRACK LIMITS AT TURN 20 LAP 31 14:57:17,,,,,,,32,other,car # (bor) time #:#.# deleted - track limits at turn # lap # #:#:#,False,False,True,False,True
4864,2025-united-states-grand-prix-r,2025,United States Grand Prix,2025-10-19 20:01:44+00:00,3704000.0,Flag,YELLOW IN TRACK SECTOR 16,,YELLOW,Sector,16.0,,,35,flags,yellow in track sector #,False,False,True,False,True
4865,2025-united-states-grand-prix-r,2025,United States Grand Prix,2025-10-19 20:01:51+00:00,3711000.0,Flag,DOUBLE YELLOW IN TRACK SECTOR 16,,DOUBLE YELLOW,Sector,16.0,,,35,flags,double yellow in track sector #,False,False,True,False,True
4866,2025-united-states-grand-prix-r,2025,United States Grand Prix,2025-10-19 20:01:54+00:00,3714000.0,Flag,CLEAR IN TRACK SECTOR 16,,CLEAR,Sector,16.0,,,35,flags,clear in track sector #,False,False,True,False,True
4867,2025-united-states-grand-prix-r,2025,United States Grand Prix,2025-10-19 20:04:58+00:00,3898000.0,Other,CAR 87 (BEA) TIME 1:44.003 DELETED - TRACK LIMITS AT TURN 15 LAP 34 15:01:40,,,,,,,37,other,car # (bea) time #:#.# deleted - track limits at turn # lap # #:#:#,False,False,True,False,True
4868,2025-united-states-grand-prix-r,2025,United States Grand Prix,2025-10-19 20:05:17+00:00,3917000.0,Other,CAR 23 (ALB) TIME 1:40.831 DELETED - TRACK LIMITS AT TURN 12 LAP 35 15:03:18,,,,,,,37,other,car # (alb) time #:#.# deleted - track limits at turn # lap # #:#:#,False,False,True,False,True
4869,2025-united-states-grand-prix-r,2025,United States Grand Prix,2025-10-19 20:06:35+00:00,3995000.0,Other,CAR 5 (BOR) TIME 1:41.645 DELETED - TRACK LIMITS AT TURN 12 LAP 35 15:03:31,,,,,,,38,other,car # (bor) time #:#.# deleted - track limits at turn # lap # #:#:#,False,False,True,False,True
4870,2025-united-states-grand-prix-r,2025,United States Grand Prix,2025-10-19 20:06:53+00:00,4013000.0,Flag,BLACK AND WHITE FLAG FOR CAR 5 (BOR) - TRACK LIMITS,,BLACK AND WHITE,Driver,,5.0,BOR,38,flags,black and white flag for car # (bor) - track limits,False,False,False,True,True
4871,2025-united-states-grand-prix-r,2025,United States Grand Prix,2025-10-19 20:06:57+00:00,4017000.0,Other,CAR 23 (ALB) LAP DELETED - TRACK LIMITS AT TURN 12 LAP 36 15:04:59 (PIT),,,,,,,38,other,car # (alb) lap deleted - track limits at turn # lap # #:#:# (pit),False,False,True,False,True
4872,2025-united-states-grand-prix-r,2025,United States Grand Prix,2025-10-19 20:07:03+00:00,4023000.0,Other,CAR 18 (STR) TIME 1:39.827 DELETED - TRACK LIMITS AT TURN 20 LAP 36 15:05:42,,,,,,,38,other,car # (str) time #:#.# deleted - track limits at turn # lap # #:#:#,False,False,True,False,True
4873,2025-united-states-grand-prix-r,2025,United States Grand Prix,2025-10-19 20:07:15+00:00,4035000.0,Flag,BLACK AND WHITE FLAG FOR CAR 23 (ALB) - TRACK LIMITS,,BLACK AND WHITE,Driver,,23.0,ALB,38,flags,black and white flag for car # (alb) - track limits,False,False,False,True,True
4874,2025-united-states-grand-prix-r,2025,United States Grand Prix,2025-10-19 20:11:11+00:00,4271000.0,Other,CAR 12 (ANT) TIME 1:39.024 DELETED - TRACK LIMITS AT TURN 9 LAP 39 15:09:43,,,,,,,40,other,car # (ant) time #:#.# deleted - track limits at turn # lap # #:#:#,False,False,True,False,True
4875,2025-united-states-grand-prix-r,2025,United States Grand Prix,2025-10-19 20:11:32+00:00,4292000.0,Flag,BLACK AND WHITE FLAG FOR CAR 12 (ANT) - TRACK LIMITS,,BLACK AND WHITE,Driver,,12.0,ANT,41,flags,black and white flag for car # (ant) - track limits,False,False,False,True,True
4876,2025-united-states-grand-prix-r,2025,United States Grand Prix,2025-10-19 20:22:24+00:00,4944000.0,Other,CAR 44 (HAM) TIME 1:38.572 DELETED - TRACK LIMITS AT TURN 19 LAP 46 15:21:26,,,,,,,47,other,car # (ham) time #:#.# deleted - track limits at turn # lap # #:#:#,False,False,True,False,True
4877,2025-united-states-grand-prix-r,2025,United States Grand Prix,2025-10-19 20:34:11+00:00,5651000.0,Flag,WAVED BLUE FLAG FOR CAR 5 (BOR) TIMED AT 15:34:11,,BLUE,Driver,,5.0,BOR,54,flags,waved blue flag for car # (bor) timed at #:#:#,False,False,False,True,True
4878,2025-united-states-grand-prix-r,2025,United States Grand Prix,2025-10-19 20:34:49+00:00,5689000.0,Flag,WAVED BLUE FLAG FOR CAR 10 (GAS) TIMED AT 15:34:49,,BLUE,Driver,,10.0,GAS,55,flags,waved blue flag for car # (gas) timed at #:#:#,False,False,False,True,True
4879,2025-united-states-grand-prix-r,2025,United States Grand Prix,2025-10-19 20:35:41+00:00,5741000.0,Flag,WAVED BLUE FLAG FOR CAR 43 (COL) TIMED AT 15:35:41,,BLUE,Driver,,43.0,COL,55,flags,waved blue flag for car # (col) timed at #:#:#,False,False,False,True,True
4880,2025-united-states-grand-prix-r,2025,United States Grand Prix,2025-10-19 20:35:50+00:00,5750000.0,Flag,WAVED BLUE FLAG FOR CAR 43 (COL) TIMED AT 15:35:50,,BLUE,Driver,,43.0,COL,55,flags,waved blue flag for car # (col) timed at #:#:#,False,False,False,True,True
4881,2025-united-states-grand-prix-r,2025,United States Grand Prix,2025-10-19 20:36:01+00:00,5761000.0,Flag,WAVED BLUE FLAG FOR CAR 43 (COL) TIMED AT 15:36:01,,BLUE,Driver,,43.0,COL,55,flags,waved blue flag for car # (col) timed at #:#:#,False,False,False,True,True
4882,2025-united-states-grand-prix-r,2025,United States Grand Prix,2025-10-19 20:36:20+00:00,5780000.0,Other,CAR 43 (COL) TIME 1:39.173 DELETED - TRACK LIMITS AT TURN 1 LAP 54 15:34:33,,,,,,,56,other,car # (col) time #:#.# deleted - track limits at turn # lap # #:#:#,False,False,True,False,True
4883,2025-united-states-grand-prix-r,2025,United States Grand Prix,2025-10-19 20:37:40+00:00,5860000.0,Flag,CHEQUERED FLAG,,CHEQUERED,Track,,,,56,red_flag,chequered flag,False,False,True,False,True
4884,2025-united-states-grand-prix-r,2025,United States Grand Prix,2025-10-19 20:37:49+00:00,5869000.0,Other,CAR 10 (GAS) TIME 1:42.383 DELETED - TRACK LIMITS AT TURN 1 LAP 54 15:34:34,,,,,,,56,other,car # (gas) time #:#.# deleted - track limits at turn # lap # #:#:#,False,False,True,False,True
4885,2025-united-states-grand-prix-r,2025,United States Grand Prix,2025-10-19 20:37:58+00:00,5878000.0,Other,CAR 43 (COL) TIME 1:39.173 WILL BE REINSTATED,,,,,,,56,other,car # (col) time #:#.# will be reinstated,False,False,True,False,True
4886,2025-united-states-grand-prix-r,2025,United States Grand Prix,2025-10-19 20:38:40+00:00,5920000.0,Other,CAR 22 (TSU) TIME 1:38.845 DELETED - TRACK LIMITS AT TURN 20 LAP 55 15:36:52,,,,,,,56,other,car # (tsu) time #:#.# deleted - track limits at turn # lap # #:#:#,False,False,True,False,True
4887,2025-united-states-grand-prix-r,2025,United States Grand Prix,2025-10-19 20:40:12+00:00,6012000.0,Other,CAR 44 (HAM) TIME 1:43.194 DELETED - TRACK LIMITS AT TURN 19 LAP 56 15:38:00,,,,,,,56,other,car # (ham) time #:#.# deleted - track limits at turn # lap # #:#:#,False,False,True,False,True
4888,2025-united-states-grand-prix-r,2025,United States Grand Prix,2025-10-19 20:40:19+00:00,6019000.0,Flag,BLACK AND WHITE FLAG FOR CAR 44 (HAM) - TRACK LIMITS,,BLACK AND WHITE,Driver,,44.0,HAM,56,flags,black and white flag for car # (ham) - track limits,False,False,False,True,True
4889,2025-united-states-grand-prix-r,2025,United States Grand Prix,2025-10-19 20:41:45+00:00,6105000.0,Other,ALL PASS HOLDERS MAY ACCESS THE PIT LANE,,,,,,,56,pit_entry_exit,all pass holders may access the pit lane,False,False,True,False,True
4811,2025-united-states-grand-prix-r,2025,United States Grand Prix,2025-10-19 18:20:01+00:00,,Flag,GREEN LIGHT - PIT EXIT OPEN,,GREEN,Track,,,,1,pit_entry_exit,green light - pit exit open,True,False,True,False,True
4812,2025-united-states-grand-prix-r,2025,United States Grand Prix,2025-10-19 18:30:01+00:00,,Other,PIT EXIT CLOSED,,,,,,,1,pit_entry_exit,pit exit closed,True,False,True,False,True
4813,2025-united-states-grand-prix-r,2025,United States Grand Prix,2025-10-19 18:45:06+00:00,,Other,RISK OF RAIN FOR F1 RACE IS 0%,,,,,,,1,other,risk of rain for f1 race is #%,True,False,True,False,True
4814,2025-united-states-grand-prix-r,2025,United States Grand Prix,2025-10-19 18:57:05+00:00,,Drs,DRS DISABLED,DISABLED,,,,,,1,drs,drs disabled,True,False,True,False,True
4894,2025-mexico-city-grand-prix-r,2025,Mexico City Grand Prix,2025-10-26 20:03:16+00:00,196000.0,Flag,GREEN LIGHT - PIT EXIT OPEN,,GREEN,Track,,,,1,pit_entry_exit,green light - pit exit open,False,False,True,False,True
4895,2025-mexico-city-grand-prix-r,2025,Mexico City Grand Prix,2025-10-26 20:05:11+00:00,311000.0,Drs,DRS ENABLED,ENABLED,,,,,,2,drs,drs enabled,False,False,True,False,True
4896,2025-mexico-city-grand-prix-r,2025,Mexico City Grand Prix,2025-10-26 20:05:45+00:00,345000.0,Other,LAP 1 TURN 1 INCIDENT NOTED,,,,,,,2,investigations_noted,lap # turn # incident noted,False,False,True,False,True
4897,2025-mexico-city-grand-prix-r,2025,Mexico City Grand Prix,2025-10-26 20:06:11+00:00,371000.0,Other,TRACK SURFACE SLIPPERY IN TRACK SECTOR 3,,,,,,,3,other,track surface slippery in track sector #,False,False,True,False,True
4898,2025-mexico-city-grand-prix-r,2025,Mexico City Grand Prix,2025-10-26 20:06:48+00:00,408000.0,Flag,YELLOW IN TRACK SECTOR 3,,YELLOW,Sector,3.0,,,3,flags,yellow in track sector #,False,False,True,False,True
4899,2025-mexico-city-grand-prix-r,2025,Mexico City Grand Prix,2025-10-26 20:06:49+00:00,409000.0,Other,DRS DISABLED IN ZONE 2,,,,,,,3,drs,drs disabled in zone #,False,False,True,False,True
4900,2025-mexico-city-grand-prix-r,2025,Mexico City Grand Prix,2025-10-26 20:06:54+00:00,414000.0,Flag,DOUBLE YELLOW IN TRACK SECTOR 3,,DOUBLE YELLOW,Sector,3.0,,,3,flags,double yellow in track sector #,False,False,True,False,True
4901,2025-mexico-city-grand-prix-r,2025,Mexico City Grand Prix,2025-10-26 20:07:20+00:00,440000.0,Other,DRS ENABLED IN ZONE 2,,,,,,,3,drs,drs enabled in zone #,False,False,True,False,True
4902,2025-mexico-city-grand-prix-r,2025,Mexico City Grand Prix,2025-10-26 20:07:20+00:00,440000.0,Other,TRACK SURFACE SLIPPERY IN TRACK SECTOR 3,,,,,,,3,other,track surface slippery in track sector #,False,False,True,False,True
4903,2025-mexico-city-grand-prix-r,2025,Mexico City Grand Prix,2025-10-26 20:09:47+00:00,587000.0,Flag,CLEAR IN TRACK SECTOR 3,,CLEAR,Sector,3.0,,,5,flags,clear in track sector #,False,False,True,False,True
4904,2025-mexico-city-grand-prix-r,2025,Mexico City Grand Prix,2025-10-26 20:10:50+00:00,650000.0,Flag,YELLOW IN TRACK SECTOR 6,,YELLOW,Sector,6.0,,,6,flags,yellow in track sector #,False,False,True,False,True
4905,2025-mexico-city-grand-prix-r,2025,Mexico City Grand Prix,2025-10-26 20:10:51+00:00,651000.0,Other,DRS DISABLED IN ZONE 3,,,,,,,6,drs,drs disabled in zone #,False,False,True,False,True
4906,2025-mexico-city-grand-prix-r,2025,Mexico City Grand Prix,2025-10-26 20:10:53+00:00,653000.0,Other,DRS ENABLED IN ZONE 3,,,,,,,6,drs,drs enabled in zone #,False,False,True,False,True
4907,2025-mexico-city-grand-prix-r,2025,Mexico City Grand Prix,2025-10-26 20:10:53+00:00,653000.0,Flag,CLEAR IN TRACK SECTOR 6,,CLEAR,Sector,6.0,,,6,flags,clear in track sector #,False,False,True,False,True
4908,2025-mexico-city-grand-prix-r,2025,Mexico City Grand Prix,2025-10-26 20:13:20+00:00,800000.0,Other,LAP 1 TURN 2 INCIDENT INVOLVING CARS 55 (SAI) AND 14 (ALO) NOTED - LEAVING THE TRACK AND GAINING AN ADVANTAGE,,,,,,,8,investigations_noted,lap # turn # incident involving cars # (sai) and # (alo) noted - leaving the track and gaining an advantage,False,False,True,False,True
4909,2025-mexico-city-grand-prix-r,2025,Mexico City Grand Prix,2025-10-26 20:13:39+00:00,819000.0,Other,TURN 4 INCIDENT INVOLVING CAR 44 (HAM) NOTED - FAILING TO FOLLOW RACE DIRECTORS INSTRUCTIONS – ESCAPE ROAD INSTRUCTIONS,,,,,,,8,investigations_noted,turn # incident involving car # (ham) noted - failing to follow race directors instructions – escape road instructions,False,False,True,False,True
4910,2025-mexico-city-grand-prix-r,2025,Mexico City Grand Prix,2025-10-26 20:14:21+00:00,861000.0,Other,FIA STEWARDS: TURN 4 INCIDENT INVOLVING CAR 44 (HAM) UNDER INVESTIGATION - FAILING TO FOLLOW RACE DIRECTORS INSTRUCTIONS – ESCAPE ROAD INSTRUCTIONS,,,,,,,9,investigations_noted,fia stewards: turn # incident involving car # (ham) under investigation - failing to follow race directors instructions – escape road instructions,False,False,True,False,True
4911,2025-mexico-city-grand-prix-r,2025,Mexico City Grand Prix,2025-10-26 20:15:06+00:00,906000.0,Other,CAR 1 (VER) TIME 1:28.329 DELETED - TRACK LIMITS AT TURN 3 LAP 6 14:10:36,,,,,,,9,other,car # (ver) time #:#.# deleted - track limits at turn # lap # #:#:#,False,False,True,False,True
4912,2025-mexico-city-grand-prix-r,2025,Mexico City Grand Prix,2025-10-26 20:15:38+00:00,938000.0,Other,TURN 1 INCIDENT INVOLVING CARS 1 (VER) AND 44 (HAM) NOTED - CAUSING A COLLISION,,,,,,,9,investigations_noted,turn # incident involving cars # (ver) and # (ham) noted - causing a collision,False,False,True,False,True
4913,2025-mexico-city-grand-prix-r,2025,Mexico City Grand Prix,2025-10-26 20:16:38+00:00,998000.0,Other,CAR 44 (HAM) TIME 1:25.860 DELETED - TRACK LIMITS AT TURN 1 LAP 6 14:10:31,,,,,,,10,other,car # (ham) time #:#.# deleted - track limits at turn # lap # #:#:#,False,False,True,False,True
4914,2025-mexico-city-grand-prix-r,2025,Mexico City Grand Prix,2025-10-26 20:17:36+00:00,1056000.0,Other,CAR 44 (HAM) TIME 1:25.860 DELETED - TRACK LIMITS AT TURN 4 LAP 6 14:10:50,,,,,,,11,other,car # (ham) time #:#.# deleted - track limits at turn # lap # #:#:#,False,False,True,False,True
4915,2025-mexico-city-grand-prix-r,2025,Mexico City Grand Prix,2025-10-26 20:19:42+00:00,1182000.0,Other,CAR 1 (VER) TIME 1:28.329 DELETED - TRACK LIMITS AT TURN 5 LAP 6 14:10:50,,,,,,,12,other,car # (ver) time #:#.# deleted - track limits at turn # lap # #:#:#,False,False,True,False,True
4916,2025-mexico-city-grand-prix-r,2025,Mexico City Grand Prix,2025-10-26 20:19:56+00:00,1196000.0,Other,CAR 63 (RUS) TIME 1:28.589 DELETED - TRACK LIMITS AT TURN 5 LAP 6 14:10:55,,,,,,,13,other,car # (rus) time #:#.# deleted - track limits at turn # lap # #:#:#,False,False,True,False,True
4917,2025-mexico-city-grand-prix-r,2025,Mexico City Grand Prix,2025-10-26 20:21:48+00:00,1308000.0,Other,FIA STEWARDS: LAP 1 TURN 2 INCIDENT INVOLVING CARS 55 (SAI) AND 14 (ALO) REVIEWED NO FURTHER INVESTIGATION - LEAVING THE TRACK AND GAINING AN ADVANTAGE,,,,,,,14,investigations_noted,fia stewards: lap # turn # incident involving cars # (sai) and # (alo) reviewed no further investigation - leaving the track and gaining an advantage,False,False,True,False,True
4918,2025-mexico-city-grand-prix-r,2025,Mexico City Grand Prix,2025-10-26 20:23:08+00:00,1388000.0,Other,TURN 4 INCIDENT INVOLVING CAR 44 (HAM) NOTED - LEAVING THE TRACK AND GAINING AN ADVANTAGE,,,,,,,15,investigations_noted,turn # incident involving car # (ham) noted - leaving the track and gaining an advantage,False,False,True,False,True
4919,2025-mexico-city-grand-prix-r,2025,Mexico City Grand Prix,2025-10-26 20:23:17+00:00,1397000.0,Other,FIA STEWARDS: TURN 4 INCIDENT INVOLVING CAR 44 (HAM) NO FURTHER ACTION - FAILING TO FOLLOW RACE DIRECTORS INSTRUCTIONS – ESCAPE ROAD INSTRUCTIONS,,,,,,,15,investigations_noted,fia stewards: turn # incident involving car # (ham) no further action - failing to follow race directors instructions – escape road instructions,False,False,True,False,True
4920,2025-mexico-city-grand-prix-r,2025,Mexico City Grand Prix,2025-10-26 20:23:21+00:00,1401000.0,Other,FIA STEWARDS: TURN 4 INCIDENT INVOLVING CAR 44 (HAM) UNDER INVESTIGATION - LEAVING THE TRACK AND GAINING AN ADVANTAGE,,,,,,,15,investigations_noted,fia stewards: turn # incident involving car # (ham) under investigation - leaving the track and gaining an advantage,False,False,True,False,True
4921,2025-mexico-city-grand-prix-r,2025,Mexico City Grand Prix,2025-10-26 20:23:46+00:00,1426000.0,Other,CAR 87 (BEA) TIME 1:25.563 DELETED - TRACK LIMITS AT TURN 8 LAP 6 14:11:08,,,,,,,15,other,car # (bea) time #:#.# deleted - track limits at turn # lap # #:#:#,False,False,True,False,True
4922,2025-mexico-city-grand-prix-r,2025,Mexico City Grand Prix,2025-10-26 20:24:03+00:00,1443000.0,Other,FIA STEWARDS: 10 SECOND TIME PENALTY FOR CAR 44 (HAM) - LEAVING THE TRACK AND GAINING AN ADVANTAGE,,,,,,,16,penalties,fia stewards: # second time penalty for car # (ham) - leaving the track and gaining an advantage,False,False,True,False,True
4923,2025-mexico-city-grand-prix-r,2025,Mexico City Grand Prix,2025-10-26 20:29:20+00:00,1760000.0,Other,CAR 55 (SAI) TIME 1:42.516 DELETED - TRACK LIMITS AT TURN 1 LAP 18 14:27:52,,,,,,,19,other,car # (sai) time #:#.# deleted - track limits at turn # lap # #:#:#,False,False,True,False,True
4924,2025-mexico-city-grand-prix-r,2025,Mexico City Grand Prix,2025-10-26 20:29:31+00:00,1771000.0,Other,FIA STEWARDS: TURN 1 INCIDENT INVOLVING CARS 1 (VER) AND 44 (HAM) UNDER INVESTIGATION - CAUSING A COLLISION,,,,,,,20,investigations_noted,fia stewards: turn # incident involving cars # (ver) and # (ham) under investigation - causing a collision,False,False,True,False,True
4925,2025-mexico-city-grand-prix-r,2025,Mexico City Grand Prix,2025-10-26 20:31:42+00:00,1902000.0,Other,TURN 3 INCIDENT INVOLVING CAR 1 (VER) NOTED - LEAVING THE TRACK AND GAINING AN ADVANTAGE,,,,,,,21,investigations_noted,turn # incident involving car # (ver) noted - leaving the track and gaining an advantage,False,False,True,False,True
4926,2025-mexico-city-grand-prix-r,2025,Mexico City Grand Prix,2025-10-26 20:32:55+00:00,1975000.0,Other,FIA STEWARDS: TURN 3 INCIDENT INVOLVING CAR 1 (VER) REVIEWED NO FURTHER INVESTIGATION - LEAVING THE TRACK AND GAINING AN ADVANTAGE,,,,,,,22,investigations_noted,fia stewards: turn # incident involving car # (ver) reviewed no further investigation - leaving the track and gaining an advantage,False,False,True,False,True
4927,2025-mexico-city-grand-prix-r,2025,Mexico City Grand Prix,2025-10-26 20:34:53+00:00,2093000.0,Other,FIA STEWARDS: TURN 1 INCIDENT INVOLVING CARS 1 (VER) AND 44 (HAM) NO FURTHER ACTION - CAUSING A COLLISION,,,,,,,23,investigations_noted,fia stewards: turn # incident involving cars # (ver) and # (ham) no further action - causing a collision,False,False,True,False,True
4928,2025-mexico-city-grand-prix-r,2025,Mexico City Grand Prix,2025-10-26 20:38:19+00:00,2299000.0,Other,FIA STEWARDS: PENALTY SERVED - 10 SECOND TIME PENALTY FOR CAR 44 (HAM) - LEAVING THE TRACK AND GAINING AN ADVANTAGE,,,,,,,26,penalties,fia stewards: penalty served - # second time penalty for car # (ham) - leaving the track and gaining an advantage,False,False,True,False,True
4929,2025-mexico-city-grand-prix-r,2025,Mexico City Grand Prix,2025-10-26 20:38:54+00:00,2334000.0,Other,INCIDENT INVOLVING CAR 55 (SAI) NOTED - SPEEDING IN THE PIT LANE,,,,,,,26,investigations_noted,incident involving car # (sai) noted - speeding in the pit lane,False,False,True,False,True
4930,2025-mexico-city-grand-prix-r,2025,Mexico City Grand Prix,2025-10-26 20:38:58+00:00,2338000.0,Other,FIA STEWARDS: INCIDENT INVOLVING CAR 55 (SAI) UNDER INVESTIGATION - SPEEDING IN THE PIT LANE,,,,,,,26,investigations_noted,fia stewards: incident involving car # (sai) under investigation - speeding in the pit lane,False,False,True,False,True
4931,2025-mexico-city-grand-prix-r,2025,Mexico City Grand Prix,2025-10-26 20:40:03+00:00,2403000.0,Other,FIA STEWARDS: 5 SECOND TIME PENALTY FOR CAR 55 (SAI) - SPEEDING IN THE PIT LANE,,,,,,,27,penalties,fia stewards: # second time penalty for car # (sai) - speeding in the pit lane,False,False,True,False,True
4932,2025-mexico-city-grand-prix-r,2025,Mexico City Grand Prix,2025-10-26 20:53:56+00:00,3236000.0,Flag,WAVED BLUE FLAG FOR CAR 10 (GAS) TIMED AT 14:53:55,,BLUE,Driver,,10.0,GAS,37,flags,waved blue flag for car # (gas) timed at #:#:#,False,False,False,True,True
4933,2025-mexico-city-grand-prix-r,2025,Mexico City Grand Prix,2025-10-26 21:03:50+00:00,3830000.0,Flag,WAVED BLUE FLAG FOR CAR 43 (COL) TIMED AT 15:03:49,,BLUE,Driver,,43.0,COL,44,flags,waved blue flag for car # (col) timed at #:#:#,False,False,False,True,True
4934,2025-mexico-city-grand-prix-r,2025,Mexico City Grand Prix,2025-10-26 21:05:40+00:00,3940000.0,Other,CAR 18 (STR) TIME 1:42.462 DELETED - TRACK LIMITS AT TURN 1 LAP 44 15:04:17,,,,,,,46,other,car # (str) time #:#.# deleted - track limits at turn # lap # #:#:#,False,False,True,False,True
4935,2025-mexico-city-grand-prix-r,2025,Mexico City Grand Prix,2025-10-26 21:10:22+00:00,4222000.0,Other,FIA STEWARDS: PENALTY SERVED - 5 SECOND TIME PENALTY FOR CAR 55 (SAI) - SPEEDING IN THE PIT LANE,,,,,,,49,penalties,fia stewards: penalty served - # second time penalty for car # (sai) - speeding in the pit lane,False,False,True,False,True
4936,2025-mexico-city-grand-prix-r,2025,Mexico City Grand Prix,2025-10-26 21:11:54+00:00,4314000.0,Flag,WAVED BLUE FLAG FOR CAR 18 (STR) TIMED AT 15:11:53,,BLUE,Driver,,18.0,STR,50,flags,waved blue flag for car # (str) timed at #:#:#,False,False,False,True,True
4937,2025-mexico-city-grand-prix-r,2025,Mexico City Grand Prix,2025-10-26 21:12:04+00:00,4324000.0,Flag,WAVED BLUE FLAG FOR CAR 18 (STR) TIMED AT 15:12:03,,BLUE,Driver,,18.0,STR,50,flags,waved blue flag for car # (str) timed at #:#:#,False,False,False,True,True
4938,2025-mexico-city-grand-prix-r,2025,Mexico City Grand Prix,2025-10-26 21:12:05+00:00,4325000.0,Other,TURN 5 INCIDENT INVOLVING CARS 81 (PIA) AND 31 (OCO) NOTED - CAUSING A COLLISION,,,,,,,50,investigations_noted,turn # incident involving cars # (pia) and # (oco) noted - causing a collision,False,False,True,False,True
4939,2025-mexico-city-grand-prix-r,2025,Mexico City Grand Prix,2025-10-26 21:12:16+00:00,4336000.0,Flag,WAVED BLUE FLAG FOR CAR 18 (STR) TIMED AT 15:12:16,,BLUE,Driver,,18.0,STR,51,flags,waved blue flag for car # (str) timed at #:#:#,False,False,False,True,True
4940,2025-mexico-city-grand-prix-r,2025,Mexico City Grand Prix,2025-10-26 21:14:57+00:00,4497000.0,Other,INCIDENT INVOLVING CAR 55 (SAI) NOTED - SPEEDING IN THE PIT LANE,,,,,,,53,investigations_noted,incident involving car # (sai) noted - speeding in the pit lane,False,False,True,False,True
4941,2025-mexico-city-grand-prix-r,2025,Mexico City Grand Prix,2025-10-26 21:15:03+00:00,4503000.0,Other,FIA STEWARDS: INCIDENT INVOLVING CAR 55 (SAI) UNDER INVESTIGATION - SPEEDING IN THE PIT LANE,,,,,,,53,investigations_noted,fia stewards: incident involving car # (sai) under investigation - speeding in the pit lane,False,False,True,False,True
4942,2025-mexico-city-grand-prix-r,2025,Mexico City Grand Prix,2025-10-26 21:15:13+00:00,4513000.0,Other,FIA STEWARDS: TURN 5 INCIDENT INVOLVING CARS 81 (PIA) AND 31 (OCO) REVIEWED NO FURTHER INVESTIGATION - CAUSING A COLLISION,,,,,,,53,investigations_noted,fia stewards: turn # incident involving cars # (pia) and # (oco) reviewed no further investigation - causing a collision,False,False,True,False,True
4943,2025-mexico-city-grand-prix-r,2025,Mexico City Grand Prix,2025-10-26 21:19:55+00:00,4795000.0,Other,FIA STEWARDS: DRIVE THROUGH PENALTY FOR CAR 55 (SAI) - SPEEDING IN THE PIT LANE,,,,,,,56,penalties,fia stewards: drive through penalty for car # (sai) - speeding in the pit lane,False,False,True,False,True
4944,2025-mexico-city-grand-prix-r,2025,Mexico City Grand Prix,2025-10-26 21:22:20+00:00,4940000.0,Other,FIA STEWARDS: PENALTY SERVED - DRIVE THROUGH PENALTY FOR CAR 55 (SAI) - SPEEDING IN THE PIT LANE,,,,,,,58,penalties,fia stewards: penalty served - drive through penalty for car # (sai) - speeding in the pit lane,False,False,True,False,True
4945,2025-mexico-city-grand-prix-r,2025,Mexico City Grand Prix,2025-10-26 21:23:57+00:00,5037000.0,Flag,WAVED BLUE FLAG FOR CAR 10 (GAS) TIMED AT 15:23:56,,BLUE,Driver,,10.0,GAS,59,flags,waved blue flag for car # (gas) timed at #:#:#,False,False,False,True,True
4946,2025-mexico-city-grand-prix-r,2025,Mexico City Grand Prix,2025-10-26 21:27:53+00:00,5273000.0,Flag,WAVED BLUE FLAG FOR CAR 10 (GAS) TIMED AT 15:27:52,,BLUE,Driver,,10.0,GAS,62,flags,waved blue flag for car # (gas) timed at #:#:#,False,False,False,True,True
4947,2025-mexico-city-grand-prix-r,2025,Mexico City Grand Prix,2025-10-26 21:31:11+00:00,5471000.0,Flag,WAVED BLUE FLAG FOR CAR 23 (ALB) TIMED AT 15:31:11,,BLUE,Driver,,23.0,ALB,64,flags,waved blue flag for car # (alb) timed at #:#:#,False,False,False,True,True
4948,2025-mexico-city-grand-prix-r,2025,Mexico City Grand Prix,2025-10-26 21:31:23+00:00,5483000.0,Other,CAR 44 (HAM) TIME 1:23.139 DELETED - TRACK LIMITS AT TURN 3 LAP 62 15:28:25,,,,,,,65,other,car # (ham) time #:#.# deleted - track limits at turn # lap # #:#:#,False,False,True,False,True
4949,2025-mexico-city-grand-prix-r,2025,Mexico City Grand Prix,2025-10-26 21:31:23+00:00,5483000.0,Other,CAR 12 (ANT) TIME 1:20.900 DELETED - TRACK LIMITS AT TURN 14 LAP 62 15:29:12,,,,,,,65,other,car # (ant) time #:#.# deleted - track limits at turn # lap # #:#:#,False,False,True,False,True
4950,2025-mexico-city-grand-prix-r,2025,Mexico City Grand Prix,2025-10-26 21:31:34+00:00,5494000.0,Flag,WAVED BLUE FLAG FOR CAR 23 (ALB) TIMED AT 15:31:33,,BLUE,Driver,,23.0,ALB,65,flags,waved blue flag for car # (alb) timed at #:#:#,False,False,False,True,True
4951,2025-mexico-city-grand-prix-r,2025,Mexico City Grand Prix,2025-10-26 21:31:52+00:00,5512000.0,Flag,WAVED BLUE FLAG FOR CAR 6 (HAD) TIMED AT 15:31:52,,BLUE,Driver,,6.0,HAD,65,flags,waved blue flag for car # (had) timed at #:#:#,False,False,False,True,True
4952,2025-mexico-city-grand-prix-r,2025,Mexico City Grand Prix,2025-10-26 21:31:58+00:00,5518000.0,Flag,WAVED BLUE FLAG FOR CAR 23 (ALB) TIMED AT 15:31:57,,BLUE,Driver,,23.0,ALB,65,flags,waved blue flag for car # (alb) timed at #:#:#,False,False,False,True,True
4953,2025-mexico-city-grand-prix-r,2025,Mexico City Grand Prix,2025-10-26 21:37:05+00:00,5825000.0,Flag,WAVED BLUE FLAG FOR CAR 43 (COL) TIMED AT 15:37:04,,BLUE,Driver,,43.0,COL,69,flags,waved blue flag for car # (col) timed at #:#:#,False,False,False,True,True
4954,2025-mexico-city-grand-prix-r,2025,Mexico City Grand Prix,2025-10-26 21:37:21+00:00,5841000.0,Flag,WAVED BLUE FLAG FOR CAR 43 (COL) TIMED AT 15:37:20,,BLUE,Driver,,43.0,COL,69,flags,waved blue flag for car # (col) timed at #:#:#,False,False,False,True,True
4955,2025-mexico-city-grand-prix-r,2025,Mexico City Grand Prix,2025-10-26 21:37:36+00:00,5856000.0,Flag,WAVED BLUE FLAG FOR CAR 43 (COL) TIMED AT 15:37:36,,BLUE,Driver,,43.0,COL,69,flags,waved blue flag for car # (col) timed at #:#:#,False,False,False,True,True
4956,2025-mexico-city-grand-prix-r,2025,Mexico City Grand Prix,2025-10-26 21:37:50+00:00,5870000.0,Flag,WAVED BLUE FLAG FOR CAR 43 (COL) TIMED AT 15:37:49,,BLUE,Driver,,43.0,COL,69,flags,waved blue flag for car # (col) timed at #:#:#,False,False,False,True,True
4957,2025-mexico-city-grand-prix-r,2025,Mexico City Grand Prix,2025-10-26 21:37:54+00:00,5874000.0,Flag,WAVED BLUE FLAG FOR CAR 10 (GAS) TIMED AT 15:37:53,,BLUE,Driver,,10.0,GAS,69,flags,waved blue flag for car # (gas) timed at #:#:#,False,False,False,True,True
4958,2025-mexico-city-grand-prix-r,2025,Mexico City Grand Prix,2025-10-26 21:38:14+00:00,5894000.0,Flag,DOUBLE YELLOW IN TRACK SECTOR 14,,DOUBLE YELLOW,Sector,14.0,,,70,flags,double yellow in track sector #,False,False,True,False,True
4959,2025-mexico-city-grand-prix-r,2025,Mexico City Grand Prix,2025-10-26 21:38:22+00:00,5902000.0,Flag,YELLOW IN TRACK SECTOR 13,,YELLOW,Sector,13.0,,,70,flags,yellow in track sector #,False,False,True,False,True
4960,2025-mexico-city-grand-prix-r,2025,Mexico City Grand Prix,2025-10-26 21:38:23+00:00,5903000.0,Other,DRS DISABLED IN ZONE 1,,,,,,,70,drs,drs disabled in zone #,False,False,True,False,True
4961,2025-mexico-city-grand-prix-r,2025,Mexico City Grand Prix,2025-10-26 21:39:16+00:00,5956000.0,SafetyCar,VIRTUAL SAFETY CAR DEPLOYED,DEPLOYED,,,,,,70,safety_car,virtual safety car deployed,False,False,True,False,True
4962,2025-mexico-city-grand-prix-r,2025,Mexico City Grand Prix,2025-10-26 21:40:42+00:00,6042000.0,Flag,CLEAR IN TRACK SECTOR 13,,CLEAR,Sector,13.0,,,71,flags,clear in track sector #,False,False,True,False,True
4963,2025-mexico-city-grand-prix-r,2025,Mexico City Grand Prix,2025-10-26 21:40:44+00:00,6044000.0,SafetyCar,VIRTUAL SAFETY CAR ENDING,ENDING,,,,,,71,safety_car,virtual safety car ending,False,False,True,False,True
4964,2025-mexico-city-grand-prix-r,2025,Mexico City Grand Prix,2025-10-26 21:40:47+00:00,6047000.0,Flag,CLEAR IN TRACK SECTOR 14,,CLEAR,Sector,14.0,,,71,flags,clear in track sector #,False,False,True,False,True
4965,2025-mexico-city-grand-prix-r,2025,Mexico City Grand Prix,2025-10-26 21:40:56+00:00,6056000.0,Flag,TRACK CLEAR,,CLEAR,Track,,,,71,flags,track clear,False,False,True,False,True
4966,2025-mexico-city-grand-prix-r,2025,Mexico City Grand Prix,2025-10-26 21:41:13+00:00,6073000.0,Flag,CHEQUERED FLAG,,CHEQUERED,Track,,,,71,red_flag,chequered flag,False,False,True,False,True
4967,2025-mexico-city-grand-prix-r,2025,Mexico City Grand Prix,2025-10-26 21:46:38+00:00,6398000.0,Other,ALL PASS HOLDERS MAY ACCESS THE PIT LANE,,,,,,,71,pit_entry_exit,all pass holders may access the pit lane,False,False,True,False,True
4890,2025-mexico-city-grand-prix-r,2025,Mexico City Grand Prix,2025-10-26 19:20:00+00:00,,Flag,GREEN LIGHT - PIT EXIT OPEN,,GREEN,Track,,,,1,pit_entry_exit,green light - pit exit open,True,False,True,False,True
4891,2025-mexico-city-grand-prix-r,2025,Mexico City Grand Prix,2025-10-26 19:30:00+00:00,,Other,PIT EXIT CLOSED,,,,,,,1,pit_entry_exit,pit exit closed,True,False,True,False,True
4892,2025-mexico-city-grand-prix-r,2025,Mexico City Grand Prix,2025-10-26 19:45:02+00:00,,Other,RISK OF RAIN FOR F1 RACE IS 0%,,,,,,,1,other,risk of rain for f1 race is #%,True,False,True,False,True
4893,2025-mexico-city-grand-prix-r,2025,Mexico City Grand Prix,2025-10-26 19:57:04+00:00,,Drs,DRS DISABLED,DISABLED,,,,,,1,drs,drs disabled,True,False,True,False,True
5040,2025-s-o-paulo-grand-prix-r,2025,São Paulo Grand Prix,2025-11-09 17:03:14+00:00,194000.0,Flag,GREEN LIGHT - PIT EXIT OPEN,,GREEN,Track,,,,1,pit_entry_exit,green light - pit exit open,False,False,True,False,True
5041,2025-s-o-paulo-grand-prix-r,2025,São Paulo Grand Prix,2025-11-09 17:04:16+00:00,256000.0,Flag,DOUBLE YELLOW IN TRACK SECTOR 11,,DOUBLE YELLOW,Sector,11.0,,,1,flags,double yellow in track sector #,False,False,True,False,True
5042,2025-s-o-paulo-grand-prix-r,2025,São Paulo Grand Prix,2025-11-09 17:04:58+00:00,298000.0,SafetyCar,SAFETY CAR DEPLOYED,DEPLOYED,,,,,,2,safety_car,safety car deployed,False,False,True,False,True
5043,2025-s-o-paulo-grand-prix-r,2025,São Paulo Grand Prix,2025-11-09 17:06:18+00:00,378000.0,Other,RECOVERY VEHICLE ON TRACK AT TURN 10,,,,,,,3,other,recovery vehicle on track at turn #,False,False,True,False,True
5044,2025-s-o-paulo-grand-prix-r,2025,São Paulo Grand Prix,2025-11-09 17:07:08+00:00,428000.0,Flag,DOUBLE YELLOW IN TRACK SECTOR 10,,DOUBLE YELLOW,Sector,10.0,,,3,flags,double yellow in track sector #,False,False,True,False,True
5045,2025-s-o-paulo-grand-prix-r,2025,São Paulo Grand Prix,2025-11-09 17:09:12+00:00,552000.0,Flag,CLEAR IN TRACK SECTOR 11,,CLEAR,Sector,11.0,,,4,flags,clear in track sector #,False,False,True,False,True
5046,2025-s-o-paulo-grand-prix-r,2025,São Paulo Grand Prix,2025-11-09 17:09:53+00:00,593000.0,Flag,CLEAR IN TRACK SECTOR 10,,CLEAR,Sector,10.0,,,4,flags,clear in track sector #,False,False,True,False,True
5047,2025-s-o-paulo-grand-prix-r,2025,São Paulo Grand Prix,2025-11-09 17:11:15+00:00,675000.0,SafetyCar,SAFETY CAR IN THIS LAP,IN THIS LAP,,,,,,5,safety_car,safety car in this lap,False,False,True,False,True
5048,2025-s-o-paulo-grand-prix-r,2025,São Paulo Grand Prix,2025-11-09 17:11:42+00:00,702000.0,Flag,TRACK CLEAR,,CLEAR,Track,,,,5,flags,track clear,False,False,True,False,True
5049,2025-s-o-paulo-grand-prix-r,2025,São Paulo Grand Prix,2025-11-09 17:12:39+00:00,759000.0,Flag,YELLOW IN TRACK SECTOR 5,,YELLOW,Sector,5.0,,,6,flags,yellow in track sector #,False,False,True,False,True
5050,2025-s-o-paulo-grand-prix-r,2025,São Paulo Grand Prix,2025-11-09 17:12:49+00:00,769000.0,Flag,DOUBLE YELLOW IN TRACK SECTOR 9,,DOUBLE YELLOW,Sector,9.0,,,6,flags,double yellow in track sector #,False,False,True,False,True
5051,2025-s-o-paulo-grand-prix-r,2025,São Paulo Grand Prix,2025-11-09 17:12:55+00:00,775000.0,Flag,YELLOW IN TRACK SECTOR 9,,YELLOW,Sector,9.0,,,6,flags,yellow in track sector #,False,False,True,False,True
5052,2025-s-o-paulo-grand-prix-r,2025,São Paulo Grand Prix,2025-11-09 17:13:00+00:00,780000.0,Flag,CLEAR IN TRACK SECTOR 9,,CLEAR,Sector,9.0,,,6,flags,clear in track sector #,False,False,True,False,True
5053,2025-s-o-paulo-grand-prix-r,2025,São Paulo Grand Prix,2025-11-09 17:13:05+00:00,785000.0,Drs,DRS ENABLED,ENABLED,,,,,,6,drs,drs enabled,False,False,True,False,True
5054,2025-s-o-paulo-grand-prix-r,2025,São Paulo Grand Prix,2025-11-09 17:13:07+00:00,787000.0,Other,DRS DISABLED IN ZONE 1,,,,,,,6,drs,drs disabled in zone #,False,False,True,False,True
5055,2025-s-o-paulo-grand-prix-r,2025,São Paulo Grand Prix,2025-11-09 17:13:31+00:00,811000.0,SafetyCar,VIRTUAL SAFETY CAR DEPLOYED,DEPLOYED,,,,,,7,safety_car,virtual safety car deployed,False,False,True,False,True
5056,2025-s-o-paulo-grand-prix-r,2025,São Paulo Grand Prix,2025-11-09 17:16:26+00:00,986000.0,SafetyCar,VIRTUAL SAFETY CAR ENDING,ENDING,,,,,,8,safety_car,virtual safety car ending,False,False,True,False,True
5057,2025-s-o-paulo-grand-prix-r,2025,São Paulo Grand Prix,2025-11-09 17:16:31+00:00,991000.0,Flag,CLEAR IN TRACK SECTOR 5,,CLEAR,Sector,5.0,,,8,flags,clear in track sector #,False,False,True,False,True
5058,2025-s-o-paulo-grand-prix-r,2025,São Paulo Grand Prix,2025-11-09 17:16:38+00:00,998000.0,Flag,TRACK CLEAR,,CLEAR,Track,,,,8,flags,track clear,False,False,True,False,True
5059,2025-s-o-paulo-grand-prix-r,2025,São Paulo Grand Prix,2025-11-09 17:16:39+00:00,999000.0,Drs,DRS ENABLED,ENABLED,,,,,,8,drs,drs enabled,False,False,True,False,True
5060,2025-s-o-paulo-grand-prix-r,2025,São Paulo Grand Prix,2025-11-09 17:17:56+00:00,1076000.0,Other,TURN 8 INCIDENT INVOLVING CARS 22 (TSU) AND 18 (STR) NOTED - CAUSING A COLLISION,,,,,,,10,investigations_noted,turn # incident involving cars # (tsu) and # (str) noted - causing a collision,False,False,True,False,True
5061,2025-s-o-paulo-grand-prix-r,2025,São Paulo Grand Prix,2025-11-09 17:18:44+00:00,1124000.0,Other,FIA STEWARDS: TURN 8 INCIDENT INVOLVING CARS 22 (TSU) AND 18 (STR) UNDER INVESTIGATION - CAUSING A COLLISION,,,,,,,10,investigations_noted,fia stewards: turn # incident involving cars # (tsu) and # (str) under investigation - causing a collision,False,False,True,False,True
5062,2025-s-o-paulo-grand-prix-r,2025,São Paulo Grand Prix,2025-11-09 17:19:50+00:00,1190000.0,Other,TURN 1 INCIDENT INVOLVING CARS 81 (PIA) AND 12 (ANT) NOTED - CAUSING A COLLISION,,,,,,,11,investigations_noted,turn # incident involving cars # (pia) and # (ant) noted - causing a collision,False,False,True,False,True
5063,2025-s-o-paulo-grand-prix-r,2025,São Paulo Grand Prix,2025-11-09 17:21:01+00:00,1261000.0,Other,FIA STEWARDS: 10 SECOND TIME PENALTY FOR CAR 22 (TSU) - CAUSING A COLLISION,,,,,,,12,penalties,fia stewards: # second time penalty for car # (tsu) - causing a collision,False,False,True,False,True
5064,2025-s-o-paulo-grand-prix-r,2025,São Paulo Grand Prix,2025-11-09 17:23:20+00:00,1400000.0,Other,LAP 1 TURN 1 INCIDENT INVOLVING CARS 55 (SAI) AND 44 (HAM) NOTED - CAUSING A COLLISION,,,,,,,14,investigations_noted,lap # turn # incident involving cars # (sai) and # (ham) noted - causing a collision,False,False,True,False,True
5065,2025-s-o-paulo-grand-prix-r,2025,São Paulo Grand Prix,2025-11-09 17:25:21+00:00,1521000.0,Other,TURN 15 INCIDENT INVOLVING CARS 44 (HAM) AND 43 (COL) NOTED - CAUSING A COLLISION,,,,,,,16,investigations_noted,turn # incident involving cars # (ham) and # (col) noted - causing a collision,False,False,True,False,True
5066,2025-s-o-paulo-grand-prix-r,2025,São Paulo Grand Prix,2025-11-09 17:25:37+00:00,1537000.0,Other,FIA STEWARDS: TURN 1 INCIDENT INVOLVING CARS 81 (PIA) AND 12 (ANT) UNDER INVESTIGATION - CAUSING A COLLISION,,,,,,,16,investigations_noted,fia stewards: turn # incident involving cars # (pia) and # (ant) under investigation - causing a collision,False,False,True,False,True
5067,2025-s-o-paulo-grand-prix-r,2025,São Paulo Grand Prix,2025-11-09 17:26:07+00:00,1567000.0,Other,FIA STEWARDS: 10 SECOND TIME PENALTY FOR CAR 81 (PIA) - CAUSING A COLLISION,,,,,,,16,penalties,fia stewards: # second time penalty for car # (pia) - causing a collision,False,False,True,False,True
5068,2025-s-o-paulo-grand-prix-r,2025,São Paulo Grand Prix,2025-11-09 17:26:46+00:00,1606000.0,Other,CAR 12 (ANT) TIME 1:16.547 DELETED - TRACK LIMITS AT TURN 2 LAP 6 14:12:11,,,,,,,17,other,car # (ant) time #:#.# deleted - track limits at turn # lap # #:#:#,False,False,True,False,True
5069,2025-s-o-paulo-grand-prix-r,2025,São Paulo Grand Prix,2025-11-09 17:27:19+00:00,1639000.0,Other,FIA STEWARDS: LAP 1 TURN 1 INCIDENT INVOLVING CARS 55 (SAI) AND 44 (HAM) REVIEWED NO FURTHER INVESTIGATION - CAUSING A COLLISION,,,,,,,17,investigations_noted,fia stewards: lap # turn # incident involving cars # (sai) and # (ham) reviewed no further investigation - causing a collision,False,False,True,False,True
5070,2025-s-o-paulo-grand-prix-r,2025,São Paulo Grand Prix,2025-11-09 17:28:16+00:00,1696000.0,Other,FIA STEWARDS: TURN 15 INCIDENT INVOLVING CARS 44 (HAM) AND 43 (COL) UNDER INVESTIGATION - CAUSING A COLLISION,,,,,,,18,investigations_noted,fia stewards: turn # incident involving cars # (ham) and # (col) under investigation - causing a collision,False,False,True,False,True
5071,2025-s-o-paulo-grand-prix-r,2025,São Paulo Grand Prix,2025-11-09 17:28:58+00:00,1738000.0,Other,CAR 14 (ALO) LAP DELETED - TRACK LIMITS AT TURN 8 LAP 1 14:03:59,,,,,,,18,other,car # (alo) lap deleted - track limits at turn # lap # #:#:#,False,False,True,False,True
5072,2025-s-o-paulo-grand-prix-r,2025,São Paulo Grand Prix,2025-11-09 17:38:51+00:00,2331000.0,Other,INCIDENT INVOLVING CAR 22 (TSU) NOTED - FAILING TO SERVE TIME PENALTY CORRECTLY,,,,,,,26,penalties,incident involving car # (tsu) noted - failing to serve time penalty correctly,False,False,True,False,True
5073,2025-s-o-paulo-grand-prix-r,2025,São Paulo Grand Prix,2025-11-09 17:40:50+00:00,2450000.0,Other,FIA STEWARDS: INCIDENT INVOLVING CAR 22 (TSU) UNDER INVESTIGATION - FAILING TO SERVE TIME PENALTY CORRECTLY,,,,,,,28,penalties,fia stewards: incident involving car # (tsu) under investigation - failing to serve time penalty correctly,False,False,True,False,True
5074,2025-s-o-paulo-grand-prix-r,2025,São Paulo Grand Prix,2025-11-09 17:41:27+00:00,2487000.0,Other,FIA STEWARDS: 5 SECOND TIME PENALTY FOR CAR 44 (HAM) - CAUSING A COLLISION,,,,,,,28,penalties,fia stewards: # second time penalty for car # (ham) - causing a collision,False,False,True,False,True
5075,2025-s-o-paulo-grand-prix-r,2025,São Paulo Grand Prix,2025-11-09 17:47:45+00:00,2865000.0,Other,FIA STEWARDS: 10 SECOND TIME PENALTY FOR CAR 22 (TSU) - FAILING TO SERVE TIME PENALTY CORRECTLY,,,,,,,33,penalties,fia stewards: # second time penalty for car # (tsu) - failing to serve time penalty correctly,False,False,True,False,True
5076,2025-s-o-paulo-grand-prix-r,2025,São Paulo Grand Prix,2025-11-09 17:50:24+00:00,3024000.0,Flag,WAVED BLUE FLAG FOR CAR 44 (HAM) TIMED AT 14:50:23,,BLUE,Driver,,44.0,HAM,35,flags,waved blue flag for car # (ham) timed at #:#:#,False,False,False,True,True
5077,2025-s-o-paulo-grand-prix-r,2025,São Paulo Grand Prix,2025-11-09 17:50:38+00:00,3038000.0,Other,FIA STEWARDS: PENALTY SERVED - 5 SECOND TIME PENALTY FOR CAR 44 (HAM) - CAUSING A COLLISION,,,,,,,36,penalties,fia stewards: penalty served - # second time penalty for car # (ham) - causing a collision,False,False,True,False,True
5078,2025-s-o-paulo-grand-prix-r,2025,São Paulo Grand Prix,2025-11-09 17:54:07+00:00,3247000.0,Flag,WAVED BLUE FLAG FOR CAR 44 (HAM) TIMED AT 14:54:07,,BLUE,Driver,,44.0,HAM,38,flags,waved blue flag for car # (ham) timed at #:#:#,False,False,False,True,True
5079,2025-s-o-paulo-grand-prix-r,2025,São Paulo Grand Prix,2025-11-09 17:56:23+00:00,3383000.0,Other,FIA STEWARDS: PENALTY SERVED - 10 SECOND TIME PENALTY FOR CAR 81 (PIA) - CAUSING A COLLISION,,,,,,,40,penalties,fia stewards: penalty served - # second time penalty for car # (pia) - causing a collision,False,False,True,False,True
5080,2025-s-o-paulo-grand-prix-r,2025,São Paulo Grand Prix,2025-11-09 18:08:36+00:00,4116000.0,Other,FIA STEWARDS: PENALTY SERVED - 10 SECOND TIME PENALTY FOR CAR 22 (TSU) - FAILING TO SERVE TIME PENALTY CORRECTLY,,,,,,,50,penalties,fia stewards: penalty served - # second time penalty for car # (tsu) - failing to serve time penalty correctly,False,False,True,False,True
5081,2025-s-o-paulo-grand-prix-r,2025,São Paulo Grand Prix,2025-11-09 18:35:14+00:00,5714000.0,Flag,CHEQUERED FLAG,,CHEQUERED,Track,,,,71,red_flag,chequered flag,False,False,True,False,True
5082,2025-s-o-paulo-grand-prix-r,2025,São Paulo Grand Prix,2025-11-09 18:36:20+00:00,5780000.0,Other,TURN 1 INCIDENT INVOLVING CARS 6 (HAD) AND 30 (LAW) NOTED,,,,,,,71,investigations_noted,turn # incident involving cars # (had) and # (law) noted,False,False,True,False,True
5083,2025-s-o-paulo-grand-prix-r,2025,São Paulo Grand Prix,2025-11-09 18:38:09+00:00,5889000.0,Other,FIA STEWARDS: TURN 1 INCIDENT INVOLVING CARS 6 (HAD) AND 30 (LAW) REVIEWED NO FURTHER INVESTIGATION,,,,,,,71,investigations_noted,fia stewards: turn # incident involving cars # (had) and # (law) reviewed no further investigation,False,False,True,False,True
5084,2025-s-o-paulo-grand-prix-r,2025,São Paulo Grand Prix,2025-11-09 18:38:28+00:00,5908000.0,Other,ALL PASS HOLDERS MAY ACCESS THE PIT LANE,,,,,,,71,pit_entry_exit,all pass holders may access the pit lane,False,False,True,False,True
5029,2025-s-o-paulo-grand-prix-r,2025,São Paulo Grand Prix,2025-11-09 16:16:20+00:00,,Other,AWNINGS MAY BE USED,,,,,,,1,other,awnings may be used,True,False,True,False,True
5030,2025-s-o-paulo-grand-prix-r,2025,São Paulo Grand Prix,2025-11-09 16:20:01+00:00,,Flag,GREEN LIGHT - PIT EXIT OPEN,,GREEN,Track,,,,1,pit_entry_exit,green light - pit exit open,True,False,True,False,True
5031,2025-s-o-paulo-grand-prix-r,2025,São Paulo Grand Prix,2025-11-09 16:30:01+00:00,,Other,PIT EXIT CLOSED,,,,,,,1,pit_entry_exit,pit exit closed,True,False,True,False,True
5032,2025-s-o-paulo-grand-prix-r,2025,São Paulo Grand Prix,2025-11-09 16:45:06+00:00,,Other,RISK OF RAIN FOR F1 RACE IS 40%,,,,,,,1,other,risk of rain for f1 race is #%,True,False,True,False,True
5033,2025-s-o-paulo-grand-prix-r,2025,São Paulo Grand Prix,2025-11-09 16:52:51+00:00,,Flag,DOUBLE YELLOW IN TRACK SECTOR 14,,DOUBLE YELLOW,Sector,14.0,,,1,flags,double yellow in track sector #,True,False,True,False,True
5034,2025-s-o-paulo-grand-prix-r,2025,São Paulo Grand Prix,2025-11-09 16:52:51+00:00,,Flag,DOUBLE YELLOW IN TRACK SECTOR 15,,DOUBLE YELLOW,Sector,15.0,,,1,flags,double yellow in track sector #,True,False,True,False,True
5035,2025-s-o-paulo-grand-prix-r,2025,São Paulo Grand Prix,2025-11-09 16:52:53+00:00,,Other,DRS DISABLED IN ZONE 2,,,,,,,1,drs,drs disabled in zone #,True,False,True,False,True
5036,2025-s-o-paulo-grand-prix-r,2025,São Paulo Grand Prix,2025-11-09 16:52:55+00:00,,Other,DRS ENABLED IN ZONE 2,,,,,,,1,drs,drs enabled in zone #,True,False,True,False,True
5037,2025-s-o-paulo-grand-prix-r,2025,São Paulo Grand Prix,2025-11-09 16:52:55+00:00,,Flag,CLEAR IN TRACK SECTOR 14,,CLEAR,Sector,14.0,,,1,flags,clear in track sector #,True,False,True,False,True
5038,2025-s-o-paulo-grand-prix-r,2025,São Paulo Grand Prix,2025-11-09 16:52:55+00:00,,Flag,CLEAR IN TRACK SECTOR 15,,CLEAR,Sector,15.0,,,1,flags,clear in track sector #,True,False,True,False,True
5039,2025-s-o-paulo-grand-prix-r,2025,São Paulo Grand Prix,2025-11-09 16:57:08+00:00,,Drs,DRS DISABLED,DISABLED,,,,,,1,drs,drs disabled,True,False,True,False,True
4979,2025-las-vegas-grand-prix-r,2025,Las Vegas Grand Prix,2025-11-23 04:04:09+00:00,249000.0,Flag,GREEN LIGHT - PIT EXIT OPEN,,GREEN,Track,,,,1,pit_entry_exit,green light - pit exit open,False,False,True,False,True
4980,2025-las-vegas-grand-prix-r,2025,Las Vegas Grand Prix,2025-11-23 04:04:21+00:00,261000.0,Flag,YELLOW IN TRACK SECTOR 2,,YELLOW,Sector,2.0,,,1,flags,yellow in track sector #,False,False,True,False,True
4981,2025-las-vegas-grand-prix-r,2025,Las Vegas Grand Prix,2025-11-23 04:04:22+00:00,262000.0,Flag,DOUBLE YELLOW IN TRACK SECTOR 2,,DOUBLE YELLOW,Sector,2.0,,,1,flags,double yellow in track sector #,False,False,True,False,True
4982,2025-las-vegas-grand-prix-r,2025,Las Vegas Grand Prix,2025-11-23 04:04:34+00:00,274000.0,Flag,CLEAR IN TRACK SECTOR 2,,CLEAR,Sector,2.0,,,1,flags,clear in track sector #,False,False,True,False,True
4983,2025-las-vegas-grand-prix-r,2025,Las Vegas Grand Prix,2025-11-23 04:04:35+00:00,275000.0,Other,TRACK SURFACE SLIPPERY IN TRACK SECTOR 3,,,,,,,1,other,track surface slippery in track sector #,False,False,True,False,True
4984,2025-las-vegas-grand-prix-r,2025,Las Vegas Grand Prix,2025-11-23 04:04:39+00:00,279000.0,Other,TRACK SURFACE SLIPPERY IN TRACK SECTOR 4,,,,,,,1,other,track surface slippery in track sector #,False,False,True,False,True
4985,2025-las-vegas-grand-prix-r,2025,Las Vegas Grand Prix,2025-11-23 04:04:48+00:00,288000.0,Other,TRACK SURFACE SLIPPERY IN TRACK SECTOR 2,,,,,,,1,other,track surface slippery in track sector #,False,False,True,False,True
4986,2025-las-vegas-grand-prix-r,2025,Las Vegas Grand Prix,2025-11-23 04:05:33+00:00,333000.0,Flag,DOUBLE YELLOW IN TRACK SECTOR 2,,DOUBLE YELLOW,Sector,2.0,,,1,flags,double yellow in track sector #,False,False,True,False,True
4987,2025-las-vegas-grand-prix-r,2025,Las Vegas Grand Prix,2025-11-23 04:05:35+00:00,335000.0,Flag,CLEAR IN TRACK SECTOR 4,,CLEAR,Sector,4.0,,,1,flags,clear in track sector #,False,False,True,False,True
4988,2025-las-vegas-grand-prix-r,2025,Las Vegas Grand Prix,2025-11-23 04:05:49+00:00,349000.0,Drs,DRS ENABLED,ENABLED,,,,,,1,drs,drs enabled,False,False,True,False,True
4989,2025-las-vegas-grand-prix-r,2025,Las Vegas Grand Prix,2025-11-23 04:05:51+00:00,351000.0,Flag,CLEAR IN TRACK SECTOR 2,,CLEAR,Sector,2.0,,,2,flags,clear in track sector #,False,False,True,False,True
4990,2025-las-vegas-grand-prix-r,2025,Las Vegas Grand Prix,2025-11-23 04:06:00+00:00,360000.0,Flag,DOUBLE YELLOW IN TRACK SECTOR 2,,DOUBLE YELLOW,Sector,2.0,,,2,flags,double yellow in track sector #,False,False,True,False,True
4991,2025-las-vegas-grand-prix-r,2025,Las Vegas Grand Prix,2025-11-23 04:07:08+00:00,428000.0,SafetyCar,VIRTUAL SAFETY CAR DEPLOYED,DEPLOYED,,,,,,2,safety_car,virtual safety car deployed,False,False,True,False,True
4992,2025-las-vegas-grand-prix-r,2025,Las Vegas Grand Prix,2025-11-23 04:07:08+00:00,428000.0,Flag,CLEAR IN TRACK SECTOR 3,,CLEAR,Sector,3.0,,,2,flags,clear in track sector #,False,False,True,False,True
4993,2025-las-vegas-grand-prix-r,2025,Las Vegas Grand Prix,2025-11-23 04:07:18+00:00,438000.0,Flag,DOUBLE YELLOW IN TRACK SECTOR 3,,DOUBLE YELLOW,Sector,3.0,,,2,flags,double yellow in track sector #,False,False,True,False,True
4994,2025-las-vegas-grand-prix-r,2025,Las Vegas Grand Prix,2025-11-23 04:09:21+00:00,561000.0,Other,TURN 1 INCIDENT INVOLVING CARS 81 (PIA) AND 30 (LAW) NOTED - CAUSING A COLLISION,,,,,,,3,investigations_noted,turn # incident involving cars # (pia) and # (law) noted - causing a collision,False,False,True,False,True
4995,2025-las-vegas-grand-prix-r,2025,Las Vegas Grand Prix,2025-11-23 04:09:36+00:00,576000.0,Other,FIA STEWARDS: TURN 1 INCIDENT INVOLVING CARS 81 (PIA) AND 30 (LAW) UNDER INVESTIGATION - CAUSING A COLLISION,,,,,,,3,investigations_noted,fia stewards: turn # incident involving cars # (pia) and # (law) under investigation - causing a collision,False,False,True,False,True
4996,2025-las-vegas-grand-prix-r,2025,Las Vegas Grand Prix,2025-11-23 04:09:50+00:00,590000.0,Flag,CLEAR IN TRACK SECTOR 2,,CLEAR,Sector,2.0,,,3,flags,clear in track sector #,False,False,True,False,True
4997,2025-las-vegas-grand-prix-r,2025,Las Vegas Grand Prix,2025-11-23 04:09:51+00:00,591000.0,Flag,CLEAR IN TRACK SECTOR 3,,CLEAR,Sector,3.0,,,3,flags,clear in track sector #,False,False,True,False,True
4998,2025-las-vegas-grand-prix-r,2025,Las Vegas Grand Prix,2025-11-23 04:09:53+00:00,593000.0,SafetyCar,VIRTUAL SAFETY CAR ENDING,ENDING,,,,,,4,safety_car,virtual safety car ending,False,False,True,False,True
4999,2025-las-vegas-grand-prix-r,2025,Las Vegas Grand Prix,2025-11-23 04:10:06+00:00,606000.0,Flag,TRACK CLEAR,,CLEAR,Track,,,,4,flags,track clear,False,False,True,False,True
5000,2025-las-vegas-grand-prix-r,2025,Las Vegas Grand Prix,2025-11-23 04:10:08+00:00,608000.0,Drs,DRS ENABLED,ENABLED,,,,,,4,drs,drs enabled,False,False,True,False,True
5001,2025-las-vegas-grand-prix-r,2025,Las Vegas Grand Prix,2025-11-23 04:10:27+00:00,627000.0,Other,"TURN 1 INCIDENT INVOLVING CARS 5 (BOR), 43 (COL) AND 18 (STR) NOTED - CAUSING A COLLISION",,,,,,,4,investigations_noted,"turn # incident involving cars # (bor), # (col) and # (str) noted - causing a collision",False,False,True,False,True
5002,2025-las-vegas-grand-prix-r,2025,Las Vegas Grand Prix,2025-11-23 04:11:51+00:00,711000.0,Other,FIA STEWARDS: TURN 1 INCIDENT INVOLVING CARS 5 (BOR) AND 18 (STR) UNDER INVESTIGATION - CAUSING A COLLISION,,,,,,,5,investigations_noted,fia stewards: turn # incident involving cars # (bor) and # (str) under investigation - causing a collision,False,False,True,False,True
5003,2025-las-vegas-grand-prix-r,2025,Las Vegas Grand Prix,2025-11-23 04:15:58+00:00,958000.0,Other,FIA STEWARDS: TURN 1 INCIDENT INVOLVING CARS 81 (PIA) AND 30 (LAW) NO FURTHER ACTION - CAUSING A COLLISION,,,,,,,7,investigations_noted,fia stewards: turn # incident involving cars # (pia) and # (law) no further action - causing a collision,False,False,True,False,True
5004,2025-las-vegas-grand-prix-r,2025,Las Vegas Grand Prix,2025-11-23 04:18:11+00:00,1091000.0,Other,FIA STEWARDS: TURN 1 INCIDENT INVOLVING CARS 5 (BOR) AND 18 (STR) WILL BE INVESTIGATED AFTER THE RACE - CAUSING A COLLISION,,,,,,,9,investigations_noted,fia stewards: turn # incident involving cars # (bor) and # (str) will be investigated after the race - causing a collision,False,False,True,False,True
5005,2025-las-vegas-grand-prix-r,2025,Las Vegas Grand Prix,2025-11-23 04:19:02+00:00,1142000.0,Other,INCIDENT INVOLVING CAR 12 (ANT) NOTED - FALSE START - MOVING BEFORE SIGNAL,,,,,,,9,investigations_noted,incident involving car # (ant) noted - false start - moving before signal,False,False,True,False,True
5006,2025-las-vegas-grand-prix-r,2025,Las Vegas Grand Prix,2025-11-23 04:20:33+00:00,1233000.0,Other,INCIDENT INVOLVING CAR 23 (ALB) NOTED - STARTING PROCEDURE INFRINGEMENT,,,,,,,10,investigations_noted,incident involving car # (alb) noted - starting procedure infringement,False,False,True,False,True
5007,2025-las-vegas-grand-prix-r,2025,Las Vegas Grand Prix,2025-11-23 04:22:21+00:00,1341000.0,Other,FIA STEWARDS: INCIDENT INVOLVING CAR 12 (ANT) UNDER INVESTIGATION - FALSE START - MOVING BEFORE SIGNAL,,,,,,,11,investigations_noted,fia stewards: incident involving car # (ant) under investigation - false start - moving before signal,False,False,True,False,True
5008,2025-las-vegas-grand-prix-r,2025,Las Vegas Grand Prix,2025-11-23 04:27:28+00:00,1648000.0,Other,TRACK SURFACE SLIPPERY IN TRACK SECTOR 17,,,,,,,14,other,track surface slippery in track sector #,False,False,True,False,True
5009,2025-las-vegas-grand-prix-r,2025,Las Vegas Grand Prix,2025-11-23 04:28:12+00:00,1692000.0,Other,FIA STEWARDS: 5 SECOND TIME PENALTY FOR CAR 12 (ANT) - FALSE START - MOVING BEFORE SIGNAL,,,,,,,15,penalties,fia stewards: # second time penalty for car # (ant) - false start - moving before signal,False,False,True,False,True
5010,2025-las-vegas-grand-prix-r,2025,Las Vegas Grand Prix,2025-11-23 04:29:05+00:00,1745000.0,Other,TURN 14 INCIDENT INVOLVING CARS 23 (ALB) AND 44 (HAM) NOTED - CAUSING A COLLISION,,,,,,,15,investigations_noted,turn # incident involving cars # (alb) and # (ham) noted - causing a collision,False,False,True,False,True
5011,2025-las-vegas-grand-prix-r,2025,Las Vegas Grand Prix,2025-11-23 04:29:40+00:00,1780000.0,SafetyCar,VIRTUAL SAFETY CAR DEPLOYED,DEPLOYED,,,,,,16,safety_car,virtual safety car deployed,False,False,True,False,True
5012,2025-las-vegas-grand-prix-r,2025,Las Vegas Grand Prix,2025-11-23 04:29:40+00:00,1780000.0,Flag,CLEAR IN TRACK SECTOR 17,,CLEAR,Sector,17.0,,,16,flags,clear in track sector #,False,False,True,False,True
5013,2025-las-vegas-grand-prix-r,2025,Las Vegas Grand Prix,2025-11-23 04:30:05+00:00,1805000.0,Flag,DOUBLE YELLOW IN TRACK SECTOR 17,,DOUBLE YELLOW,Sector,17.0,,,16,flags,double yellow in track sector #,False,False,True,False,True
5014,2025-las-vegas-grand-prix-r,2025,Las Vegas Grand Prix,2025-11-23 04:30:40+00:00,1840000.0,Flag,CLEAR IN TRACK SECTOR 17,,CLEAR,Sector,17.0,,,16,flags,clear in track sector #,False,False,True,False,True
5015,2025-las-vegas-grand-prix-r,2025,Las Vegas Grand Prix,2025-11-23 04:30:43+00:00,1843000.0,SafetyCar,VIRTUAL SAFETY CAR ENDING,ENDING,,,,,,16,safety_car,virtual safety car ending,False,False,True,False,True
5016,2025-las-vegas-grand-prix-r,2025,Las Vegas Grand Prix,2025-11-23 04:30:49+00:00,1849000.0,Other,FIA STEWARDS: TURN 14 INCIDENT INVOLVING CARS 23 (ALB) AND 44 (HAM) UNDER INVESTIGATION - CAUSING A COLLISION,,,,,,,16,investigations_noted,fia stewards: turn # incident involving cars # (alb) and # (ham) under investigation - causing a collision,False,False,True,False,True
5017,2025-las-vegas-grand-prix-r,2025,Las Vegas Grand Prix,2025-11-23 04:30:56+00:00,1856000.0,Flag,TRACK CLEAR,,CLEAR,Track,,,,16,flags,track clear,False,False,True,False,True
5018,2025-las-vegas-grand-prix-r,2025,Las Vegas Grand Prix,2025-11-23 04:30:59+00:00,1859000.0,Drs,DRS ENABLED,ENABLED,,,,,,16,drs,drs enabled,False,False,True,False,True
5019,2025-las-vegas-grand-prix-r,2025,Las Vegas Grand Prix,2025-11-23 04:34:45+00:00,2085000.0,Other,FIA STEWARDS: INCIDENT INVOLVING CAR 23 (ALB) UNDER INVESTIGATION - STARTING PROCEDURE INFRINGEMENT,,,,,,,19,investigations_noted,fia stewards: incident involving car # (alb) under investigation - starting procedure infringement,False,False,True,False,True
5020,2025-las-vegas-grand-prix-r,2025,Las Vegas Grand Prix,2025-11-23 04:36:49+00:00,2209000.0,Other,FIA STEWARDS: 5 SECOND TIME PENALTY FOR CAR 23 (ALB) - CAUSING A COLLISION,,,,,,,20,penalties,fia stewards: # second time penalty for car # (alb) - causing a collision,False,False,True,False,True
5021,2025-las-vegas-grand-prix-r,2025,Las Vegas Grand Prix,2025-11-23 04:38:01+00:00,2281000.0,Other,FIA STEWARDS: REPRIMAND (DRIVING) FOR CAR 23 (ALB) - STARTING PROCEDURE INFRINGEMENT,,,,,,,21,investigations_noted,fia stewards: reprimand (driving) for car # (alb) - starting procedure infringement,False,False,True,False,True
5022,2025-las-vegas-grand-prix-r,2025,Las Vegas Grand Prix,2025-11-23 05:02:02+00:00,3722000.0,Flag,WAVED BLUE FLAG FOR CAR 23 (ALB) TIMED AT 21:02:02,,BLUE,Driver,,23.0,ALB,36,flags,waved blue flag for car # (alb) timed at #:#:#,False,False,False,True,True
5023,2025-las-vegas-grand-prix-r,2025,Las Vegas Grand Prix,2025-11-23 05:02:10+00:00,3730000.0,Flag,WAVED BLUE FLAG FOR CAR 23 (ALB) TIMED AT 21:02:09,,BLUE,Driver,,23.0,ALB,36,flags,waved blue flag for car # (alb) timed at #:#:#,False,False,False,True,True
5024,2025-las-vegas-grand-prix-r,2025,Las Vegas Grand Prix,2025-11-23 05:04:26+00:00,3866000.0,Other,FIA STEWARDS: PENALTY SERVED - 5 SECOND TIME PENALTY FOR CAR 23 (ALB) - CAUSING A COLLISION,,,,,,,37,penalties,fia stewards: penalty served - # second time penalty for car # (alb) - causing a collision,False,False,True,False,True
5025,2025-las-vegas-grand-prix-r,2025,Las Vegas Grand Prix,2025-11-23 05:17:22+00:00,4642000.0,Flag,WAVED BLUE FLAG FOR CAR 43 (COL) TIMED AT 21:17:21,,BLUE,Driver,,43.0,COL,45,flags,waved blue flag for car # (col) timed at #:#:#,False,False,False,True,True
5026,2025-las-vegas-grand-prix-r,2025,Las Vegas Grand Prix,2025-11-23 05:22:21+00:00,4941000.0,Flag,WAVED BLUE FLAG FOR CAR 30 (LAW) TIMED AT 21:22:21,,BLUE,Driver,,30.0,LAW,49,flags,waved blue flag for car # (law) timed at #:#:#,False,False,False,True,True
5027,2025-las-vegas-grand-prix-r,2025,Las Vegas Grand Prix,2025-11-23 05:25:17+00:00,5117000.0,Flag,CHEQUERED FLAG,,CHEQUERED,Track,,,,50,red_flag,chequered flag,False,False,True,False,True
5028,2025-las-vegas-grand-prix-r,2025,Las Vegas Grand Prix,2025-11-23 05:29:18+00:00,5358000.0,Other,ALL PASS HOLDERS MAY ACCESS THE PIT LANE,,,,,,,50,pit_entry_exit,all pass holders may access the pit lane,False,False,True,False,True
4968,2025-las-vegas-grand-prix-r,2025,Las Vegas Grand Prix,2025-11-23 03:20:00+00:00,,Flag,GREEN LIGHT - PIT EXIT OPEN,,GREEN,Track,,,,1,pit_entry_exit,green light - pit exit open,True,False,True,False,True
4969,2025-las-vegas-grand-prix-r,2025,Las Vegas Grand Prix,2025-11-23 03:30:00+00:00,,Other,PIT EXIT CLOSED,,,,,,,1,pit_entry_exit,pit exit closed,True,False,True,False,True
4970,2025-las-vegas-grand-prix-r,2025,Las Vegas Grand Prix,2025-11-23 03:31:42+00:00,,Other,FIA STEWARDS: INCIDENT INVOLVING CAR 4 (NOR) NOTED - FAILING TO FOLLOW RACE DIRECTORS INSTRUCTIONS - MAXIMUM DELTA TIME,,,,,,,1,investigations_noted,fia stewards: incident involving car # (nor) noted - failing to follow race directors instructions - maximum delta time,True,False,True,False,True
4971,2025-las-vegas-grand-prix-r,2025,Las Vegas Grand Prix,2025-11-23 03:32:21+00:00,,Flag,DOUBLE YELLOW IN TRACK SECTOR 3,,DOUBLE YELLOW,Sector,3.0,,,1,flags,double yellow in track sector #,True,False,True,False,True
4972,2025-las-vegas-grand-prix-r,2025,Las Vegas Grand Prix,2025-11-23 03:32:22+00:00,,Other,DRS DISABLED IN ZONE 1,,,,,,,1,drs,drs disabled in zone #,True,False,True,False,True
4973,2025-las-vegas-grand-prix-r,2025,Las Vegas Grand Prix,2025-11-23 03:33:28+00:00,,Other,FIA STEWARDS: INCIDENT INVOLVING CAR 4 (NOR) WILL BE INVESTIGATED AFTER THE RACE - FAILING TO FOLLOW RACE DIRECTORS INSTRUCTIONS - MAXIMUM DELTA TIME,,,,,,,1,investigations_noted,fia stewards: incident involving car # (nor) will be investigated after the race - failing to follow race directors instructions - maximum delta time,True,False,True,False,True
4974,2025-las-vegas-grand-prix-r,2025,Las Vegas Grand Prix,2025-11-23 03:34:08+00:00,,Other,DRS ENABLED IN ZONE 1,,,,,,,1,drs,drs enabled in zone #,True,False,True,False,True
4975,2025-las-vegas-grand-prix-r,2025,Las Vegas Grand Prix,2025-11-23 03:34:08+00:00,,Flag,CLEAR IN TRACK SECTOR 3,,CLEAR,Sector,3.0,,,1,flags,clear in track sector #,True,False,True,False,True
4976,2025-las-vegas-grand-prix-r,2025,Las Vegas Grand Prix,2025-11-23 03:45:15+00:00,,Other,RISK OF RAIN FOR F1 RACE IS 10 %,,,,,,,1,other,risk of rain for f1 race is # %,True,False,True,False,True
4977,2025-las-vegas-grand-prix-r,2025,Las Vegas Grand Prix,2025-11-23 03:50:44+00:00,,Other,FIA STEWARDS: INCIDENT INVOLVING CAR 4 (NOR) NO FURTHER ACTION - FAILING TO FOLLOW RACE DIRECTORS INSTRUCTIONS - MAXIMUM DELTA TIME,,,,,,,1,investigations_noted,fia stewards: incident involving car # (nor) no further action - failing to follow race directors instructions - maximum delta time,True,False,True,False,True
4978,2025-las-vegas-grand-prix-r,2025,Las Vegas Grand Prix,2025-11-23 03:57:06+00:00,,Drs,DRS DISABLED,DISABLED,,,,,,1,drs,drs disabled,True,False,True,False,True
5090,2025-qatar-grand-prix-r,2025,Qatar Grand Prix,2025-11-30 16:03:27+00:00,207000.0,Flag,GREEN LIGHT - PIT EXIT OPEN,,GREEN,Track,,,,1,pit_entry_exit,green light - pit exit open,False,False,True,False,True
5091,2025-qatar-grand-prix-r,2025,Qatar Grand Prix,2025-11-30 16:05:21+00:00,321000.0,Drs,DRS ENABLED,ENABLED,,,,,,2,drs,drs enabled,False,False,True,False,True
5092,2025-qatar-grand-prix-r,2025,Qatar Grand Prix,2025-11-30 16:06:52+00:00,412000.0,Other,CAR 22 (TSU) TIME 1:29.251 DELETED - TRACK LIMITS AT TURN 10 LAP 2 19:05:58,,,,,,,3,other,car # (tsu) time #:#.# deleted - track limits at turn # lap # #:#:#,False,False,True,False,True
5093,2025-qatar-grand-prix-r,2025,Qatar Grand Prix,2025-11-30 16:07:58+00:00,478000.0,Other,TURN 14 INCIDENT INVOLVING CAR 10 (GAS) NOTED - REJOINING UNSAFELY,,,,,,,4,investigations_noted,turn # incident involving car # (gas) noted - rejoining unsafely,False,False,True,False,True
5094,2025-qatar-grand-prix-r,2025,Qatar Grand Prix,2025-11-30 16:10:01+00:00,601000.0,Other,CAR 12 (ANT) TIME 1:27.737 DELETED - TRACK LIMITS AT TURN 10 LAP 3 19:07:18,,,,,,,5,other,car # (ant) time #:#.# deleted - track limits at turn # lap # #:#:#,False,False,True,False,True
5095,2025-qatar-grand-prix-r,2025,Qatar Grand Prix,2025-11-30 16:10:31+00:00,631000.0,Other,CAR 10 (GAS) TIME 1:29.291 DELETED - TRACK LIMITS AT TURN 14 LAP 2 19:06:12,,,,,,,5,other,car # (gas) time #:#.# deleted - track limits at turn # lap # #:#:#,False,False,True,False,True
5096,2025-qatar-grand-prix-r,2025,Qatar Grand Prix,2025-11-30 16:11:00+00:00,660000.0,Flag,BLACK AND WHITE FLAG FOR CAR 10 (GAS) - REJOINING UNSAFELY,,BLACK AND WHITE,Driver,,10.0,GAS,6,flags,black and white flag for car # (gas) - rejoining unsafely,False,False,False,True,True
5097,2025-qatar-grand-prix-r,2025,Qatar Grand Prix,2025-11-30 16:12:12+00:00,732000.0,Other,INCIDENT INVOLVING CAR 31 (OCO) NOTED - FALSE START - MOVING BEFORE SIGNAL,,,,,,,7,investigations_noted,incident involving car # (oco) noted - false start - moving before signal,False,False,True,False,True
5098,2025-qatar-grand-prix-r,2025,Qatar Grand Prix,2025-11-30 16:12:45+00:00,765000.0,Flag,DOUBLE YELLOW IN TRACK SECTOR 4,,DOUBLE YELLOW,Sector,4.0,,,7,flags,double yellow in track sector #,False,False,True,False,True
5099,2025-qatar-grand-prix-r,2025,Qatar Grand Prix,2025-11-30 16:12:59+00:00,779000.0,Flag,YELLOW IN TRACK SECTOR 3,,YELLOW,Sector,3.0,,,7,flags,yellow in track sector #,False,False,True,False,True
5100,2025-qatar-grand-prix-r,2025,Qatar Grand Prix,2025-11-30 16:13:00+00:00,780000.0,Other,DRS DISABLED IN ZONE 1,,,,,,,7,drs,drs disabled in zone #,False,False,True,False,True
5101,2025-qatar-grand-prix-r,2025,Qatar Grand Prix,2025-11-30 16:13:01+00:00,781000.0,SafetyCar,SAFETY CAR DEPLOYED,DEPLOYED,,,,,,7,safety_car,safety car deployed,False,False,True,False,True
5102,2025-qatar-grand-prix-r,2025,Qatar Grand Prix,2025-11-30 16:14:24+00:00,864000.0,Other,FIA STEWARDS: INCIDENT INVOLVING CAR 31 (OCO) UNDER INVESTIGATION - FALSE START - MOVING BEFORE SIGNAL,,,,,,,8,investigations_noted,fia stewards: incident involving car # (oco) under investigation - false start - moving before signal,False,False,True,False,True
5103,2025-qatar-grand-prix-r,2025,Qatar Grand Prix,2025-11-30 16:14:53+00:00,893000.0,Other,RECOVERY VEHICLE ON TRACK AT TURN 2,,,,,,,8,other,recovery vehicle on track at turn #,False,False,True,False,True
5104,2025-qatar-grand-prix-r,2025,Qatar Grand Prix,2025-11-30 16:15:12+00:00,912000.0,Other,FIA STEWARDS: 5 SECOND TIME PENALTY FOR CAR 31 (OCO) - FALSE START - MOVING BEFORE SIGNAL,,,,,,,8,penalties,fia stewards: # second time penalty for car # (oco) - false start - moving before signal,False,False,True,False,True
5105,2025-qatar-grand-prix-r,2025,Qatar Grand Prix,2025-11-30 16:17:53+00:00,1073000.0,Flag,CLEAR IN TRACK SECTOR 3,,CLEAR,Sector,3.0,,,9,flags,clear in track sector #,False,False,True,False,True
5106,2025-qatar-grand-prix-r,2025,Qatar Grand Prix,2025-11-30 16:18:51+00:00,1131000.0,Other,TURN 2 INCIDENT INVOLVING CARS 10 (GAS) AND 27 (HUL) NOTED - CAUSING A COLLISION,,,,,,,10,investigations_noted,turn # incident involving cars # (gas) and # (hul) noted - causing a collision,False,False,True,False,True
5107,2025-qatar-grand-prix-r,2025,Qatar Grand Prix,2025-11-30 16:19:03+00:00,1143000.0,Other,FIA STEWARDS: TURN 2 INCIDENT INVOLVING CARS 10 (GAS) AND 27 (HUL) UNDER INVESTIGATION - CAUSING A COLLISION,,,,,,,10,investigations_noted,fia stewards: turn # incident involving cars # (gas) and # (hul) under investigation - causing a collision,False,False,True,False,True
5108,2025-qatar-grand-prix-r,2025,Qatar Grand Prix,2025-11-30 16:20:02+00:00,1202000.0,Flag,CLEAR IN TRACK SECTOR 4,,CLEAR,Sector,4.0,,,10,flags,clear in track sector #,False,False,True,False,True
5109,2025-qatar-grand-prix-r,2025,Qatar Grand Prix,2025-11-30 16:20:04+00:00,1204000.0,SafetyCar,SAFETY CAR IN THIS LAP,IN THIS LAP,,,,,,10,safety_car,safety car in this lap,False,False,True,False,True
5110,2025-qatar-grand-prix-r,2025,Qatar Grand Prix,2025-11-30 16:20:49+00:00,1249000.0,Flag,TRACK CLEAR,,CLEAR,Track,,,,10,flags,track clear,False,False,True,False,True
5111,2025-qatar-grand-prix-r,2025,Qatar Grand Prix,2025-11-30 16:22:38+00:00,1358000.0,Other,INCIDENT INVOLVING CAR 31 (OCO) NOTED - FAILING TO SERVE TIME PENALTY CORRECTLY,,,,,,,12,penalties,incident involving car # (oco) noted - failing to serve time penalty correctly,False,False,True,False,True
5112,2025-qatar-grand-prix-r,2025,Qatar Grand Prix,2025-11-30 16:22:41+00:00,1361000.0,Other,CAR 4 (NOR) TIME 1:25.639 DELETED - TRACK LIMITS AT TURN 10 LAP 11 19:21:51,,,,,,,12,other,car # (nor) time #:#.# deleted - track limits at turn # lap # #:#:#,False,False,True,False,True
5113,2025-qatar-grand-prix-r,2025,Qatar Grand Prix,2025-11-30 16:22:50+00:00,1370000.0,Drs,DRS ENABLED,ENABLED,,,,,,12,drs,drs enabled,False,False,True,False,True
5114,2025-qatar-grand-prix-r,2025,Qatar Grand Prix,2025-11-30 16:23:54+00:00,1434000.0,Other,FIA STEWARDS: TURN 2 INCIDENT INVOLVING CARS 10 (GAS) AND 27 (HUL) NO FURTHER ACTION - CAUSING A COLLISION,,,,,,,13,investigations_noted,fia stewards: turn # incident involving cars # (gas) and # (hul) no further action - causing a collision,False,False,True,False,True
5115,2025-qatar-grand-prix-r,2025,Qatar Grand Prix,2025-11-30 16:24:04+00:00,1444000.0,Other,FIA STEWARDS: INCIDENT INVOLVING CAR 31 (OCO) REVIEWED NO FURTHER INVESTIGATION - FAILING TO SERVE TIME PENALTY CORRECTLY,,,,,,,13,penalties,fia stewards: incident involving car # (oco) reviewed no further investigation - failing to serve time penalty correctly,False,False,True,False,True
5116,2025-qatar-grand-prix-r,2025,Qatar Grand Prix,2025-11-30 16:24:19+00:00,1459000.0,Other,CAR 23 (ALB) TIME 1:28.247 DELETED - TRACK LIMITS AT TURN 10 LAP 11 19:21:58,,,,,,,13,other,car # (alb) time #:#.# deleted - track limits at turn # lap # #:#:#,False,False,True,False,True
5117,2025-qatar-grand-prix-r,2025,Qatar Grand Prix,2025-11-30 16:25:36+00:00,1536000.0,Other,CAR 23 (ALB) TIME 1:28.153 DELETED - TRACK LIMITS AT TURN 10 LAP 13 19:24:54,,,,,,,14,other,car # (alb) time #:#.# deleted - track limits at turn # lap # #:#:#,False,False,True,False,True
5118,2025-qatar-grand-prix-r,2025,Qatar Grand Prix,2025-11-30 16:29:07+00:00,1747000.0,Other,INCIDENT INVOLVING CAR 18 (STR) NOTED - YELLOW FLAG INFRINGEMENT,,,,,,,16,investigations_noted,incident involving car # (str) noted - yellow flag infringement,False,False,True,False,True
5119,2025-qatar-grand-prix-r,2025,Qatar Grand Prix,2025-11-30 16:29:18+00:00,1758000.0,Other,INCIDENT INVOLVING CAR 5 (BOR) NOTED - YELLOW FLAG INFRINGEMENT,,,,,,,16,investigations_noted,incident involving car # (bor) noted - yellow flag infringement,False,False,True,False,True
5120,2025-qatar-grand-prix-r,2025,Qatar Grand Prix,2025-11-30 16:29:27+00:00,1767000.0,Other,INCIDENT INVOLVING CAR 23 (ALB) NOTED - YELLOW FLAG INFRINGEMENT,,,,,,,16,investigations_noted,incident involving car # (alb) noted - yellow flag infringement,False,False,True,False,True
5121,2025-qatar-grand-prix-r,2025,Qatar Grand Prix,2025-11-30 16:31:32+00:00,1892000.0,Other,CAR 22 (TSU) TIME 1:27.857 DELETED - TRACK LIMITS AT TURN 10 LAP 17 19:30:45,,,,,,,18,other,car # (tsu) time #:#.# deleted - track limits at turn # lap # #:#:#,False,False,True,False,True
5122,2025-qatar-grand-prix-r,2025,Qatar Grand Prix,2025-11-30 16:32:47+00:00,1967000.0,Other,FIA STEWARDS: INCIDENT INVOLVING CAR 18 (STR) REVIEWED NO FURTHER INVESTIGATION - YELLOW FLAG INFRINGEMENT,,,,,,,19,investigations_noted,fia stewards: incident involving car # (str) reviewed no further investigation - yellow flag infringement,False,False,True,False,True
5123,2025-qatar-grand-prix-r,2025,Qatar Grand Prix,2025-11-30 16:33:01+00:00,1981000.0,Other,FIA STEWARDS: INCIDENT INVOLVING CAR 5 (BOR) REVIEWED NO FURTHER INVESTIGATION - YELLOW FLAG INFRINGEMENT,,,,,,,19,investigations_noted,fia stewards: incident involving car # (bor) reviewed no further investigation - yellow flag infringement,False,False,True,False,True
5124,2025-qatar-grand-prix-r,2025,Qatar Grand Prix,2025-11-30 16:33:37+00:00,2017000.0,Other,FIA STEWARDS: INCIDENT INVOLVING CAR 23 (ALB) REVIEWED NO FURTHER INVESTIGATION - YELLOW FLAG INFRINGEMENT,,,,,,,19,investigations_noted,fia stewards: incident involving car # (alb) reviewed no further investigation - yellow flag infringement,False,False,True,False,True
5125,2025-qatar-grand-prix-r,2025,Qatar Grand Prix,2025-11-30 16:35:54+00:00,2154000.0,Other,CAR 30 (LAW) TIME 1:27.374 DELETED - TRACK LIMITS AT TURN 8 LAP 20 19:35:02,,,,,,,21,other,car # (law) time #:#.# deleted - track limits at turn # lap # #:#:#,False,False,True,False,True
5126,2025-qatar-grand-prix-r,2025,Qatar Grand Prix,2025-11-30 16:35:56+00:00,2156000.0,Other,CAR 23 (ALB) TIME 1:27.586 DELETED - TRACK LIMITS AT TURN 10 LAP 20 19:35:08,,,,,,,21,other,car # (alb) time #:#.# deleted - track limits at turn # lap # #:#:#,False,False,True,False,True
5127,2025-qatar-grand-prix-r,2025,Qatar Grand Prix,2025-11-30 16:36:07+00:00,2167000.0,Flag,BLACK AND WHITE FLAG FOR CAR 23 (ALB) - TRACK LIMITS,,BLACK AND WHITE,Driver,,23.0,ALB,21,flags,black and white flag for car # (alb) - track limits,False,False,False,True,True
5128,2025-qatar-grand-prix-r,2025,Qatar Grand Prix,2025-11-30 16:43:53+00:00,2633000.0,Other,INCIDENT INVOLVING CAR 18 (STR) NOTED - SPEEDING IN THE PIT LANE,,,,,,,26,investigations_noted,incident involving car # (str) noted - speeding in the pit lane,False,False,True,False,True
5129,2025-qatar-grand-prix-r,2025,Qatar Grand Prix,2025-11-30 16:43:59+00:00,2639000.0,Other,FIA STEWARDS: INCIDENT INVOLVING CAR 18 (STR) UNDER INVESTIGATION - SPEEDING IN THE PIT LANE,,,,,,,27,investigations_noted,fia stewards: incident involving car # (str) under investigation - speeding in the pit lane,False,False,True,False,True
5130,2025-qatar-grand-prix-r,2025,Qatar Grand Prix,2025-11-30 16:44:48+00:00,2688000.0,Other,FIA STEWARDS: 5 SECOND TIME PENALTY FOR CAR 18 (STR) - SPEEDING IN THE PIT LANE,,,,,,,27,penalties,fia stewards: # second time penalty for car # (str) - speeding in the pit lane,False,False,True,False,True
5131,2025-qatar-grand-prix-r,2025,Qatar Grand Prix,2025-11-30 16:48:45+00:00,2925000.0,Other,CAR 4 (NOR) TIME 1:25.020 DELETED - TRACK LIMITS AT TURN 10 LAP 29 19:48:01,,,,,,,30,other,car # (nor) time #:#.# deleted - track limits at turn # lap # #:#:#,False,False,True,False,True
5132,2025-qatar-grand-prix-r,2025,Qatar Grand Prix,2025-11-30 16:51:45+00:00,3105000.0,Other,CAR 63 (RUS) TIME 1:26.633 DELETED - TRACK LIMITS AT TURN 10 LAP 31 19:51:03,,,,,,,32,other,car # (rus) time #:#.# deleted - track limits at turn # lap # #:#:#,False,False,True,False,True
5133,2025-qatar-grand-prix-r,2025,Qatar Grand Prix,2025-11-30 16:54:53+00:00,3293000.0,Other,INCIDENT INVOLVING CAR 87 (BEA) NOTED - UNSAFE CONDITION,,,,,,,34,investigations_noted,incident involving car # (bea) noted - unsafe condition,False,False,True,False,True
5134,2025-qatar-grand-prix-r,2025,Qatar Grand Prix,2025-11-30 16:56:32+00:00,3392000.0,Other,FIA STEWARDS: INCIDENT INVOLVING CAR 87 (BEA) UNDER INVESTIGATION - UNSAFE CONDITION,,,,,,,35,investigations_noted,fia stewards: incident involving car # (bea) under investigation - unsafe condition,False,False,True,False,True
5135,2025-qatar-grand-prix-r,2025,Qatar Grand Prix,2025-11-30 16:57:08+00:00,3428000.0,Other,INCIDENT INVOLVING CAR 22 (TSU) NOTED - UNSAFE RELEASE,,,,,,,36,investigations_noted,incident involving car # (tsu) noted - unsafe release,False,False,True,False,True
5136,2025-qatar-grand-prix-r,2025,Qatar Grand Prix,2025-11-30 16:59:35+00:00,3575000.0,Other,FIA STEWARDS: INCIDENT INVOLVING CAR 22 (TSU) REVIEWED NO FURTHER INVESTIGATION - UNSAFE RELEASE,,,,,,,37,investigations_noted,fia stewards: incident involving car # (tsu) reviewed no further investigation - unsafe release,False,False,True,False,True
5137,2025-qatar-grand-prix-r,2025,Qatar Grand Prix,2025-11-30 17:00:23+00:00,3623000.0,Other,CAR 63 (RUS) TIME 1:25.297 DELETED - TRACK LIMITS AT TURN 10 LAP 36 19:58:38,,,,,,,38,other,car # (rus) time #:#.# deleted - track limits at turn # lap # #:#:#,False,False,True,False,True
5138,2025-qatar-grand-prix-r,2025,Qatar Grand Prix,2025-11-30 17:03:08+00:00,3788000.0,Other,FIA STEWARDS: 10 SECOND STOP/GO PENALTY FOR CAR 87 (BEA) - UNSAFE CONDITION,,,,,,,40,penalties,fia stewards: # second stop/go penalty for car # (bea) - unsafe condition,False,False,True,False,True
5139,2025-qatar-grand-prix-r,2025,Qatar Grand Prix,2025-11-30 17:07:52+00:00,4072000.0,Other,CAR 63 (RUS) TIME 1:26.070 DELETED - TRACK LIMITS AT TURN 1 LAP 42 20:06:33,,,,,,,43,other,car # (rus) time #:#.# deleted - track limits at turn # lap # #:#:#,False,False,True,False,True
5140,2025-qatar-grand-prix-r,2025,Qatar Grand Prix,2025-11-30 17:10:33+00:00,4233000.0,Flag,BLACK AND WHITE FLAG FOR CAR 63 (RUS) - TRACK LIMITS,,BLACK AND WHITE,Driver,,63.0,RUS,45,flags,black and white flag for car # (rus) - track limits,False,False,False,True,True
5141,2025-qatar-grand-prix-r,2025,Qatar Grand Prix,2025-11-30 17:11:52+00:00,4312000.0,Other,FIA STEWARDS: PENALTY SERVED - 10 SECOND STOP/GO PENALTY FOR CAR 87 (BEA) - UNSAFE CONDITION,,,,,,,46,penalties,fia stewards: penalty served - # second stop/go penalty for car # (bea) - unsafe condition,False,False,True,False,True
5142,2025-qatar-grand-prix-r,2025,Qatar Grand Prix,2025-11-30 17:15:35+00:00,4535000.0,Other,CAR 43 (COL) TIME 1:25.985 DELETED - TRACK LIMITS AT TURN 10 LAP 47 20:14:40,,,,,,,49,other,car # (col) time #:#.# deleted - track limits at turn # lap # #:#:#,False,False,True,False,True
5143,2025-qatar-grand-prix-r,2025,Qatar Grand Prix,2025-11-30 17:17:43+00:00,4663000.0,Other,CAR 6 (HAD) TIME 1:24.325 DELETED - TRACK LIMITS AT TURN 10 LAP 49 20:17:05,,,,,,,50,other,car # (had) time #:#.# deleted - track limits at turn # lap # #:#:#,False,False,True,False,True
5144,2025-qatar-grand-prix-r,2025,Qatar Grand Prix,2025-11-30 17:20:41+00:00,4841000.0,Other,FIA STEWARDS: PENALTY SERVED - 5 SECOND TIME PENALTY FOR CAR 18 (STR) - SPEEDING IN THE PIT LANE,,,,,,,52,penalties,fia stewards: penalty served - # second time penalty for car # (str) - speeding in the pit lane,False,False,True,False,True
5145,2025-qatar-grand-prix-r,2025,Qatar Grand Prix,2025-11-30 17:22:27+00:00,4947000.0,Flag,WAVED BLUE FLAG FOR CAR 10 (GAS) TIMED AT 20:22:26,,BLUE,Driver,,10.0,GAS,53,flags,waved blue flag for car # (gas) timed at #:#:#,False,False,False,True,True
5146,2025-qatar-grand-prix-r,2025,Qatar Grand Prix,2025-11-30 17:22:30+00:00,4950000.0,Flag,WAVED BLUE FLAG FOR CAR 10 (GAS) TIMED AT 20:22:29,,BLUE,Driver,,10.0,GAS,54,flags,waved blue flag for car # (gas) timed at #:#:#,False,False,False,True,True
5147,2025-qatar-grand-prix-r,2025,Qatar Grand Prix,2025-11-30 17:24:05+00:00,5045000.0,Flag,WAVED BLUE FLAG FOR CAR 31 (OCO) TIMED AT 20:24:04,,BLUE,Driver,,31.0,OCO,55,flags,waved blue flag for car # (oco) timed at #:#:#,False,False,False,True,True
5148,2025-qatar-grand-prix-r,2025,Qatar Grand Prix,2025-11-30 17:24:21+00:00,5061000.0,Other,CAR 81 (PIA) TIME 1:23.889 DELETED - TRACK LIMITS AT TURN 10 LAP 54 20:23:29,,,,,,,55,other,car # (pia) time #:#.# deleted - track limits at turn # lap # #:#:#,False,False,True,False,True
5149,2025-qatar-grand-prix-r,2025,Qatar Grand Prix,2025-11-30 17:24:27+00:00,5067000.0,Flag,WAVED BLUE FLAG FOR CAR 18 (STR) TIMED AT 20:24:26,,BLUE,Driver,,18.0,STR,55,flags,waved blue flag for car # (str) timed at #:#:#,False,False,False,True,True
5150,2025-qatar-grand-prix-r,2025,Qatar Grand Prix,2025-11-30 17:24:43+00:00,5083000.0,Flag,WAVED BLUE FLAG FOR CAR 43 (COL) TIMED AT 20:24:43,,BLUE,Driver,,43.0,COL,55,flags,waved blue flag for car # (col) timed at #:#:#,False,False,False,True,True
5151,2025-qatar-grand-prix-r,2025,Qatar Grand Prix,2025-11-30 17:24:52+00:00,5092000.0,Flag,WAVED BLUE FLAG FOR CAR 43 (COL) TIMED AT 20:24:51,,BLUE,Driver,,43.0,COL,55,flags,waved blue flag for car # (col) timed at #:#:#,False,False,False,True,True
5152,2025-qatar-grand-prix-r,2025,Qatar Grand Prix,2025-11-30 17:24:52+00:00,5092000.0,Other,CAR 16 (LEC) TIME 1:25.109 DELETED - TRACK LIMITS AT TURN 14 LAP 53 20:23:06,,,,,,,55,other,car # (lec) time #:#.# deleted - track limits at turn # lap # #:#:#,False,False,True,False,True
5153,2025-qatar-grand-prix-r,2025,Qatar Grand Prix,2025-11-30 17:25:02+00:00,5102000.0,Flag,WAVED BLUE FLAG FOR CAR 43 (COL) TIMED AT 20:25:01,,BLUE,Driver,,43.0,COL,55,flags,waved blue flag for car # (col) timed at #:#:#,False,False,False,True,True
5154,2025-qatar-grand-prix-r,2025,Qatar Grand Prix,2025-11-30 17:25:53+00:00,5153000.0,Other,TRACK SURFACE SLIPPERY IN TRACK SECTOR 1,,,,,,,56,other,track surface slippery in track sector #,False,False,True,False,True
5155,2025-qatar-grand-prix-r,2025,Qatar Grand Prix,2025-11-30 17:25:55+00:00,5155000.0,Other,TRACK SURFACE SLIPPERY IN TRACK SECTOR 2,,,,,,,56,other,track surface slippery in track sector #,False,False,True,False,True
5156,2025-qatar-grand-prix-r,2025,Qatar Grand Prix,2025-11-30 17:25:59+00:00,5159000.0,Flag,CLEAR IN TRACK SECTOR 1,,CLEAR,Sector,1.0,,,56,flags,clear in track sector #,False,False,True,False,True
5157,2025-qatar-grand-prix-r,2025,Qatar Grand Prix,2025-11-30 17:26:59+00:00,5219000.0,Flag,WAVED BLUE FLAG FOR CAR 6 (HAD) TIMED AT 20:26:59,,BLUE,Driver,,6.0,HAD,57,flags,waved blue flag for car # (had) timed at #:#:#,False,False,False,True,True
5158,2025-qatar-grand-prix-r,2025,Qatar Grand Prix,2025-11-30 17:28:05+00:00,5285000.0,Flag,CHEQUERED FLAG,,CHEQUERED,Track,,,,57,red_flag,chequered flag,False,False,True,False,True
5159,2025-qatar-grand-prix-r,2025,Qatar Grand Prix,2025-11-30 17:28:13+00:00,5293000.0,Other,CAR 12 (ANT) TIME 1:26.977 DELETED - TRACK LIMITS AT TURN 10 LAP 56 20:26:36,,,,,,,57,other,car # (ant) time #:#.# deleted - track limits at turn # lap # #:#:#,False,False,True,False,True
5160,2025-qatar-grand-prix-r,2025,Qatar Grand Prix,2025-11-30 17:28:32+00:00,5312000.0,Other,INCIDENT INVOLVING CAR 6 (HAD) NOTED - UNSAFE CONDITION,,,,,,,57,investigations_noted,incident involving car # (had) noted - unsafe condition,False,False,True,False,True
5161,2025-qatar-grand-prix-r,2025,Qatar Grand Prix,2025-11-30 17:30:07+00:00,5407000.0,Other,FIA STEWARDS: INCIDENT INVOLVING CAR 6 (HAD) WILL BE INVESTIGATED AFTER THE RACE - UNSAFE CONDITION,,,,,,,57,investigations_noted,fia stewards: incident involving car # (had) will be investigated after the race - unsafe condition,False,False,True,False,True
5162,2025-qatar-grand-prix-r,2025,Qatar Grand Prix,2025-11-30 17:30:39+00:00,5439000.0,Flag,CLEAR IN TRACK SECTOR 2,,CLEAR,Sector,2.0,,,57,flags,clear in track sector #,False,False,True,False,True
5163,2025-qatar-grand-prix-r,2025,Qatar Grand Prix,2025-11-30 17:30:53+00:00,5453000.0,Other,ALL PASS HOLDERS MAY ACCESS THE PIT LANE,,,,,,,57,pit_entry_exit,all pass holders may access the pit lane,False,False,True,False,True
5085,2025-qatar-grand-prix-r,2025,Qatar Grand Prix,2025-11-30 15:05:38+00:00,,Other,PINK HEAD PADDING MATERIAL MUST BE USED,,,,,,,1,other,pink head padding material must be used,True,False,True,False,True
5086,2025-qatar-grand-prix-r,2025,Qatar Grand Prix,2025-11-30 15:20:01+00:00,,Flag,GREEN LIGHT - PIT EXIT OPEN,,GREEN,Track,,,,1,pit_entry_exit,green light - pit exit open,True,False,True,False,True
5087,2025-qatar-grand-prix-r,2025,Qatar Grand Prix,2025-11-30 15:30:01+00:00,,Other,PIT EXIT CLOSED,,,,,,,1,pit_entry_exit,pit exit closed,True,False,True,False,True
5088,2025-qatar-grand-prix-r,2025,Qatar Grand Prix,2025-11-30 15:45:07+00:00,,Other,RISK OF RAIN FOR F1 RACE IS 0%,,,,,,,1,other,risk of rain for f1 race is #%,True,False,True,False,True
5089,2025-qatar-grand-prix-r,2025,Qatar Grand Prix,2025-11-30 15:57:04+00:00,,Drs,DRS DISABLED,DISABLED,,,,,,1,drs,drs disabled,True,False,True,False,True
5172,2025-abu-dhabi-grand-prix-r,2025,Abu Dhabi Grand Prix,2025-12-07 13:03:28+00:00,208000.0,Flag,GREEN LIGHT - PIT EXIT OPEN,,GREEN,Track,,,,1,pit_entry_exit,green light - pit exit open,False,False,True,False,True
5173,2025-abu-dhabi-grand-prix-r,2025,Abu Dhabi Grand Prix,2025-12-07 13:05:07+00:00,307000.0,Drs,DRS ENABLED,ENABLED,,,,,,2,drs,drs enabled,False,False,True,False,True
5174,2025-abu-dhabi-grand-prix-r,2025,Abu Dhabi Grand Prix,2025-12-07 13:05:29+00:00,329000.0,Other,INCIDENT INVOLVING CAR 43 (COL) NOTED - STARTING PROCEDURE INFRINGEMENT,,,,,,,2,investigations_noted,incident involving car # (col) noted - starting procedure infringement,False,False,True,False,True
5175,2025-abu-dhabi-grand-prix-r,2025,Abu Dhabi Grand Prix,2025-12-07 13:06:50+00:00,410000.0,Other,TURN 7 INCIDENT INVOLVING CARS 44 (HAM) AND 23 (ALB) NOTED - LEAVING THE TRACK AND GAINING AN ADVANTAGE,,,,,,,3,investigations_noted,turn # incident involving cars # (ham) and # (alb) noted - leaving the track and gaining an advantage,False,False,True,False,True
5176,2025-abu-dhabi-grand-prix-r,2025,Abu Dhabi Grand Prix,2025-12-07 13:09:29+00:00,569000.0,Other,FIA STEWARDS: INCIDENT INVOLVING CAR 43 (COL) REVIEWED NO FURTHER INVESTIGATION - STARTING PROCEDURE INFRINGEMENT,,,,,,,5,investigations_noted,fia stewards: incident involving car # (col) reviewed no further investigation - starting procedure infringement,False,False,True,False,True
5177,2025-abu-dhabi-grand-prix-r,2025,Abu Dhabi Grand Prix,2025-12-07 13:10:25+00:00,625000.0,Other,TURN 6 INCIDENT INVOLVING CARS 12 (ANT) AND 18 (STR) NOTED - LEAVING THE TRACK AND GAINING AN ADVANTAGE,,,,,,,5,investigations_noted,turn # incident involving cars # (ant) and # (str) noted - leaving the track and gaining an advantage,False,False,True,False,True
5178,2025-abu-dhabi-grand-prix-r,2025,Abu Dhabi Grand Prix,2025-12-07 13:10:33+00:00,633000.0,Other,CAR 30 (LAW) TIME 1:30.661 DELETED - TRACK LIMITS AT TURN 1 LAP 4 17:08:15,,,,,,,5,other,car # (law) time #:#.# deleted - track limits at turn # lap # #:#:#,False,False,True,False,True
5179,2025-abu-dhabi-grand-prix-r,2025,Abu Dhabi Grand Prix,2025-12-07 13:10:34+00:00,634000.0,Other,CAR 27 (HUL) TIME 1:30.573 DELETED - TRACK LIMITS AT TURN 1 LAP 4 17:08:19,,,,,,,5,other,car # (hul) time #:#.# deleted - track limits at turn # lap # #:#:#,False,False,True,False,True
5180,2025-abu-dhabi-grand-prix-r,2025,Abu Dhabi Grand Prix,2025-12-07 13:11:44+00:00,704000.0,Other,CAR 10 (GAS) TIME 1:32.010 DELETED - TRACK LIMITS AT TURN 6 LAP 2 17:05:53,,,,,,,6,other,car # (gas) time #:#.# deleted - track limits at turn # lap # #:#:#,False,False,True,False,True
5181,2025-abu-dhabi-grand-prix-r,2025,Abu Dhabi Grand Prix,2025-12-07 13:12:03+00:00,723000.0,Other,TURN 5 INCIDENT INVOLVING CARS 10 (GAS) AND 27 (HUL) NOTED - CAUSING A COLLISION,,,,,,,6,investigations_noted,turn # incident involving cars # (gas) and # (hul) noted - causing a collision,False,False,True,False,True
5182,2025-abu-dhabi-grand-prix-r,2025,Abu Dhabi Grand Prix,2025-12-07 13:12:53+00:00,773000.0,Other,FIA STEWARDS: TURN 7 INCIDENT INVOLVING CARS 44 (HAM) AND 23 (ALB) REVIEWED NO FURTHER INVESTIGATION - LEAVING THE TRACK AND GAINING AN ADVANTAGE,,,,,,,7,investigations_noted,fia stewards: turn # incident involving cars # (ham) and # (alb) reviewed no further investigation - leaving the track and gaining an advantage,False,False,True,False,True
5183,2025-abu-dhabi-grand-prix-r,2025,Abu Dhabi Grand Prix,2025-12-07 13:13:40+00:00,820000.0,Other,TURN 8 INCIDENT INVOLVING CARS 87 (BEA) AND 30 (LAW) NOTED,,,,,,,7,investigations_noted,turn # incident involving cars # (bea) and # (law) noted,False,False,True,False,True
5184,2025-abu-dhabi-grand-prix-r,2025,Abu Dhabi Grand Prix,2025-12-07 13:14:11+00:00,851000.0,Other,CAR 30 (LAW) TIME 1:30.219 DELETED - TRACK LIMITS AT TURN 1 LAP 5 17:09:45,,,,,,,8,other,car # (law) time #:#.# deleted - track limits at turn # lap # #:#:#,False,False,True,False,True
5185,2025-abu-dhabi-grand-prix-r,2025,Abu Dhabi Grand Prix,2025-12-07 13:14:12+00:00,852000.0,Other,CAR 44 (HAM) TIME 1:30.229 DELETED - TRACK LIMITS AT TURN 1 LAP 5 17:09:47,,,,,,,8,other,car # (ham) time #:#.# deleted - track limits at turn # lap # #:#:#,False,False,True,False,True
5186,2025-abu-dhabi-grand-prix-r,2025,Abu Dhabi Grand Prix,2025-12-07 13:14:33+00:00,873000.0,Other,FIA STEWARDS: TURN 6 INCIDENT INVOLVING CARS 12 (ANT) AND 18 (STR) REVIEWED NO FURTHER INVESTIGATION - LEAVING THE TRACK AND GAINING AN ADVANTAGE,,,,,,,8,investigations_noted,fia stewards: turn # incident involving cars # (ant) and # (str) reviewed no further investigation - leaving the track and gaining an advantage,False,False,True,False,True
5187,2025-abu-dhabi-grand-prix-r,2025,Abu Dhabi Grand Prix,2025-12-07 13:16:01+00:00,961000.0,Other,CAR 22 (TSU) TIME 1:30.395 DELETED - TRACK LIMITS AT TURN 1 LAP 8 17:14:16,,,,,,,9,other,car # (tsu) time #:#.# deleted - track limits at turn # lap # #:#:#,False,False,True,False,True
5188,2025-abu-dhabi-grand-prix-r,2025,Abu Dhabi Grand Prix,2025-12-07 13:16:30+00:00,990000.0,Other,FIA STEWARDS: TURN 5 INCIDENT INVOLVING CARS 10 (GAS) AND 27 (HUL) UNDER INVESTIGATION - CAUSING A COLLISION,,,,,,,9,investigations_noted,fia stewards: turn # incident involving cars # (gas) and # (hul) under investigation - causing a collision,False,False,True,False,True
5189,2025-abu-dhabi-grand-prix-r,2025,Abu Dhabi Grand Prix,2025-12-07 13:17:41+00:00,1061000.0,Other,FIA STEWARDS: TURN 5 INCIDENT INVOLVING CARS 10 (GAS) AND 27 (HUL) NO FURTHER ACTION - CAUSING A COLLISION,,,,,,,10,investigations_noted,fia stewards: turn # incident involving cars # (gas) and # (hul) no further action - causing a collision,False,False,True,False,True
5190,2025-abu-dhabi-grand-prix-r,2025,Abu Dhabi Grand Prix,2025-12-07 13:18:09+00:00,1089000.0,Other,UPDATE: TURN 8 INCIDENT INVOLVING CARS 30 (LAW) AND 87 (BEA) NOTED - DRIVING ERRATICALLY,,,,,,,10,investigations_noted,update: turn # incident involving cars # (law) and # (bea) noted - driving erratically,False,False,True,False,True
5191,2025-abu-dhabi-grand-prix-r,2025,Abu Dhabi Grand Prix,2025-12-07 13:18:25+00:00,1105000.0,Other,FIA STEWARDS: TURN 8 INCIDENT INVOLVING CARS 30 (LAW) AND 87 (BEA) UNDER INVESTIGATION - DRIVING ERRATICALLY,,,,,,,10,investigations_noted,fia stewards: turn # incident involving cars # (law) and # (bea) under investigation - driving erratically,False,False,True,False,True
5192,2025-abu-dhabi-grand-prix-r,2025,Abu Dhabi Grand Prix,2025-12-07 13:18:54+00:00,1134000.0,Other,CAR 16 (LEC) TIME 1:29.654 DELETED - TRACK LIMITS AT TURN 1 LAP 9 17:15:39,,,,,,,11,other,car # (lec) time #:#.# deleted - track limits at turn # lap # #:#:#,False,False,True,False,True
5193,2025-abu-dhabi-grand-prix-r,2025,Abu Dhabi Grand Prix,2025-12-07 13:18:57+00:00,1137000.0,Other,CAR 22 (TSU) TIME 1:30.184 DELETED - TRACK LIMITS AT TURN 1 LAP 9 17:15:46,,,,,,,11,other,car # (tsu) time #:#.# deleted - track limits at turn # lap # #:#:#,False,False,True,False,True
5194,2025-abu-dhabi-grand-prix-r,2025,Abu Dhabi Grand Prix,2025-12-07 13:20:39+00:00,1239000.0,Other,CAR 87 (BEA) TIME 1:30.903 DELETED - TRACK LIMITS AT TURN 1 LAP 11 17:18:49,,,,,,,12,other,car # (bea) time #:#.# deleted - track limits at turn # lap # #:#:#,False,False,True,False,True
5195,2025-abu-dhabi-grand-prix-r,2025,Abu Dhabi Grand Prix,2025-12-07 13:21:16+00:00,1276000.0,Other,CAR 10 (GAS) TIME 1:31.135 DELETED - TRACK LIMITS AT TURN 1 LAP 11 17:18:54,,,,,,,12,other,car # (gas) time #:#.# deleted - track limits at turn # lap # #:#:#,False,False,True,False,True
5196,2025-abu-dhabi-grand-prix-r,2025,Abu Dhabi Grand Prix,2025-12-07 13:23:13+00:00,1393000.0,Other,FIA STEWARDS: 5 SECOND TIME PENALTY FOR CAR 30 (LAW) - DRIVING ERRATICALLY,,,,,,,14,penalties,fia stewards: # second time penalty for car # (law) - driving erratically,False,False,True,False,True
5197,2025-abu-dhabi-grand-prix-r,2025,Abu Dhabi Grand Prix,2025-12-07 13:24:52+00:00,1492000.0,Other,CAR 55 (SAI) TIME 1:31.059 DELETED - TRACK LIMITS AT TURN 1 LAP 14 17:23:22,,,,,,,15,other,car # (sai) time #:#.# deleted - track limits at turn # lap # #:#:#,False,False,True,False,True
5198,2025-abu-dhabi-grand-prix-r,2025,Abu Dhabi Grand Prix,2025-12-07 13:29:47+00:00,1787000.0,Other,CAR 23 (ALB) TIME 1:30.133 DELETED - TRACK LIMITS AT TURN 1 LAP 17 17:28:08,,,,,,,18,other,car # (alb) time #:#.# deleted - track limits at turn # lap # #:#:#,False,False,True,False,True
5199,2025-abu-dhabi-grand-prix-r,2025,Abu Dhabi Grand Prix,2025-12-07 13:30:57+00:00,1857000.0,Other,TURN 9 INCIDENT INVOLVING CARS 16 (LEC) AND 63 (RUS) NOTED - MOVING UNDER BRAKING,,,,,,,19,investigations_noted,turn # incident involving cars # (lec) and # (rus) noted - moving under braking,False,False,True,False,True
5200,2025-abu-dhabi-grand-prix-r,2025,Abu Dhabi Grand Prix,2025-12-07 13:30:59+00:00,1859000.0,Other,CAR 55 (SAI) LAP DELETED - TRACK LIMITS AT TURN 1 LAP 18 17:29:27 (PIT),,,,,,,19,other,car # (sai) lap deleted - track limits at turn # lap # #:#:# (pit),False,False,True,False,True
5201,2025-abu-dhabi-grand-prix-r,2025,Abu Dhabi Grand Prix,2025-12-07 13:32:36+00:00,1956000.0,Other,TURN 6 INCIDENT INVOLVING CARS 30 (LAW) AND 18 (STR) NOTED,,,,,,,20,investigations_noted,turn # incident involving cars # (law) and # (str) noted,False,False,True,False,True
5202,2025-abu-dhabi-grand-prix-r,2025,Abu Dhabi Grand Prix,2025-12-07 13:32:38+00:00,1958000.0,Other,CAR 12 (ANT) TIME 1:31.119 DELETED - TRACK LIMITS AT TURN 1 LAP 19 17:30:59,,,,,,,20,other,car # (ant) time #:#.# deleted - track limits at turn # lap # #:#:#,False,False,True,False,True
5203,2025-abu-dhabi-grand-prix-r,2025,Abu Dhabi Grand Prix,2025-12-07 13:32:58+00:00,1978000.0,Other,CAR 23 (ALB) TIME 1:30.047 DELETED - TRACK LIMITS AT TURN 1 LAP 19 17:31:08,,,,,,,20,other,car # (alb) time #:#.# deleted - track limits at turn # lap # #:#:#,False,False,True,False,True
5204,2025-abu-dhabi-grand-prix-r,2025,Abu Dhabi Grand Prix,2025-12-07 13:34:41+00:00,2081000.0,Other,FIA STEWARDS: TURN 6 INCIDENT INVOLVING CARS 30 (LAW) AND 18 (STR) REVIEWED NO FURTHER INVESTIGATION,,,,,,,21,investigations_noted,fia stewards: turn # incident involving cars # (law) and # (str) reviewed no further investigation,False,False,True,False,True
5205,2025-abu-dhabi-grand-prix-r,2025,Abu Dhabi Grand Prix,2025-12-07 13:35:38+00:00,2138000.0,Other,CAR 30 (LAW) TIME 1:35.813 DELETED - TRACK LIMITS AT TURN 7 LAP 21 17:34:40,,,,,,,22,other,car # (law) time #:#.# deleted - track limits at turn # lap # #:#:#,False,False,True,False,True
5206,2025-abu-dhabi-grand-prix-r,2025,Abu Dhabi Grand Prix,2025-12-07 13:37:38+00:00,2258000.0,Flag,BLACK AND WHITE FLAG FOR CAR 30 (LAW) - TRACK LIMITS,,BLACK AND WHITE,Driver,,30.0,LAW,23,flags,black and white flag for car # (law) - track limits,False,False,False,True,True
5207,2025-abu-dhabi-grand-prix-r,2025,Abu Dhabi Grand Prix,2025-12-07 13:38:29+00:00,2309000.0,Other,TURN 5 INCIDENT INVOLVING CARS 22 (TSU) AND 4 (NOR) NOTED,,,,,,,24,investigations_noted,turn # incident involving cars # (tsu) and # (nor) noted,False,False,True,False,True
5208,2025-abu-dhabi-grand-prix-r,2025,Abu Dhabi Grand Prix,2025-12-07 13:40:46+00:00,2446000.0,Other,UPDATE: TURN 5 INCIDENT INVOLVING CARS 22 (TSU) AND 4 (NOR) NOTED - FORCING ANOTHER DRIVER OFF THE TRACK,,,,,,,25,investigations_noted,update: turn # incident involving cars # (tsu) and # (nor) noted - forcing another driver off the track,False,False,True,False,True
5209,2025-abu-dhabi-grand-prix-r,2025,Abu Dhabi Grand Prix,2025-12-07 13:41:01+00:00,2461000.0,Other,TURN 5 INCIDENT INVOLVING CARS 4 (NOR) AND 22 (TSU) NOTED - LEAVING THE TRACK AND GAINING AN ADVANTAGE,,,,,,,26,investigations_noted,turn # incident involving cars # (nor) and # (tsu) noted - leaving the track and gaining an advantage,False,False,True,False,True
5210,2025-abu-dhabi-grand-prix-r,2025,Abu Dhabi Grand Prix,2025-12-07 13:41:21+00:00,2481000.0,Other,FIA STEWARDS: TURN 5 INCIDENT INVOLVING CARS 22 (TSU) AND 4 (NOR) UNDER INVESTIGATION - FORCING ANOTHER DRIVER OFF THE TRACK,,,,,,,26,investigations_noted,fia stewards: turn # incident involving cars # (tsu) and # (nor) under investigation - forcing another driver off the track,False,False,True,False,True
5211,2025-abu-dhabi-grand-prix-r,2025,Abu Dhabi Grand Prix,2025-12-07 13:41:25+00:00,2485000.0,Other,FIA STEWARDS: TURN 5 INCIDENT INVOLVING CARS 4 (NOR) AND 22 (TSU) UNDER INVESTIGATION - LEAVING THE TRACK AND GAINING AN ADVANTAGE,,,,,,,26,investigations_noted,fia stewards: turn # incident involving cars # (nor) and # (tsu) under investigation - leaving the track and gaining an advantage,False,False,True,False,True
5212,2025-abu-dhabi-grand-prix-r,2025,Abu Dhabi Grand Prix,2025-12-07 13:42:07+00:00,2527000.0,Other,CAR 27 (HUL) TIME 1:30.732 DELETED - TRACK LIMITS AT TURN 1 LAP 22 17:35:35,,,,,,,26,other,car # (hul) time #:#.# deleted - track limits at turn # lap # #:#:#,False,False,True,False,True
5213,2025-abu-dhabi-grand-prix-r,2025,Abu Dhabi Grand Prix,2025-12-07 13:42:08+00:00,2528000.0,Other,CAR 6 (HAD) TIME 1:30.078 DELETED - TRACK LIMITS AT TURN 6 LAP 23 17:37:47,,,,,,,26,other,car # (had) time #:#.# deleted - track limits at turn # lap # #:#:#,False,False,True,False,True
5214,2025-abu-dhabi-grand-prix-r,2025,Abu Dhabi Grand Prix,2025-12-07 13:42:09+00:00,2529000.0,Other,CAR 43 (COL) TIME 1:30.138 DELETED - TRACK LIMITS AT TURN 1 LAP 25 17:40:23,,,,,,,26,other,car # (col) time #:#.# deleted - track limits at turn # lap # #:#:#,False,False,True,False,True
5215,2025-abu-dhabi-grand-prix-r,2025,Abu Dhabi Grand Prix,2025-12-07 13:42:26+00:00,2546000.0,Other,CAR 44 (HAM) TIME 1:29.810 DELETED - TRACK LIMITS AT TURN 1 LAP 25 17:40:05,,,,,,,27,other,car # (ham) time #:#.# deleted - track limits at turn # lap # #:#:#,False,False,True,False,True
5216,2025-abu-dhabi-grand-prix-r,2025,Abu Dhabi Grand Prix,2025-12-07 13:42:34+00:00,2554000.0,Other,FIA STEWARDS: PENALTY SERVED - 5 SECOND TIME PENALTY FOR CAR 30 (LAW) - DRIVING ERRATICALLY,,,,,,,27,penalties,fia stewards: penalty served - # second time penalty for car # (law) - driving erratically,False,False,True,False,True
5217,2025-abu-dhabi-grand-prix-r,2025,Abu Dhabi Grand Prix,2025-12-07 13:42:47+00:00,2567000.0,Other,CAR 12 (ANT) TIME 1:30.200 DELETED - TRACK LIMITS AT TURN 1 LAP 25 17:40:06,,,,,,,27,other,car # (ant) time #:#.# deleted - track limits at turn # lap # #:#:#,False,False,True,False,True
5218,2025-abu-dhabi-grand-prix-r,2025,Abu Dhabi Grand Prix,2025-12-07 13:44:35+00:00,2675000.0,Other,CAR 44 (HAM) TIME 1:30.144 DELETED - TRACK LIMITS AT TURN 1 LAP 27 17:43:05,,,,,,,28,other,car # (ham) time #:#.# deleted - track limits at turn # lap # #:#:#,False,False,True,False,True
5219,2025-abu-dhabi-grand-prix-r,2025,Abu Dhabi Grand Prix,2025-12-07 13:46:38+00:00,2798000.0,Other,FIA STEWARDS: 5 SECOND TIME PENALTY FOR CAR 22 (TSU) - MORE THAN ONE CHANGE OF DIRECTION,,,,,,,29,penalties,fia stewards: # second time penalty for car # (tsu) - more than one change of direction,False,False,True,False,True
5220,2025-abu-dhabi-grand-prix-r,2025,Abu Dhabi Grand Prix,2025-12-07 13:47:04+00:00,2824000.0,Other,FIA STEWARDS: TURN 5 INCIDENT INVOLVING CARS 4 (NOR) AND 22 (TSU) NO FURTHER ACTION - LEAVING THE TRACK AND GAINING AN ADVANTAGE,,,,,,,30,investigations_noted,fia stewards: turn # incident involving cars # (nor) and # (tsu) no further action - leaving the track and gaining an advantage,False,False,True,False,True
5221,2025-abu-dhabi-grand-prix-r,2025,Abu Dhabi Grand Prix,2025-12-07 13:47:27+00:00,2847000.0,Other,CAR 10 (GAS) TIME 1:29.747 DELETED - TRACK LIMITS AT TURN 4 LAP 24 17:38:57,,,,,,,30,other,car # (gas) time #:#.# deleted - track limits at turn # lap # #:#:#,False,False,True,False,True
5222,2025-abu-dhabi-grand-prix-r,2025,Abu Dhabi Grand Prix,2025-12-07 13:47:51+00:00,2871000.0,Other,CAR 27 (HUL) TIME 1:30.573 DELETED - TRACK LIMITS AT TURN 1 LAP 29 17:46:09,,,,,,,30,other,car # (hul) time #:#.# deleted - track limits at turn # lap # #:#:#,False,False,True,False,True
5223,2025-abu-dhabi-grand-prix-r,2025,Abu Dhabi Grand Prix,2025-12-07 13:48:09+00:00,2889000.0,Other,CAR 12 (ANT) TIME 1:29.821 DELETED - TRACK LIMITS AT TURN 1 LAP 26 17:41:36,,,,,,,30,other,car # (ant) time #:#.# deleted - track limits at turn # lap # #:#:#,False,False,True,False,True
5224,2025-abu-dhabi-grand-prix-r,2025,Abu Dhabi Grand Prix,2025-12-07 13:48:31+00:00,2911000.0,Other,CAR 43 (COL) TIME 1:29.652 DELETED - TRACK LIMITS AT TURN 1 LAP 26 17:41:53,,,,,,,31,other,car # (col) time #:#.# deleted - track limits at turn # lap # #:#:#,False,False,True,False,True
5225,2025-abu-dhabi-grand-prix-r,2025,Abu Dhabi Grand Prix,2025-12-07 13:48:40+00:00,2920000.0,Flag,BLACK AND WHITE FLAG FOR CAR 12 (ANT) - TRACK LIMITS,,BLACK AND WHITE,Driver,,12.0,ANT,31,flags,black and white flag for car # (ant) - track limits,False,False,False,True,True
5226,2025-abu-dhabi-grand-prix-r,2025,Abu Dhabi Grand Prix,2025-12-07 13:48:58+00:00,2938000.0,Flag,BLACK AND WHITE FLAG FOR CAR 44 (HAM) - TRACK LIMITS,,BLACK AND WHITE,Driver,,44.0,HAM,31,flags,black and white flag for car # (ham) - track limits,False,False,False,True,True
5227,2025-abu-dhabi-grand-prix-r,2025,Abu Dhabi Grand Prix,2025-12-07 13:49:07+00:00,2947000.0,Flag,BLACK AND WHITE FLAG FOR CAR 10 (GAS) - TRACK LIMITS,,BLACK AND WHITE,Driver,,10.0,GAS,31,flags,black and white flag for car # (gas) - track limits,False,False,False,True,True
5228,2025-abu-dhabi-grand-prix-r,2025,Abu Dhabi Grand Prix,2025-12-07 13:49:11+00:00,2951000.0,Flag,BLACK AND WHITE FLAG FOR CAR 27 (HUL) - TRACK LIMITS,,BLACK AND WHITE,Driver,,27.0,HUL,31,flags,black and white flag for car # (hul) - track limits,False,False,False,True,True
5229,2025-abu-dhabi-grand-prix-r,2025,Abu Dhabi Grand Prix,2025-12-07 13:49:23+00:00,2963000.0,Other,FIA STEWARDS: TURN 9 INCIDENT INVOLVING CARS 16 (LEC) AND 63 (RUS) REVIEWED NO FURTHER INVESTIGATION - MOVING UNDER BRAKING,,,,,,,31,investigations_noted,fia stewards: turn # incident involving cars # (lec) and # (rus) reviewed no further investigation - moving under braking,False,False,True,False,True
5230,2025-abu-dhabi-grand-prix-r,2025,Abu Dhabi Grand Prix,2025-12-07 13:49:24+00:00,2964000.0,Other,CAR 18 (STR) TIME 1:29.860 DELETED - TRACK LIMITS AT TURN 1 LAP 28 17:44:33,,,,,,,31,other,car # (str) time #:#.# deleted - track limits at turn # lap # #:#:#,False,False,True,False,True
5231,2025-abu-dhabi-grand-prix-r,2025,Abu Dhabi Grand Prix,2025-12-07 13:52:09+00:00,3129000.0,Other,CAR 43 (COL) TIME 1:29.915 DELETED - TRACK LIMITS AT TURN 1 LAP 29 17:46:23,,,,,,,33,other,car # (col) time #:#.# deleted - track limits at turn # lap # #:#:#,False,False,True,False,True
5232,2025-abu-dhabi-grand-prix-r,2025,Abu Dhabi Grand Prix,2025-12-07 13:52:14+00:00,3134000.0,Other,CAR 81 (PIA) TIME 1:29.119 DELETED - TRACK LIMITS AT TURN 1 LAP 30 17:46:55,,,,,,,33,other,car # (pia) time #:#.# deleted - track limits at turn # lap # #:#:#,False,False,True,False,True
5233,2025-abu-dhabi-grand-prix-r,2025,Abu Dhabi Grand Prix,2025-12-07 13:52:19+00:00,3139000.0,Flag,BLACK AND WHITE FLAG FOR CAR 43 (COL) - TRACK LIMITS,,BLACK AND WHITE,Driver,,43.0,COL,33,flags,black and white flag for car # (col) - track limits,False,False,False,True,True
5234,2025-abu-dhabi-grand-prix-r,2025,Abu Dhabi Grand Prix,2025-12-07 13:56:37+00:00,3397000.0,Other,FIA STEWARDS: PENALTY SERVED - 5 SECOND TIME PENALTY FOR CAR 22 (TSU) - MORE THAN ONE CHANGE OF DIRECTION,,,,,,,36,penalties,fia stewards: penalty served - # second time penalty for car # (tsu) - more than one change of direction,False,False,True,False,True
5235,2025-abu-dhabi-grand-prix-r,2025,Abu Dhabi Grand Prix,2025-12-07 13:56:54+00:00,3414000.0,Other,INCIDENT INVOLVING CAR 23 (ALB) NOTED - SPEEDING IN THE PIT LANE,,,,,,,36,investigations_noted,incident involving car # (alb) noted - speeding in the pit lane,False,False,True,False,True
5236,2025-abu-dhabi-grand-prix-r,2025,Abu Dhabi Grand Prix,2025-12-07 13:59:34+00:00,3574000.0,Other,FIA STEWARDS: INCIDENT INVOLVING CAR 23 (ALB) UNDER INVESTIGATION - SPEEDING IN THE PIT LANE,,,,,,,38,investigations_noted,fia stewards: incident involving car # (alb) under investigation - speeding in the pit lane,False,False,True,False,True
5237,2025-abu-dhabi-grand-prix-r,2025,Abu Dhabi Grand Prix,2025-12-07 14:00:05+00:00,3605000.0,Other,FIA STEWARDS: 5 SECOND TIME PENALTY FOR CAR 23 (ALB) - SPEEDING IN THE PIT LANE,,,,,,,38,penalties,fia stewards: # second time penalty for car # (alb) - speeding in the pit lane,False,False,True,False,True
5238,2025-abu-dhabi-grand-prix-r,2025,Abu Dhabi Grand Prix,2025-12-07 14:05:41+00:00,3941000.0,Other,CAR 6 (HAD) TIME 1:29.381 DELETED - TRACK LIMITS AT TURN 1 LAP 41 18:04:17,,,,,,,42,other,car # (had) time #:#.# deleted - track limits at turn # lap # #:#:#,False,False,True,False,True
5239,2025-abu-dhabi-grand-prix-r,2025,Abu Dhabi Grand Prix,2025-12-07 14:07:04+00:00,4024000.0,Other,CAR 18 (STR) LAP DELETED - TRACK LIMITS AT TURN 1 LAP 42 18:05:33 (PIT),,,,,,,43,other,car # (str) lap deleted - track limits at turn # lap # #:#:# (pit),False,False,True,False,True
5240,2025-abu-dhabi-grand-prix-r,2025,Abu Dhabi Grand Prix,2025-12-07 14:07:05+00:00,4025000.0,Other,CAR 5 (BOR) TIME 1:30.115 DELETED - TRACK LIMITS AT TURN 1 LAP 39 18:01:09,,,,,,,43,other,car # (bor) time #:#.# deleted - track limits at turn # lap # #:#:#,False,False,True,False,True
5241,2025-abu-dhabi-grand-prix-r,2025,Abu Dhabi Grand Prix,2025-12-07 14:10:03+00:00,4203000.0,Other,CAR 31 (OCO) TIME 1:29.244 DELETED - TRACK LIMITS AT TURN 1 LAP 44 18:08:37,,,,,,,45,other,car # (oco) time #:#.# deleted - track limits at turn # lap # #:#:#,False,False,True,False,True
5242,2025-abu-dhabi-grand-prix-r,2025,Abu Dhabi Grand Prix,2025-12-07 14:10:39+00:00,4239000.0,Other,CAR 10 (GAS) TIME 1:28.166 DELETED - TRACK LIMITS AT TURN 4 LAP 44 18:09:18,,,,,,,46,other,car # (gas) time #:#.# deleted - track limits at turn # lap # #:#:#,False,False,True,False,True
5243,2025-abu-dhabi-grand-prix-r,2025,Abu Dhabi Grand Prix,2025-12-07 14:11:00+00:00,4260000.0,Other,INCIDENT INVOLVING CAR 10 (GAS) NOTED - TRACK LIMITS,,,,,,,46,investigations_noted,incident involving car # (gas) noted - track limits,False,False,True,False,True
5244,2025-abu-dhabi-grand-prix-r,2025,Abu Dhabi Grand Prix,2025-12-07 14:11:15+00:00,4275000.0,Other,FIA STEWARDS: INCIDENT INVOLVING CAR 10 (GAS) UNDER INVESTIGATION - TRACK LIMITS,,,,,,,46,investigations_noted,fia stewards: incident involving car # (gas) under investigation - track limits,False,False,True,False,True
5245,2025-abu-dhabi-grand-prix-r,2025,Abu Dhabi Grand Prix,2025-12-07 14:11:25+00:00,4285000.0,Other,FIA STEWARDS: 5 SECOND TIME PENALTY FOR CAR 10 (GAS) - TRACK LIMITS,,,,,,,46,penalties,fia stewards: # second time penalty for car # (gas) - track limits,False,False,True,False,True
5246,2025-abu-dhabi-grand-prix-r,2025,Abu Dhabi Grand Prix,2025-12-07 14:13:06+00:00,4386000.0,Other,CAR 5 (BOR) TIME 1:29.386 DELETED - TRACK LIMITS AT TURN 1 LAP 46 18:11:39,,,,,,,47,other,car # (bor) time #:#.# deleted - track limits at turn # lap # #:#:#,False,False,True,False,True
5247,2025-abu-dhabi-grand-prix-r,2025,Abu Dhabi Grand Prix,2025-12-07 14:13:56+00:00,4436000.0,Other,CAR 1 (VER) TIME 1:27.752 DELETED - TRACK LIMITS AT TURN 1 LAP 45 18:09:08,,,,,,,48,other,car # (ver) time #:#.# deleted - track limits at turn # lap # #:#:#,False,False,True,False,True
5248,2025-abu-dhabi-grand-prix-r,2025,Abu Dhabi Grand Prix,2025-12-07 14:19:26+00:00,4766000.0,Other,CAR 1 (VER) TIME 1:27.983 DELETED - TRACK LIMITS AT TURN 1 LAP 51 18:17:55,,,,,,,52,other,car # (ver) time #:#.# deleted - track limits at turn # lap # #:#:#,False,False,True,False,True
5249,2025-abu-dhabi-grand-prix-r,2025,Abu Dhabi Grand Prix,2025-12-07 14:22:08+00:00,4928000.0,Other,CAR 16 (LEC) TIME 1:27.550 DELETED - TRACK LIMITS AT TURN 1 LAP 52 18:19:49,,,,,,,53,other,car # (lec) time #:#.# deleted - track limits at turn # lap # #:#:#,False,False,True,False,True
5250,2025-abu-dhabi-grand-prix-r,2025,Abu Dhabi Grand Prix,2025-12-07 14:22:30+00:00,4950000.0,Flag,WAVED BLUE FLAG FOR CAR 30 (LAW) TIMED AT 18:22:29,,BLUE,Driver,,30.0,LAW,54,flags,waved blue flag for car # (law) timed at #:#:#,False,False,False,True,True
5251,2025-abu-dhabi-grand-prix-r,2025,Abu Dhabi Grand Prix,2025-12-07 14:23:05+00:00,4985000.0,Other,CAR 16 (LEC) TIME 1:27.550 DELETED - TRACK LIMITS AT TURN 6 LAP 52 18:21:52,,,,,,,54,other,car # (lec) time #:#.# deleted - track limits at turn # lap # #:#:#,False,False,True,False,True
5252,2025-abu-dhabi-grand-prix-r,2025,Abu Dhabi Grand Prix,2025-12-07 14:25:23+00:00,5123000.0,Other,CAR 23 (ALB) TIME 1:28.627 DELETED - TRACK LIMITS AT TURN 1 LAP 53 18:22:15,,,,,,,56,other,car # (alb) time #:#.# deleted - track limits at turn # lap # #:#:#,False,False,True,False,True
5253,2025-abu-dhabi-grand-prix-r,2025,Abu Dhabi Grand Prix,2025-12-07 14:25:43+00:00,5143000.0,Other,TURN 8 INCIDENT INVOLVING CARS 18 (STR) AND 55 (SAI) NOTED,,,,,,,56,investigations_noted,turn # incident involving cars # (str) and # (sai) noted,False,False,True,False,True
5254,2025-abu-dhabi-grand-prix-r,2025,Abu Dhabi Grand Prix,2025-12-07 14:26:24+00:00,5184000.0,Flag,BLACK AND WHITE FLAG FOR CAR 23 (ALB) - TRACK LIMITS,,BLACK AND WHITE,Driver,,23.0,ALB,56,flags,black and white flag for car # (alb) - track limits,False,False,False,True,True
5255,2025-abu-dhabi-grand-prix-r,2025,Abu Dhabi Grand Prix,2025-12-07 14:27:28+00:00,5248000.0,Flag,WAVED BLUE FLAG FOR CAR 43 (COL) TIMED AT 18:27:28,,BLUE,Driver,,43.0,COL,57,flags,waved blue flag for car # (col) timed at #:#:#,False,False,False,True,True
5256,2025-abu-dhabi-grand-prix-r,2025,Abu Dhabi Grand Prix,2025-12-07 14:27:57+00:00,5277000.0,Flag,WAVED BLUE FLAG FOR CAR 43 (COL) TIMED AT 18:27:57,,BLUE,Driver,,43.0,COL,57,flags,waved blue flag for car # (col) timed at #:#:#,False,False,False,True,True
5257,2025-abu-dhabi-grand-prix-r,2025,Abu Dhabi Grand Prix,2025-12-07 14:28:03+00:00,5283000.0,Flag,WAVED BLUE FLAG FOR CAR 6 (HAD) TIMED AT 18:28:02,,BLUE,Driver,,6.0,HAD,57,flags,waved blue flag for car # (had) timed at #:#:#,False,False,False,True,True
5258,2025-abu-dhabi-grand-prix-r,2025,Abu Dhabi Grand Prix,2025-12-07 14:28:13+00:00,5293000.0,Flag,WAVED BLUE FLAG FOR CAR 43 (COL) TIMED AT 18:28:12,,BLUE,Driver,,43.0,COL,58,flags,waved blue flag for car # (col) timed at #:#:#,False,False,False,True,True
5259,2025-abu-dhabi-grand-prix-r,2025,Abu Dhabi Grand Prix,2025-12-07 14:28:25+00:00,5305000.0,Flag,WAVED BLUE FLAG FOR CAR 43 (COL) TIMED AT 18:28:24,,BLUE,Driver,,43.0,COL,58,flags,waved blue flag for car # (col) timed at #:#:#,False,False,False,True,True
5260,2025-abu-dhabi-grand-prix-r,2025,Abu Dhabi Grand Prix,2025-12-07 14:28:33+00:00,5313000.0,Flag,WAVED BLUE FLAG FOR CAR 43 (COL) TIMED AT 18:28:32,,BLUE,Driver,,43.0,COL,58,flags,waved blue flag for car # (col) timed at #:#:#,False,False,False,True,True
5261,2025-abu-dhabi-grand-prix-r,2025,Abu Dhabi Grand Prix,2025-12-07 14:28:37+00:00,5317000.0,Flag,WAVED BLUE FLAG FOR CAR 43 (COL) TIMED AT 18:28:37,,BLUE,Driver,,43.0,COL,58,flags,waved blue flag for car # (col) timed at #:#:#,False,False,False,True,True
5262,2025-abu-dhabi-grand-prix-r,2025,Abu Dhabi Grand Prix,2025-12-07 14:28:57+00:00,5337000.0,Flag,WAVED BLUE FLAG FOR CAR 43 (COL) TIMED AT 18:28:56,,BLUE,Driver,,43.0,COL,58,flags,waved blue flag for car # (col) timed at #:#:#,False,False,False,True,True
5263,2025-abu-dhabi-grand-prix-r,2025,Abu Dhabi Grand Prix,2025-12-07 14:29:35+00:00,5375000.0,Flag,CHEQUERED FLAG,,CHEQUERED,Track,,,,58,red_flag,chequered flag,False,False,True,False,True
5264,2025-abu-dhabi-grand-prix-r,2025,Abu Dhabi Grand Prix,2025-12-07 14:30:37+00:00,5437000.0,Other,UPDATE: TURN 8 INCIDENT INVOLVING CARS 18 (STR) AND 55 (SAI) NOTED - MORE THAN ONE CHANGE OF DIRECTION,,,,,,,58,investigations_noted,update: turn # incident involving cars # (str) and # (sai) noted - more than one change of direction,False,False,True,False,True
5265,2025-abu-dhabi-grand-prix-r,2025,Abu Dhabi Grand Prix,2025-12-07 14:30:48+00:00,5448000.0,Other,FIA STEWARDS: TURN 8 INCIDENT INVOLVING CARS 18 (STR) AND 55 (SAI) UNDER INVESTIGATION - MORE THAN ONE CHANGE OF DIRECTION,,,,,,,58,investigations_noted,fia stewards: turn # incident involving cars # (str) and # (sai) under investigation - more than one change of direction,False,False,True,False,True
5266,2025-abu-dhabi-grand-prix-r,2025,Abu Dhabi Grand Prix,2025-12-07 14:32:24+00:00,5544000.0,Other,FIA STEWARDS: 5 SECOND TIME PENALTY FOR CAR 18 (STR) - MORE THAN ONE CHANGE OF DIRECTION,,,,,,,58,penalties,fia stewards: # second time penalty for car # (str) - more than one change of direction,False,False,True,False,True
5267,2025-abu-dhabi-grand-prix-r,2025,Abu Dhabi Grand Prix,2025-12-07 14:33:54+00:00,5634000.0,Other,TURN 8 INCIDENT INVOLVING CARS 87 (BEA) AND 18 (STR) NOTED - MORE THAN ONE CHANGE OF DIRECTION,,,,,,,58,investigations_noted,turn # incident involving cars # (bea) and # (str) noted - more than one change of direction,False,False,True,False,True
5268,2025-abu-dhabi-grand-prix-r,2025,Abu Dhabi Grand Prix,2025-12-07 14:34:22+00:00,5662000.0,Other,ALL PASS HOLDERS MAY ACCESS THE PIT LANE,,,,,,,58,pit_entry_exit,all pass holders may access the pit lane,False,False,True,False,True
5269,2025-abu-dhabi-grand-prix-r,2025,Abu Dhabi Grand Prix,2025-12-07 14:36:32+00:00,5792000.0,Other,FIA STEWARDS: TURN 8 INCIDENT INVOLVING CARS 87 (BEA) AND 18 (STR) UNDER INVESTIGATION - MORE THAN ONE CHANGE OF DIRECTION,,,,,,,58,investigations_noted,fia stewards: turn # incident involving cars # (bea) and # (str) under investigation - more than one change of direction,False,False,True,False,True
5270,2025-abu-dhabi-grand-prix-r,2025,Abu Dhabi Grand Prix,2025-12-07 14:38:08+00:00,5888000.0,Other,FIA STEWARDS: 5 SECOND TIME PENALTY FOR CAR 87 (BEA) - MORE THAN ONE CHANGE OF DIRECTION,,,,,,,58,penalties,fia stewards: # second time penalty for car # (bea) - more than one change of direction,False,False,True,False,True
5164,2025-abu-dhabi-grand-prix-r,2025,Abu Dhabi Grand Prix,2025-12-07 12:20:00+00:00,,Flag,GREEN LIGHT - PIT EXIT OPEN,,GREEN,Track,,,,1,pit_entry_exit,green light - pit exit open,True,False,True,False,True
5165,2025-abu-dhabi-grand-prix-r,2025,Abu Dhabi Grand Prix,2025-12-07 12:30:00+00:00,,Other,PIT EXIT CLOSED,,,,,,,1,pit_entry_exit,pit exit closed,True,False,True,False,True
5166,2025-abu-dhabi-grand-prix-r,2025,Abu Dhabi Grand Prix,2025-12-07 12:45:02+00:00,,Other,RISK OF RAIN FOR F1 RACE IS 0%,,,,,,,1,other,risk of rain for f1 race is #%,True,False,True,False,True
5167,2025-abu-dhabi-grand-prix-r,2025,Abu Dhabi Grand Prix,2025-12-07 12:51:46+00:00,,Flag,DOUBLE YELLOW IN TRACK SECTOR 14,,DOUBLE YELLOW,Sector,14.0,,,1,flags,double yellow in track sector #,True,False,True,False,True
5168,2025-abu-dhabi-grand-prix-r,2025,Abu Dhabi Grand Prix,2025-12-07 12:51:47+00:00,,Other,DRS DISABLED IN ZONE 1,,,,,,,1,drs,drs disabled in zone #,True,False,True,False,True
5169,2025-abu-dhabi-grand-prix-r,2025,Abu Dhabi Grand Prix,2025-12-07 12:51:59+00:00,,Other,DRS ENABLED IN ZONE 1,,,,,,,1,drs,drs enabled in zone #,True,False,True,False,True
5170,2025-abu-dhabi-grand-prix-r,2025,Abu Dhabi Grand Prix,2025-12-07 12:51:59+00:00,,Flag,CLEAR IN TRACK SECTOR 14,,CLEAR,Sector,14.0,,,1,flags,clear in track sector #,True,False,True,False,True
5171,2025-abu-dhabi-grand-prix-r,2025,Abu Dhabi Grand Prix,2025-12-07 12:57:03+00:00,,Drs,DRS DISABLED,DISABLED,,,,,,1,drs,drs disabled,True,False,True,False,True
