session_id,year,event_name,driver_code,driver_number,stream_name,sample_count,min_delta_ms,median_delta_ms,p90_delta_ms,p99_delta_ms,max_delta_ms,estimated_frequency_hz,duplicate_count,out_of_order_count,warning_flags
2025-australian-grand-prix-r,2025,Australian Grand Prix,ALB,23,raw_car_telemetry,22873,158.0,240.0,399.0,520.0,1359.0,4.166666666666667,0,0,SOURCE_GAP_TOO_LARGE
2025-australian-grand-prix-r,2025,Australian Grand Prix,ALB,23,raw_location_telemetry,23398,20.0,240.0,380.0,520.0,1380.0,4.166666666666667,0,0,SOURCE_GAP_TOO_LARGE
2025-australian-grand-prix-r,2025,Australian Grand Prix,ALO,14,raw_car_telemetry,13022,158.0,240.0,399.0,481.0,1359.0,4.166666666666667,0,0,SOURCE_GAP_TOO_LARGE
2025-australian-grand-prix-r,2025,Australian Grand Prix,ALO,14,raw_location_telemetry,13336,20.0,240.0,380.0,500.0,1340.0,4.166666666666667,0,0,SOURCE_GAP_TOO_LARGE
2025-australian-grand-prix-r,2025,Australian Grand Prix,ANT,12,raw_car_telemetry,22862,158.0,240.0,399.0,520.0,1359.0,4.166666666666667,0,0,SOURCE_GAP_TOO_LARGE
2025-australian-grand-prix-r,2025,Australian Grand Prix,ANT,12,raw_location_telemetry,23388,20.0,240.0,380.0,520.0,1380.0,4.166666666666667,0,0,SOURCE_GAP_TOO_LARGE
2025-australian-grand-prix-r,2025,Australian Grand Prix,BEA,87,raw_car_telemetry,22980,158.0,240.0,399.0,520.0,1359.0,4.166666666666667,0,0,SOURCE_GAP_TOO_LARGE
2025-australian-grand-prix-r,2025,Australian Grand Prix,BEA,87,raw_location_telemetry,23505,20.0,240.0,380.0,520.0,1380.0,4.166666666666667,0,0,SOURCE_GAP_TOO_LARGE
2025-australian-grand-prix-r,2025,Australian Grand Prix,BOR,5,raw_car_telemetry,18661,158.0,240.0,399.0,520.0,1359.0,4.166666666666667,0,0,SOURCE_GAP_TOO_LARGE
2025-australian-grand-prix-r,2025,Australian Grand Prix,BOR,5,raw_location_telemetry,19083,20.0,240.0,380.0,520.0,1340.0,4.166666666666667,0,0,SOURCE_GAP_TOO_LARGE
2025-australian-grand-prix-r,2025,Australian Grand Prix,DOO,7,raw_car_telemetry,442,159.0,240.0,360.0,711.4000000000027,1080.0,4.166666666666667,0,0,SOURCE_GAP_TOO_LARGE
2025-australian-grand-prix-r,2025,Australian Grand Prix,DOO,7,raw_location_telemetry,418,20.0,260.0,400.0,793.599999999999,1120.0,3.8461538461538463,0,0,SOURCE_GAP_TOO_LARGE
2025-australian-grand-prix-r,2025,Australian Grand Prix,GAS,10,raw_car_telemetry,22924,158.0,240.0,399.0,520.0,1359.0,4.166666666666667,0,0,SOURCE_GAP_TOO_LARGE
2025-australian-grand-prix-r,2025,Australian Grand Prix,GAS,10,raw_location_telemetry,23450,20.0,240.0,380.0,520.0,1380.0,4.166666666666667,0,0,SOURCE_GAP_TOO_LARGE
2025-australian-grand-prix-r,2025,Australian Grand Prix,HAD,6,raw_car_telemetry,442,159.0,240.0,360.0,711.4000000000027,1080.0,4.166666666666667,0,0,SOURCE_GAP_TOO_LARGE
2025-australian-grand-prix-r,2025,Australian Grand Prix,HAD,6,raw_location_telemetry,418,20.0,260.0,400.0,793.599999999999,1120.0,3.8461538461538463,0,0,SOURCE_GAP_TOO_LARGE
2025-australian-grand-prix-r,2025,Australian Grand Prix,HAM,44,raw_car_telemetry,22907,158.0,240.0,399.0,520.0,1359.0,4.166666666666667,0,0,SOURCE_GAP_TOO_LARGE
2025-australian-grand-prix-r,2025,Australian Grand Prix,HAM,44,raw_location_telemetry,23435,20.0,240.0,380.0,520.0,1380.0,4.166666666666667,0,0,SOURCE_GAP_TOO_LARGE
2025-australian-grand-prix-r,2025,Australian Grand Prix,HUL,27,raw_car_telemetry,22892,158.0,240.0,399.0,520.0,1359.0,4.166666666666667,0,0,SOURCE_GAP_TOO_LARGE
2025-australian-grand-prix-r,2025,Australian Grand Prix,HUL,27,raw_location_telemetry,23418,20.0,240.0,380.0,520.0,1380.0,4.166666666666667,0,0,SOURCE_GAP_TOO_LARGE
2025-australian-grand-prix-r,2025,Australian Grand Prix,LAW,30,raw_car_telemetry,18945,158.0,240.0,399.0,520.0,1359.0,4.166666666666667,0,0,SOURCE_GAP_TOO_LARGE
2025-australian-grand-prix-r,2025,Australian Grand Prix,LAW,30,raw_location_telemetry,19368,20.0,240.0,380.0,520.0,1340.0,4.166666666666667,0,0,SOURCE_GAP_TOO_LARGE
2025-australian-grand-prix-r,2025,Australian Grand Prix,LEC,16,raw_car_telemetry,22897,158.0,240.0,399.0,520.0,1359.0,4.166666666666667,0,0,SOURCE_GAP_TOO_LARGE
2025-australian-grand-prix-r,2025,Australian Grand Prix,LEC,16,raw_location_telemetry,23425,20.0,240.0,380.0,520.0,1380.0,4.166666666666667,0,0,SOURCE_GAP_TOO_LARGE
2025-australian-grand-prix-r,2025,Australian Grand Prix,NOR,4,raw_car_telemetry,22826,158.0,240.0,399.0,520.0,1359.0,4.166666666666667,0,0,SOURCE_GAP_TOO_LARGE
2025-australian-grand-prix-r,2025,Australian Grand Prix,NOR,4,raw_location_telemetry,23351,20.0,240.0,380.0,520.0,1380.0,4.166666666666667,0,0,SOURCE_GAP_TOO_LARGE
2025-australian-grand-prix-r,2025,Australian Grand Prix,OCO,31,raw_car_telemetry,22952,158.0,240.0,399.0,520.0,1359.0,4.166666666666667,0,0,SOURCE_GAP_TOO_LARGE
2025-australian-grand-prix-r,2025,Australian Grand Prix,OCO,31,raw_location_telemetry,23477,20.0,240.0,380.0,520.0,1380.0,4.166666666666667,0,0,SOURCE_GAP_TOO_LARGE
2025-australian-grand-prix-r,2025,Australian Grand Prix,PIA,81,raw_car_telemetry,22899,158.0,240.0,399.0,520.0,1359.0,4.166666666666667,0,0,SOURCE_GAP_TOO_LARGE
2025-australian-grand-prix-r,2025,Australian Grand Prix,PIA,81,raw_location_telemetry,23427,20.0,240.0,380.0,520.0,1380.0,4.166666666666667,0,0,SOURCE_GAP_TOO_LARGE
2025-australian-grand-prix-r,2025,Australian Grand Prix,RUS,63,raw_car_telemetry,22855,158.0,240.0,399.0,520.0,1359.0,4.166666666666667,0,0,SOURCE_GAP_TOO_LARGE
2025-australian-grand-prix-r,2025,Australian Grand Prix,RUS,63,raw_location_telemetry,23381,20.0,240.0,380.0,520.0,1380.0,4.166666666666667,0,0,SOURCE_GAP_TOO_LARGE
2025-australian-grand-prix-r,2025,Australian Grand Prix,SAI,55,raw_car_telemetry,442,159.0,240.0,360.0,711.4000000000027,1080.0,4.166666666666667,0,0,SOURCE_GAP_TOO_LARGE
2025-australian-grand-prix-r,2025,Australian Grand Prix,SAI,55,raw_location_telemetry,418,20.0,260.0,400.0,793.599999999999,1120.0,3.8461538461538463,0,0,SOURCE_GAP_TOO_LARGE
2025-australian-grand-prix-r,2025,Australian Grand Prix,STR,18,raw_car_telemetry,22889,158.0,240.0,399.0,520.0,1359.0,4.166666666666667,0,0,SOURCE_GAP_TOO_LARGE
2025-australian-grand-prix-r,2025,Australian Grand Prix,STR,18,raw_location_telemetry,23415,20.0,240.0,380.0,520.0,1380.0,4.166666666666667,0,0,SOURCE_GAP_TOO_LARGE
2025-australian-grand-prix-r,2025,Australian Grand Prix,TSU,22,raw_car_telemetry,22938,158.0,240.0,399.0,520.0,1359.0,4.166666666666667,0,0,SOURCE_GAP_TOO_LARGE
2025-australian-grand-prix-r,2025,Australian Grand Prix,TSU,22,raw_location_telemetry,23464,20.0,240.0,380.0,520.0,1380.0,4.166666666666667,0,0,SOURCE_GAP_TOO_LARGE
2025-australian-grand-prix-r,2025,Australian Grand Prix,VER,1,raw_car_telemetry,22829,158.0,240.0,399.0,520.0,1359.0,4.166666666666667,0,0,SOURCE_GAP_TOO_LARGE
2025-australian-grand-prix-r,2025,Australian Grand Prix,VER,1,raw_location_telemetry,23355,20.0,240.0,380.0,520.0,1380.0,4.166666666666667,0,0,SOURCE_GAP_TOO_LARGE
2025-chinese-grand-prix-r,2025,Chinese Grand Prix,ALB,23,raw_car_telemetry,20620,159.0,240.0,400.0,480.8199999999997,1400.0,4.166666666666667,0,0,SOURCE_GAP_TOO_LARGE
2025-chinese-grand-prix-r,2025,Chinese Grand Prix,ALB,23,raw_location_telemetry,20933,20.0,240.0,380.0,501.0,1439.0,4.166666666666667,0,0,SOURCE_GAP_TOO_LARGE
2025-chinese-grand-prix-r,2025,Chinese Grand Prix,ALO,14,raw_car_telemetry,1659,159.0,240.0,400.0,519.4300000000001,1400.0,4.166666666666667,0,0,SOURCE_GAP_TOO_LARGE
2025-chinese-grand-prix-r,2025,Chinese Grand Prix,ALO,14,raw_location_telemetry,1684,20.0,240.0,381.0,519.1800000000001,1360.0,4.166666666666667,0,0,SOURCE_GAP_TOO_LARGE
2025-chinese-grand-prix-r,2025,Chinese Grand Prix,ANT,12,raw_car_telemetry,20611,159.0,240.0,400.0,480.90999999999985,1400.0,4.166666666666667,0,0,SOURCE_GAP_TOO_LARGE
2025-chinese-grand-prix-r,2025,Chinese Grand Prix,ANT,12,raw_location_telemetry,20924,20.0,240.0,380.0,501.0,1439.0,4.166666666666667,0,0,SOURCE_GAP_TOO_LARGE
2025-chinese-grand-prix-r,2025,Chinese Grand Prix,BEA,87,raw_car_telemetry,20638,159.0,240.0,400.0,480.6399999999994,1400.0,4.166666666666667,0,0,SOURCE_GAP_TOO_LARGE
2025-chinese-grand-prix-r,2025,Chinese Grand Prix,BEA,87,raw_location_telemetry,20954,20.0,240.0,380.0,501.0,1439.0,4.166666666666667,0,0,SOURCE_GAP_TOO_LARGE
2025-chinese-grand-prix-r,2025,Chinese Grand Prix,BOR,5,raw_car_telemetry,20448,159.0,240.0,400.0,481.0,1400.0,4.166666666666667,0,0,SOURCE_GAP_TOO_LARGE
2025-chinese-grand-prix-r,2025,Chinese Grand Prix,BOR,5,raw_location_telemetry,20756,20.0,240.0,380.0,501.0,1439.0,4.166666666666667,0,0,SOURCE_GAP_TOO_LARGE
2025-chinese-grand-prix-r,2025,Chinese Grand Prix,DOO,7,raw_car_telemetry,20698,159.0,240.0,400.0,481.0,1400.0,4.166666666666667,0,0,SOURCE_GAP_TOO_LARGE
2025-chinese-grand-prix-r,2025,Chinese Grand Prix,DOO,7,raw_location_telemetry,21015,20.0,240.0,380.0,501.0,1439.0,4.166666666666667,0,0,SOURCE_GAP_TOO_LARGE
2025-chinese-grand-prix-r,2025,Chinese Grand Prix,GAS,10,raw_car_telemetry,20661,159.0,240.0,400.0,480.40999999999985,1400.0,4.166666666666667,0,0,SOURCE_GAP_TOO_LARGE
2025-chinese-grand-prix-r,2025,Chinese Grand Prix,GAS,10,raw_location_telemetry,20977,20.0,240.0,380.0,501.0,1439.0,4.166666666666667,0,0,SOURCE_GAP_TOO_LARGE
2025-chinese-grand-prix-r,2025,Chinese Grand Prix,HAD,6,raw_car_telemetry,20700,159.0,240.0,400.0,481.0,1400.0,4.166666666666667,0,0,SOURCE_GAP_TOO_LARGE
2025-chinese-grand-prix-r,2025,Chinese Grand Prix,HAD,6,raw_location_telemetry,21017,20.0,240.0,380.0,501.0,1439.0,4.166666666666667,0,0,SOURCE_GAP_TOO_LARGE
2025-chinese-grand-prix-r,2025,Chinese Grand Prix,HAM,44,raw_car_telemetry,20504,159.0,240.0,400.0,481.0,1400.0,4.166666666666667,0,0,SOURCE_GAP_TOO_LARGE
2025-chinese-grand-prix-r,2025,Chinese Grand Prix,HAM,44,raw_location_telemetry,20814,20.0,240.0,380.0,501.0,1439.0,4.166666666666667,0,0,SOURCE_GAP_TOO_LARGE
2025-chinese-grand-prix-r,2025,Chinese Grand Prix,HUL,27,raw_car_telemetry,20483,159.0,240.0,400.0,481.0,1400.0,4.166666666666667,0,0,SOURCE_GAP_TOO_LARGE
2025-chinese-grand-prix-r,2025,Chinese Grand Prix,HUL,27,raw_location_telemetry,20793,20.0,240.0,380.0,501.0,1439.0,4.166666666666667,0,0,SOURCE_GAP_TOO_LARGE
2025-chinese-grand-prix-r,2025,Chinese Grand Prix,LAW,30,raw_car_telemetry,20708,159.0,240.0,400.0,480.9399999999987,1400.0,4.166666666666667,0,0,SOURCE_GAP_TOO_LARGE
2025-chinese-grand-prix-r,2025,Chinese Grand Prix,LAW,30,raw_location_telemetry,21026,20.0,240.0,380.0,501.0,1439.0,4.166666666666667,0,0,SOURCE_GAP_TOO_LARGE
2025-chinese-grand-prix-r,2025,Chinese Grand Prix,LEC,16,raw_car_telemetry,20495,159.0,240.0,400.0,481.0,1400.0,4.166666666666667,0,0,SOURCE_GAP_TOO_LARGE
2025-chinese-grand-prix-r,2025,Chinese Grand Prix,LEC,16,raw_location_telemetry,20805,20.0,240.0,380.0,501.0,1439.0,4.166666666666667,0,0,SOURCE_GAP_TOO_LARGE
2025-chinese-grand-prix-r,2025,Chinese Grand Prix,NOR,4,raw_car_telemetry,20444,159.0,240.0,400.0,481.0,1400.0,4.166666666666667,0,0,SOURCE_GAP_TOO_LARGE
2025-chinese-grand-prix-r,2025,Chinese Grand Prix,NOR,4,raw_location_telemetry,20751,20.0,240.0,380.0,501.0,1439.0,4.166666666666667,0,0,SOURCE_GAP_TOO_LARGE
2025-chinese-grand-prix-r,2025,Chinese Grand Prix,OCO,31,raw_car_telemetry,20599,159.0,240.0,400.0,481.0,1400.0,4.166666666666667,0,0,SOURCE_GAP_TOO_LARGE
2025-chinese-grand-prix-r,2025,Chinese Grand Prix,OCO,31,raw_location_telemetry,20909,20.0,240.0,380.0,501.0,1439.0,4.166666666666667,0,0,SOURCE_GAP_TOO_LARGE
2025-chinese-grand-prix-r,2025,Chinese Grand Prix,PIA,81,raw_car_telemetry,20406,159.0,240.0,400.0,481.0,1400.0,4.166666666666667,0,0,SOURCE_GAP_TOO_LARGE
2025-chinese-grand-prix-r,2025,Chinese Grand Prix,PIA,81,raw_location_telemetry,20715,20.0,240.0,380.0,501.0,1439.0,4.166666666666667,0,0,SOURCE_GAP_TOO_LARGE
2025-chinese-grand-prix-r,2025,Chinese Grand Prix,RUS,63,raw_car_telemetry,20449,159.0,240.0,400.0,481.0,1400.0,4.166666666666667,0,0,SOURCE_GAP_TOO_LARGE
2025-chinese-grand-prix-r,2025,Chinese Grand Prix,RUS,63,raw_location_telemetry,20757,20.0,240.0,380.0,501.0,1439.0,4.166666666666667,0,0,SOURCE_GAP_TOO_LARGE
2025-chinese-grand-prix-r,2025,Chinese Grand Prix,SAI,55,raw_car_telemetry,20690,159.0,240.0,400.0,481.0,1400.0,4.166666666666667,0,0,SOURCE_GAP_TOO_LARGE
2025-chinese-grand-prix-r,2025,Chinese Grand Prix,SAI,55,raw_location_telemetry,21008,20.0,240.0,380.0,501.0,1439.0,4.166666666666667,0,0,SOURCE_GAP_TOO_LARGE
2025-chinese-grand-prix-r,2025,Chinese Grand Prix,STR,18,raw_car_telemetry,20670,159.0,240.0,400.0,480.3199999999997,1400.0,4.166666666666667,0,0,SOURCE_GAP_TOO_LARGE
2025-chinese-grand-prix-r,2025,Chinese Grand Prix,STR,18,raw_location_telemetry,20988,20.0,240.0,380.0,501.0,1439.0,4.166666666666667,0,0,SOURCE_GAP_TOO_LARGE
2025-chinese-grand-prix-r,2025,Chinese Grand Prix,TSU,22,raw_car_telemetry,20496,159.0,240.0,400.0,481.0,1400.0,4.166666666666667,0,0,SOURCE_GAP_TOO_LARGE
2025-chinese-grand-prix-r,2025,Chinese Grand Prix,TSU,22,raw_location_telemetry,20806,20.0,240.0,380.0,501.0,1439.0,4.166666666666667,0,0,SOURCE_GAP_TOO_LARGE
2025-chinese-grand-prix-r,2025,Chinese Grand Prix,VER,1,raw_car_telemetry,20469,159.0,240.0,400.0,481.0,1400.0,4.166666666666667,0,0,SOURCE_GAP_TOO_LARGE
2025-chinese-grand-prix-r,2025,Chinese Grand Prix,VER,1,raw_location_telemetry,20779,20.0,240.0,380.0,501.0,1439.0,4.166666666666667,0,0,SOURCE_GAP_TOO_LARGE
2025-japanese-grand-prix-r,2025,Japanese Grand Prix,ALB,23,raw_car_telemetry,18548,159.0,240.0,400.0,481.0,1479.0,4.166666666666667,0,0,SOURCE_GAP_TOO_LARGE
2025-japanese-grand-prix-r,2025,Japanese Grand Prix,ALB,23,raw_location_telemetry,18958,20.0,240.0,380.0,519.0,1419.0,4.166666666666667,0,0,SOURCE_GAP_TOO_LARGE
2025-japanese-grand-prix-r,2025,Japanese Grand Prix,ALO,14,raw_car_telemetry,18606,159.0,240.0,400.0,481.0,1479.0,4.166666666666667,0,0,SOURCE_GAP_TOO_LARGE
2025-japanese-grand-prix-r,2025,Japanese Grand Prix,ALO,14,raw_location_telemetry,19024,20.0,240.0,380.0,519.0,1419.0,4.166666666666667,0,0,SOURCE_GAP_TOO_LARGE
2025-japanese-grand-prix-r,2025,Japanese Grand Prix,ANT,12,raw_car_telemetry,18471,159.0,240.0,400.0,481.0,1479.0,4.166666666666667,0,0,SOURCE_GAP_TOO_LARGE
2025-japanese-grand-prix-r,2025,Japanese Grand Prix,ANT,12,raw_location_telemetry,18880,20.0,240.0,380.0,504.96000000002095,1419.0,4.166666666666667,0,0,SOURCE_GAP_TOO_LARGE
2025-japanese-grand-prix-r,2025,Japanese Grand Prix,BEA,87,raw_car_telemetry,18597,159.0,240.0,400.0,481.0,1479.0,4.166666666666667,0,0,SOURCE_GAP_TOO_LARGE
2025-japanese-grand-prix-r,2025,Japanese Grand Prix,BEA,87,raw_location_telemetry,19012,20.0,240.0,380.0,517.2000000000262,1419.0,4.166666666666667,0,0,SOURCE_GAP_TOO_LARGE
2025-japanese-grand-prix-r,2025,Japanese Grand Prix,BOR,5,raw_car_telemetry,18710,159.0,240.0,400.0,481.0,1479.0,4.166666666666667,0,0,SOURCE_GAP_TOO_LARGE
2025-japanese-grand-prix-r,2025,Japanese Grand Prix,BOR,5,raw_location_telemetry,19122,20.0,240.0,380.0,519.0,1419.0,4.166666666666667,0,0,SOURCE_GAP_TOO_LARGE
2025-japanese-grand-prix-r,2025,Japanese Grand Prix,DOO,7,raw_car_telemetry,18700,159.0,240.0,400.0,481.0,1479.0,4.166666666666667,0,0,SOURCE_GAP_TOO_LARGE
2025-japanese-grand-prix-r,2025,Japanese Grand Prix,DOO,7,raw_location_telemetry,19113,20.0,240.0,380.0,519.0,1419.0,4.166666666666667,0,0,SOURCE_GAP_TOO_LARGE
2025-japanese-grand-prix-r,2025,Japanese Grand Prix,GAS,10,raw_car_telemetry,18626,159.0,240.0,400.0,481.0,1479.0,4.166666666666667,0,0,SOURCE_GAP_TOO_LARGE
2025-japanese-grand-prix-r,2025,Japanese Grand Prix,GAS,10,raw_location_telemetry,19042,20.0,240.0,380.0,519.0,1419.0,4.166666666666667,0,0,SOURCE_GAP_TOO_LARGE
2025-japanese-grand-prix-r,2025,Japanese Grand Prix,HAD,6,raw_car_telemetry,18537,159.0,240.0,400.0,481.0,1479.0,4.166666666666667,0,0,SOURCE_GAP_TOO_LARGE
2025-japanese-grand-prix-r,2025,Japanese Grand Prix,HAD,6,raw_location_telemetry,18945,20.0,240.0,380.0,519.0,1419.0,4.166666666666667,0,0,SOURCE_GAP_TOO_LARGE
2025-japanese-grand-prix-r,2025,Japanese Grand Prix,HAM,44,raw_car_telemetry,18507,159.0,240.0,400.0,481.0,1479.0,4.166666666666667,0,0,SOURCE_GAP_TOO_LARGE
2025-japanese-grand-prix-r,2025,Japanese Grand Prix,HAM,44,raw_location_telemetry,18915,20.0,240.0,380.0,519.0,1419.0,4.166666666666667,0,0,SOURCE_GAP_TOO_LARGE
2025-japanese-grand-prix-r,2025,Japanese Grand Prix,HUL,27,raw_car_telemetry,18702,159.0,240.0,400.0,481.0,1479.0,4.166666666666667,0,0,SOURCE_GAP_TOO_LARGE
2025-japanese-grand-prix-r,2025,Japanese Grand Prix,HUL,27,raw_location_telemetry,19115,20.0,240.0,380.0,519.0,1419.0,4.166666666666667,0,0,SOURCE_GAP_TOO_LARGE
2025-japanese-grand-prix-r,2025,Japanese Grand Prix,LAW,30,raw_car_telemetry,18705,159.0,240.0,400.0,481.0,1479.0,4.166666666666667,0,0,SOURCE_GAP_TOO_LARGE
2025-japanese-grand-prix-r,2025,Japanese Grand Prix,LAW,30,raw_location_telemetry,19118,20.0,240.0,380.0,519.0,1419.0,4.166666666666667,0,0,SOURCE_GAP_TOO_LARGE
2025-japanese-grand-prix-r,2025,Japanese Grand Prix,LEC,16,raw_car_telemetry,18461,159.0,240.0,400.0,481.0,1479.0,4.166666666666667,0,0,SOURCE_GAP_TOO_LARGE
2025-japanese-grand-prix-r,2025,Japanese Grand Prix,LEC,16,raw_location_telemetry,18869,20.0,240.0,380.0,506.93999999996595,1419.0,4.166666666666667,0,0,SOURCE_GAP_TOO_LARGE
2025-japanese-grand-prix-r,2025,Japanese Grand Prix,NOR,4,raw_car_telemetry,18407,159.0,240.0,400.0,481.0,1479.0,4.166666666666667,0,0,SOURCE_GAP_TOO_LARGE
2025-japanese-grand-prix-r,2025,Japanese Grand Prix,NOR,4,raw_location_telemetry,18817,20.0,240.0,380.0,501.0,1419.0,4.166666666666667,0,0,SOURCE_GAP_TOO_LARGE
2025-japanese-grand-prix-r,2025,Japanese Grand Prix,OCO,31,raw_car_telemetry,18708,159.0,240.0,400.0,481.0,1479.0,4.166666666666667,0,0,SOURCE_GAP_TOO_LARGE
2025-japanese-grand-prix-r,2025,Japanese Grand Prix,OCO,31,raw_location_telemetry,19120,20.0,240.0,380.0,519.0,1419.0,4.166666666666667,0,0,SOURCE_GAP_TOO_LARGE
2025-japanese-grand-prix-r,2025,Japanese Grand Prix,PIA,81,raw_car_telemetry,18409,159.0,240.0,400.0,481.0,1479.0,4.166666666666667,0,0,SOURCE_GAP_TOO_LARGE
2025-japanese-grand-prix-r,2025,Japanese Grand Prix,PIA,81,raw_location_telemetry,18819,20.0,240.0,380.0,501.0,1419.0,4.166666666666667,0,0,SOURCE_GAP_TOO_LARGE
2025-japanese-grand-prix-r,2025,Japanese Grand Prix,RUS,63,raw_car_telemetry,18465,159.0,240.0,400.0,481.0,1479.0,4.166666666666667,0,0,SOURCE_GAP_TOO_LARGE
2025-japanese-grand-prix-r,2025,Japanese Grand Prix,RUS,63,raw_location_telemetry,18874,20.0,240.0,380.0,506.03999999997905,1419.0,4.166666666666667,0,0,SOURCE_GAP_TOO_LARGE
2025-japanese-grand-prix-r,2025,Japanese Grand Prix,SAI,55,raw_car_telemetry,18670,159.0,240.0,400.0,481.0,1479.0,4.166666666666667,0,0,SOURCE_GAP_TOO_LARGE
2025-japanese-grand-prix-r,2025,Japanese Grand Prix,SAI,55,raw_location_telemetry,19087,20.0,240.0,380.0,519.1500000000015,1419.0,4.166666666666667,0,0,SOURCE_GAP_TOO_LARGE
2025-japanese-grand-prix-r,2025,Japanese Grand Prix,STR,18,raw_car_telemetry,18449,159.0,240.0,400.0,481.0,1479.0,4.166666666666667,0,0,SOURCE_GAP_TOO_LARGE
2025-japanese-grand-prix-r,2025,Japanese Grand Prix,STR,18,raw_location_telemetry,18856,20.0,240.0,380.0,509.2799999999843,1419.0,4.166666666666667,0,0,SOURCE_GAP_TOO_LARGE
2025-japanese-grand-prix-r,2025,Japanese Grand Prix,TSU,22,raw_car_telemetry,18610,159.0,240.0,400.0,481.0,1479.0,4.166666666666667,0,0,SOURCE_GAP_TOO_LARGE
2025-japanese-grand-prix-r,2025,Japanese Grand Prix,TSU,22,raw_location_telemetry,19028,20.0,240.0,380.0,519.0,1419.0,4.166666666666667,0,0,SOURCE_GAP_TOO_LARGE
2025-japanese-grand-prix-r,2025,Japanese Grand Prix,VER,1,raw_car_telemetry,18403,159.0,240.0,400.0,481.0,1479.0,4.166666666666667,0,0,SOURCE_GAP_TOO_LARGE
2025-japanese-grand-prix-r,2025,Japanese Grand Prix,VER,1,raw_location_telemetry,18811,20.0,240.0,380.0,501.0,1419.0,4.166666666666667,0,0,SOURCE_GAP_TOO_LARGE
2025-bahrain-grand-prix-r,2025,Bahrain Grand Prix,ALB,23,raw_car_telemetry,21493,159.0,240.0,400.0,519.0900000000001,1680.0,4.166666666666667,0,0,SOURCE_GAP_TOO_LARGE
2025-bahrain-grand-prix-r,2025,Bahrain Grand Prix,ALB,23,raw_location_telemetry,22091,20.0,240.0,380.0,520.0,1920.0,4.166666666666667,0,0,SOURCE_GAP_TOO_LARGE
2025-bahrain-grand-prix-r,2025,Bahrain Grand Prix,ALO,14,raw_car_telemetry,21533,159.0,240.0,400.0,519.6899999999987,1680.0,4.166666666666667,0,0,SOURCE_GAP_TOO_LARGE
2025-bahrain-grand-prix-r,2025,Bahrain Grand Prix,ALO,14,raw_location_telemetry,22131,20.0,240.0,380.0,520.0,1920.0,4.166666666666667,0,0,SOURCE_GAP_TOO_LARGE
2025-bahrain-grand-prix-r,2025,Bahrain Grand Prix,ANT,12,raw_car_telemetry,21491,159.0,240.0,400.0,519.1100000000006,1680.0,4.166666666666667,0,0,SOURCE_GAP_TOO_LARGE
2025-bahrain-grand-prix-r,2025,Bahrain Grand Prix,ANT,12,raw_location_telemetry,22088,20.0,240.0,380.0,520.0,1920.0,4.166666666666667,0,0,SOURCE_GAP_TOO_LARGE
2025-bahrain-grand-prix-r,2025,Bahrain Grand Prix,BEA,87,raw_car_telemetry,21489,159.0,240.0,400.0,519.130000000001,1680.0,4.166666666666667,0,0,SOURCE_GAP_TOO_LARGE
2025-bahrain-grand-prix-r,2025,Bahrain Grand Prix,BEA,87,raw_location_telemetry,22086,20.0,240.0,380.0,520.0,1920.0,4.166666666666667,0,0,SOURCE_GAP_TOO_LARGE
2025-bahrain-grand-prix-r,2025,Bahrain Grand Prix,BOR,5,raw_car_telemetry,21558,159.0,240.0,400.0,519.4399999999987,1680.0,4.166666666666667,0,0,SOURCE_GAP_TOO_LARGE
2025-bahrain-grand-prix-r,2025,Bahrain Grand Prix,BOR,5,raw_location_telemetry,22155,20.0,240.0,380.0,520.0,1920.0,4.166666666666667,0,0,SOURCE_GAP_TOO_LARGE
2025-bahrain-grand-prix-r,2025,Bahrain Grand Prix,DOO,7,raw_car_telemetry,21504,159.0,240.0,400.0,519.9799999999996,1680.0,4.166666666666667,0,0,SOURCE_GAP_TOO_LARGE
2025-bahrain-grand-prix-r,2025,Bahrain Grand Prix,DOO,7,raw_location_telemetry,22103,20.0,240.0,380.0,520.0,1920.0,4.166666666666667,0,0,SOURCE_GAP_TOO_LARGE
2025-bahrain-grand-prix-r,2025,Bahrain Grand Prix,GAS,10,raw_car_telemetry,21445,159.0,240.0,400.0,519.5699999999997,1680.0,4.166666666666667,0,0,SOURCE_GAP_TOO_LARGE
2025-bahrain-grand-prix-r,2025,Bahrain Grand Prix,GAS,10,raw_location_telemetry,22048,20.0,240.0,380.0,520.0,1920.0,4.166666666666667,0,0,SOURCE_GAP_TOO_LARGE
2025-bahrain-grand-prix-r,2025,Bahrain Grand Prix,HAD,6,raw_car_telemetry,21517,159.0,240.0,400.0,519.8499999999985,1680.0,4.166666666666667,0,0,SOURCE_GAP_TOO_LARGE
2025-bahrain-grand-prix-r,2025,Bahrain Grand Prix,HAD,6,raw_location_telemetry,22118,20.0,240.0,380.0,520.0,1920.0,4.166666666666667,0,0,SOURCE_GAP_TOO_LARGE
2025-bahrain-grand-prix-r,2025,Bahrain Grand Prix,HAM,44,raw_car_telemetry,21416,159.0,240.0,400.0,481.0,1680.0,4.166666666666667,0,0,SOURCE_GAP_TOO_LARGE
2025-bahrain-grand-prix-r,2025,Bahrain Grand Prix,HAM,44,raw_location_telemetry,22018,20.0,240.0,380.0,520.0,1920.0,4.166666666666667,0,0,SOURCE_GAP_TOO_LARGE
2025-bahrain-grand-prix-r,2025,Bahrain Grand Prix,HUL,27,raw_car_telemetry,21507,159.0,240.0,400.0,519.9500000000007,1680.0,4.166666666666667,0,0,SOURCE_GAP_TOO_LARGE
2025-bahrain-grand-prix-r,2025,Bahrain Grand Prix,HUL,27,raw_location_telemetry,22107,20.0,240.0,380.0,520.0,1920.0,4.166666666666667,0,0,SOURCE_GAP_TOO_LARGE
2025-bahrain-grand-prix-r,2025,Bahrain Grand Prix,LAW,30,raw_car_telemetry,21495,159.0,240.0,400.0,519.0699999999997,1680.0,4.166666666666667,0,0,SOURCE_GAP_TOO_LARGE
2025-bahrain-grand-prix-r,2025,Bahrain Grand Prix,LAW,30,raw_location_telemetry,22092,20.0,240.0,380.0,520.0,1920.0,4.166666666666667,0,0,SOURCE_GAP_TOO_LARGE
2025-bahrain-grand-prix-r,2025,Bahrain Grand Prix,LEC,16,raw_car_telemetry,21384,159.0,240.0,400.0,487.84000000001106,1680.0,4.166666666666667,0,0,SOURCE_GAP_TOO_LARGE
2025-bahrain-grand-prix-r,2025,Bahrain Grand Prix,LEC,16,raw_location_telemetry,21987,20.0,240.0,380.0,520.0,1920.0,4.166666666666667,0,0,SOURCE_GAP_TOO_LARGE
2025-bahrain-grand-prix-r,2025,Bahrain Grand Prix,NOR,4,raw_car_telemetry,21373,159.0,240.0,400.0,492.0200000000332,1680.0,4.166666666666667,0,0,SOURCE_GAP_TOO_LARGE
2025-bahrain-grand-prix-r,2025,Bahrain Grand Prix,NOR,4,raw_location_telemetry,21974,20.0,240.0,380.0,520.0,1920.0,4.166666666666667,0,0,SOURCE_GAP_TOO_LARGE
2025-bahrain-grand-prix-r,2025,Bahrain Grand Prix,OCO,31,raw_car_telemetry,21476,159.0,240.0,400.0,519.2599999999984,1680.0,4.166666666666667,0,0,SOURCE_GAP_TOO_LARGE
2025-bahrain-grand-prix-r,2025,Bahrain Grand Prix,OCO,31,raw_location_telemetry,22075,20.0,240.0,380.0,520.0,1920.0,4.166666666666667,0,0,SOURCE_GAP_TOO_LARGE
2025-bahrain-grand-prix-r,2025,Bahrain Grand Prix,PIA,81,raw_car_telemetry,21317,159.0,240.0,400.0,481.0,1680.0,4.166666666666667,0,0,SOURCE_GAP_TOO_LARGE
2025-bahrain-grand-prix-r,2025,Bahrain Grand Prix,PIA,81,raw_location_telemetry,21910,20.0,240.0,380.0,520.0,1920.0,4.166666666666667,0,0,SOURCE_GAP_TOO_LARGE
2025-bahrain-grand-prix-r,2025,Bahrain Grand Prix,RUS,63,raw_car_telemetry,21371,159.0,240.0,400.0,492.78000000004977,1680.0,4.166666666666667,0,0,SOURCE_GAP_TOO_LARGE
2025-bahrain-grand-prix-r,2025,Bahrain Grand Prix,RUS,63,raw_location_telemetry,21971,20.0,240.0,380.0,520.0,1920.0,4.166666666666667,0,0,SOURCE_GAP_TOO_LARGE
2025-bahrain-grand-prix-r,2025,Bahrain Grand Prix,SAI,55,raw_car_telemetry,17339,159.0,240.0,400.0,481.0,1360.0,4.166666666666667,0,0,SOURCE_GAP_TOO_LARGE
2025-bahrain-grand-prix-r,2025,Bahrain Grand Prix,SAI,55,raw_location_telemetry,17766,20.0,240.0,380.0,519.3600000000006,1301.0,4.166666666666667,0,0,SOURCE_GAP_TOO_LARGE
2025-bahrain-grand-prix-r,2025,Bahrain Grand Prix,STR,18,raw_car_telemetry,21553,159.0,240.0,400.0,519.4900000000016,1680.0,4.166666666666667,0,0,SOURCE_GAP_TOO_LARGE
2025-bahrain-grand-prix-r,2025,Bahrain Grand Prix,STR,18,raw_location_telemetry,22150,20.0,240.0,380.0,520.0,1920.0,4.166666666666667,0,0,SOURCE_GAP_TOO_LARGE
2025-bahrain-grand-prix-r,2025,Bahrain Grand Prix,TSU,22,raw_car_telemetry,21478,159.0,240.0,400.0,519.2400000000016,1680.0,4.166666666666667,0,0,SOURCE_GAP_TOO_LARGE
2025-bahrain-grand-prix-r,2025,Bahrain Grand Prix,TSU,22,raw_location_telemetry,22078,20.0,240.0,380.0,520.0,1920.0,4.166666666666667,0,0,SOURCE_GAP_TOO_LARGE
2025-bahrain-grand-prix-r,2025,Bahrain Grand Prix,VER,1,raw_car_telemetry,21438,159.0,240.0,400.0,505.3199999999779,1680.0,4.166666666666667,0,0,SOURCE_GAP_TOO_LARGE
2025-bahrain-grand-prix-r,2025,Bahrain Grand Prix,VER,1,raw_location_telemetry,22042,20.0,240.0,380.0,520.0,1920.0,4.166666666666667,0,0,SOURCE_GAP_TOO_LARGE
2025-saudi-arabian-grand-prix-r,2025,Saudi Arabian Grand Prix,ALB,23,raw_car_telemetry,18565,159.0,240.0,400.0,520.0,1321.0,4.166666666666667,0,0,SOURCE_GAP_TOO_LARGE
2025-saudi-arabian-grand-prix-r,2025,Saudi Arabian Grand Prix,ALB,23,raw_location_telemetry,18753,19.0,241.0,381.0,501.0,1440.0,4.149377593360996,0,0,SOURCE_GAP_TOO_LARGE
2025-saudi-arabian-grand-prix-r,2025,Saudi Arabian Grand Prix,ALO,14,raw_car_telemetry,18599,159.0,240.0,400.0,520.0,1321.0,4.166666666666667,0,0,SOURCE_GAP_TOO_LARGE
2025-saudi-arabian-grand-prix-r,2025,Saudi Arabian Grand Prix,ALO,14,raw_location_telemetry,18791,19.0,241.0,381.0,501.0,1440.0,4.149377593360996,0,0,SOURCE_GAP_TOO_LARGE
2025-saudi-arabian-grand-prix-r,2025,Saudi Arabian Grand Prix,ANT,12,raw_car_telemetry,18444,159.0,240.0,400.0,519.5799999999981,1321.0,4.166666666666667,0,0,SOURCE_GAP_TOO_LARGE
2025-saudi-arabian-grand-prix-r,2025,Saudi Arabian Grand Prix,ANT,12,raw_location_telemetry,18636,19.0,241.0,381.0,500.65999999999985,1440.0,4.149377593360996,0,0,SOURCE_GAP_TOO_LARGE
2025-saudi-arabian-grand-prix-r,2025,Saudi Arabian Grand Prix,BEA,87,raw_car_telemetry,18611,159.0,240.0,400.0,520.0,1321.0,4.166666666666667,0,0,SOURCE_GAP_TOO_LARGE
2025-saudi-arabian-grand-prix-r,2025,Saudi Arabian Grand Prix,BEA,87,raw_location_telemetry,18803,19.0,241.0,381.0,500.9900000000016,1440.0,4.149377593360996,0,0,SOURCE_GAP_TOO_LARGE
2025-saudi-arabian-grand-prix-r,2025,Saudi Arabian Grand Prix,BOR,5,raw_car_telemetry,18386,159.0,240.0,400.0,520.0,1321.0,4.166666666666667,0,0,SOURCE_GAP_TOO_LARGE
2025-saudi-arabian-grand-prix-r,2025,Saudi Arabian Grand Prix,BOR,5,raw_location_telemetry,18577,19.0,241.0,381.0,501.0,1440.0,4.149377593360996,0,0,SOURCE_GAP_TOO_LARGE
2025-saudi-arabian-grand-prix-r,2025,Saudi Arabian Grand Prix,DOO,7,raw_car_telemetry,18386,159.0,240.0,400.0,520.0,1321.0,4.166666666666667,0,0,SOURCE_GAP_TOO_LARGE
2025-saudi-arabian-grand-prix-r,2025,Saudi Arabian Grand Prix,DOO,7,raw_location_telemetry,18577,19.0,241.0,381.0,501.0,1440.0,4.149377593360996,0,0,SOURCE_GAP_TOO_LARGE
2025-saudi-arabian-grand-prix-r,2025,Saudi Arabian Grand Prix,GAS,10,raw_car_telemetry,464,159.0,240.0,361.0,480.0,1200.0,4.166666666666667,0,0,SOURCE_GAP_TOO_LARGE
2025-saudi-arabian-grand-prix-r,2025,Saudi Arabian Grand Prix,GAS,10,raw_location_telemetry,474,21.0,240.0,381.0,520.0,1100.0,4.166666666666667,0,0,SOURCE_GAP_TOO_LARGE
2025-saudi-arabian-grand-prix-r,2025,Saudi Arabian Grand Prix,HAD,6,raw_car_telemetry,18566,159.0,240.0,400.0,520.0,1321.0,4.166666666666667,0,0,SOURCE_GAP_TOO_LARGE
2025-saudi-arabian-grand-prix-r,2025,Saudi Arabian Grand Prix,HAD,6,raw_location_telemetry,18755,19.0,241.0,381.0,501.0,1440.0,4.149377593360996,0,0,SOURCE_GAP_TOO_LARGE
2025-saudi-arabian-grand-prix-r,2025,Saudi Arabian Grand Prix,HAM,44,raw_car_telemetry,18462,159.0,240.0,400.0,519.4000000000015,1321.0,4.166666666666667,0,0,SOURCE_GAP_TOO_LARGE
2025-saudi-arabian-grand-prix-r,2025,Saudi Arabian Grand Prix,HAM,44,raw_location_telemetry,18652,19.0,241.0,381.0,500.5,1440.0,4.149377593360996,0,0,SOURCE_GAP_TOO_LARGE
2025-saudi-arabian-grand-prix-r,2025,Saudi Arabian Grand Prix,HUL,27,raw_car_telemetry,18328,159.0,240.0,400.0,519.7400000000016,1321.0,4.166666666666667,0,0,SOURCE_GAP_TOO_LARGE
2025-saudi-arabian-grand-prix-r,2025,Saudi Arabian Grand Prix,HUL,27,raw_location_telemetry,18519,19.0,241.0,381.0,500.8299999999981,1440.0,4.149377593360996,0,0,SOURCE_GAP_TOO_LARGE
2025-saudi-arabian-grand-prix-r,2025,Saudi Arabian Grand Prix,LAW,30,raw_car_telemetry,18571,159.0,240.0,400.0,520.0,1321.0,4.166666666666667,0,0,SOURCE_GAP_TOO_LARGE
2025-saudi-arabian-grand-prix-r,2025,Saudi Arabian Grand Prix,LAW,30,raw_location_telemetry,18760,19.0,241.0,381.0,501.0,1440.0,4.149377593360996,0,0,SOURCE_GAP_TOO_LARGE
2025-saudi-arabian-grand-prix-r,2025,Saudi Arabian Grand Prix,LEC,16,raw_car_telemetry,18341,159.0,240.0,400.0,519.6100000000006,1321.0,4.166666666666667,0,0,SOURCE_GAP_TOO_LARGE
2025-saudi-arabian-grand-prix-r,2025,Saudi Arabian Grand Prix,LEC,16,raw_location_telemetry,18532,19.0,241.0,381.0,500.7000000000007,1440.0,4.149377593360996,0,0,SOURCE_GAP_TOO_LARGE
2025-saudi-arabian-grand-prix-r,2025,Saudi Arabian Grand Prix,NOR,4,raw_car_telemetry,18346,159.0,240.0,400.0,519.5600000000013,1321.0,4.166666666666667,0,0,SOURCE_GAP_TOO_LARGE
2025-saudi-arabian-grand-prix-r,2025,Saudi Arabian Grand Prix,NOR,4,raw_location_telemetry,18537,19.0,241.0,381.0,500.65000000000146,1440.0,4.149377593360996,0,0,SOURCE_GAP_TOO_LARGE
2025-saudi-arabian-grand-prix-r,2025,Saudi Arabian Grand Prix,OCO,31,raw_car_telemetry,18686,159.0,240.0,400.0,520.0,1321.0,4.166666666666667,0,0,SOURCE_GAP_TOO_LARGE
2025-saudi-arabian-grand-prix-r,2025,Saudi Arabian Grand Prix,OCO,31,raw_location_telemetry,18882,19.0,241.0,381.0,501.0,1440.0,4.149377593360996,0,0,SOURCE_GAP_TOO_LARGE
2025-saudi-arabian-grand-prix-r,2025,Saudi Arabian Grand Prix,PIA,81,raw_car_telemetry,18308,159.0,240.0,400.0,519.9399999999987,1321.0,4.166666666666667,0,0,SOURCE_GAP_TOO_LARGE
2025-saudi-arabian-grand-prix-r,2025,Saudi Arabian Grand Prix,PIA,81,raw_location_telemetry,18501,19.0,241.0,381.0,501.0,1440.0,4.149377593360996,0,0,SOURCE_GAP_TOO_LARGE
2025-saudi-arabian-grand-prix-r,2025,Saudi Arabian Grand Prix,RUS,63,raw_car_telemetry,18414,159.0,240.0,400.0,519.880000000001,1321.0,4.166666666666667,0,0,SOURCE_GAP_TOO_LARGE
2025-saudi-arabian-grand-prix-r,2025,Saudi Arabian Grand Prix,RUS,63,raw_location_telemetry,18610,19.0,241.0,381.0,500.91999999999825,1440.0,4.149377593360996,0,0,SOURCE_GAP_TOO_LARGE
2025-saudi-arabian-grand-prix-r,2025,Saudi Arabian Grand Prix,SAI,55,raw_car_telemetry,18557,159.0,240.0,400.0,520.0,1321.0,4.166666666666667,0,0,SOURCE_GAP_TOO_LARGE
2025-saudi-arabian-grand-prix-r,2025,Saudi Arabian Grand Prix,SAI,55,raw_location_telemetry,18746,19.0,241.0,381.0,501.0,1440.0,4.149377593360996,0,0,SOURCE_GAP_TOO_LARGE
2025-saudi-arabian-grand-prix-r,2025,Saudi Arabian Grand Prix,STR,18,raw_car_telemetry,18332,159.0,240.0,400.0,519.7000000000007,1321.0,4.166666666666667,0,0,SOURCE_GAP_TOO_LARGE
2025-saudi-arabian-grand-prix-r,2025,Saudi Arabian Grand Prix,STR,18,raw_location_telemetry,18523,19.0,241.0,381.0,500.7900000000009,1440.0,4.149377593360996,0,0,SOURCE_GAP_TOO_LARGE
2025-saudi-arabian-grand-prix-r,2025,Saudi Arabian Grand Prix,TSU,22,raw_car_telemetry,628,159.0,240.0,376.19999999999914,509.60000000000036,1200.0,4.166666666666667,0,0,SOURCE_GAP_TOO_LARGE
2025-saudi-arabian-grand-prix-r,2025,Saudi Arabian Grand Prix,TSU,22,raw_location_telemetry,639,21.0,240.0,380.30000000000007,512.5999999999999,1100.0,4.166666666666667,0,0,SOURCE_GAP_TOO_LARGE
2025-saudi-arabian-grand-prix-r,2025,Saudi Arabian Grand Prix,VER,1,raw_car_telemetry,18320,159.0,240.0,400.0,519.8199999999997,1321.0,4.166666666666667,0,0,SOURCE_GAP_TOO_LARGE
2025-saudi-arabian-grand-prix-r,2025,Saudi Arabian Grand Prix,VER,1,raw_location_telemetry,18512,19.0,241.0,381.0,500.90000000000146,1440.0,4.149377593360996,0,0,SOURCE_GAP_TOO_LARGE
2025-miami-grand-prix-r,2025,Miami Grand Prix,ALB,23,raw_car_telemetry,20059,159.0,240.0,400.0,520.0,1839.0,4.166666666666667,0,0,SOURCE_GAP_TOO_LARGE
2025-miami-grand-prix-r,2025,Miami Grand Prix,ALB,23,raw_location_telemetry,20443,19.0,240.0,380.0,520.0,1839.0,4.166666666666667,0,0,SOURCE_GAP_TOO_LARGE
2025-miami-grand-prix-r,2025,Miami Grand Prix,ALO,14,raw_car_telemetry,19962,159.0,240.0,400.0,520.0,1839.0,4.166666666666667,0,0,SOURCE_GAP_TOO_LARGE
2025-miami-grand-prix-r,2025,Miami Grand Prix,ALO,14,raw_location_telemetry,20339,19.0,240.0,380.0,520.0,1839.0,4.166666666666667,0,0,SOURCE_GAP_TOO_LARGE
2025-miami-grand-prix-r,2025,Miami Grand Prix,ANT,12,raw_car_telemetry,20085,159.0,240.0,400.0,520.0,1839.0,4.166666666666667,0,0,SOURCE_GAP_TOO_LARGE
2025-miami-grand-prix-r,2025,Miami Grand Prix,ANT,12,raw_location_telemetry,20471,19.0,240.0,380.0,520.0,1839.0,4.166666666666667,0,0,SOURCE_GAP_TOO_LARGE
2025-miami-grand-prix-r,2025,Miami Grand Prix,BEA,87,raw_car_telemetry,10218,159.0,240.0,400.0,520.0,1320.0,4.166666666666667,0,0,SOURCE_GAP_TOO_LARGE
2025-miami-grand-prix-r,2025,Miami Grand Prix,BEA,87,raw_location_telemetry,10405,20.0,240.0,380.0,520.0,1260.0,4.166666666666667,0,0,SOURCE_GAP_TOO_LARGE
2025-miami-grand-prix-r,2025,Miami Grand Prix,BOR,5,raw_car_telemetry,11519,159.0,240.0,400.0,520.0,1320.0,4.166666666666667,0,0,SOURCE_GAP_TOO_LARGE
2025-miami-grand-prix-r,2025,Miami Grand Prix,BOR,5,raw_location_telemetry,11745,20.0,240.0,380.0,520.0,1260.0,4.166666666666667,0,0,SOURCE_GAP_TOO_LARGE
2025-miami-grand-prix-r,2025,Miami Grand Prix,DOO,7,raw_car_telemetry,360,159.0,240.0,360.0,620.8000000000038,1120.0,4.166666666666667,0,0,SOURCE_GAP_TOO_LARGE
2025-miami-grand-prix-r,2025,Miami Grand Prix,DOO,7,raw_location_telemetry,363,40.0,240.5,380.0,649.4199999999962,1061.0,4.158004158004158,0,0,SOURCE_GAP_TOO_LARGE
2025-miami-grand-prix-r,2025,Miami Grand Prix,GAS,10,raw_car_telemetry,20214,159.0,240.0,400.0,520.0,1839.0,4.166666666666667,0,0,SOURCE_GAP_TOO_LARGE
2025-miami-grand-prix-r,2025,Miami Grand Prix,GAS,10,raw_location_telemetry,20600,19.0,240.0,380.0,520.0,1839.0,4.166666666666667,0,0,SOURCE_GAP_TOO_LARGE
2025-miami-grand-prix-r,2025,Miami Grand Prix,HAD,6,raw_car_telemetry,20155,159.0,240.0,400.0,520.0,1839.0,4.166666666666667,0,0,SOURCE_GAP_TOO_LARGE
2025-miami-grand-prix-r,2025,Miami Grand Prix,HAD,6,raw_location_telemetry,20538,19.0,240.0,380.0,520.0,1839.0,4.166666666666667,0,0,SOURCE_GAP_TOO_LARGE
2025-miami-grand-prix-r,2025,Miami Grand Prix,HAM,44,raw_car_telemetry,20103,159.0,240.0,400.0,520.0,1839.0,4.166666666666667,0,0,SOURCE_GAP_TOO_LARGE
2025-miami-grand-prix-r,2025,Miami Grand Prix,HAM,44,raw_location_telemetry,20487,19.0,240.0,380.0,520.0,1839.0,4.166666666666667,0,0,SOURCE_GAP_TOO_LARGE
2025-miami-grand-prix-r,2025,Miami Grand Prix,HUL,27,raw_car_telemetry,19888,159.0,240.0,400.0,520.0,1839.0,4.166666666666667,0,0,SOURCE_GAP_TOO_LARGE
2025-miami-grand-prix-r,2025,Miami Grand Prix,HUL,27,raw_location_telemetry,20259,19.0,240.0,380.0,520.0,1839.0,4.166666666666667,0,0,SOURCE_GAP_TOO_LARGE
2025-miami-grand-prix-r,2025,Miami Grand Prix,LAW,30,raw_car_telemetry,13203,159.0,240.0,400.0,520.0,1640.0,4.166666666666667,0,0,SOURCE_GAP_TOO_LARGE
2025-miami-grand-prix-r,2025,Miami Grand Prix,LAW,30,raw_location_telemetry,13458,20.0,240.0,380.0,520.0,1800.0,4.166666666666667,0,0,SOURCE_GAP_TOO_LARGE
2025-miami-grand-prix-r,2025,Miami Grand Prix,LEC,16,raw_car_telemetry,20090,159.0,240.0,400.0,520.0,1839.0,4.166666666666667,0,0,SOURCE_GAP_TOO_LARGE
2025-miami-grand-prix-r,2025,Miami Grand Prix,LEC,16,raw_location_telemetry,20477,19.0,240.0,380.0,520.0,1839.0,4.166666666666667,0,0,SOURCE_GAP_TOO_LARGE
2025-miami-grand-prix-r,2025,Miami Grand Prix,NOR,4,raw_car_telemetry,19901,159.0,240.0,400.0,520.0,1839.0,4.166666666666667,0,0,SOURCE_GAP_TOO_LARGE
2025-miami-grand-prix-r,2025,Miami Grand Prix,NOR,4,raw_location_telemetry,20273,19.0,240.0,380.0,520.0,1839.0,4.166666666666667,0,0,SOURCE_GAP_TOO_LARGE
2025-miami-grand-prix-r,2025,Miami Grand Prix,OCO,31,raw_car_telemetry,20183,159.0,240.0,400.0,520.0,1839.0,4.166666666666667,0,0,SOURCE_GAP_TOO_LARGE
2025-miami-grand-prix-r,2025,Miami Grand Prix,OCO,31,raw_location_telemetry,20566,19.0,240.0,380.0,520.0,1839.0,4.166666666666667,0,0,SOURCE_GAP_TOO_LARGE
2025-miami-grand-prix-r,2025,Miami Grand Prix,PIA,81,raw_car_telemetry,19885,159.0,240.0,400.0,520.0,1839.0,4.166666666666667,0,0,SOURCE_GAP_TOO_LARGE
2025-miami-grand-prix-r,2025,Miami Grand Prix,PIA,81,raw_location_telemetry,20254,19.0,240.0,380.0,520.0,1839.0,4.166666666666667,0,0,SOURCE_GAP_TOO_LARGE
2025-miami-grand-prix-r,2025,Miami Grand Prix,RUS,63,raw_car_telemetry,20020,159.0,240.0,400.0,520.0,1839.0,4.166666666666667,0,0,SOURCE_GAP_TOO_LARGE
2025-miami-grand-prix-r,2025,Miami Grand Prix,RUS,63,raw_location_telemetry,20403,19.0,240.0,380.0,520.0,1839.0,4.166666666666667,0,0,SOURCE_GAP_TOO_LARGE
2025-miami-grand-prix-r,2025,Miami Grand Prix,SAI,55,raw_car_telemetry,20104,159.0,240.0,400.0,520.0,1839.0,4.166666666666667,0,0,SOURCE_GAP_TOO_LARGE
2025-miami-grand-prix-r,2025,Miami Grand Prix,SAI,55,raw_location_telemetry,20488,19.0,240.0,380.0,520.0,1839.0,4.166666666666667,0,0,SOURCE_GAP_TOO_LARGE
2025-miami-grand-prix-r,2025,Miami Grand Prix,STR,18,raw_car_telemetry,19976,159.0,240.0,400.0,520.0,1839.0,4.166666666666667,0,0,SOURCE_GAP_TOO_LARGE
2025-miami-grand-prix-r,2025,Miami Grand Prix,STR,18,raw_location_telemetry,20354,19.0,240.0,380.0,520.0,1839.0,4.166666666666667,0,0,SOURCE_GAP_TOO_LARGE
2025-miami-grand-prix-r,2025,Miami Grand Prix,TSU,22,raw_car_telemetry,20136,159.0,240.0,400.0,520.0,1839.0,4.166666666666667,0,0,SOURCE_GAP_TOO_LARGE
2025-miami-grand-prix-r,2025,Miami Grand Prix,TSU,22,raw_location_telemetry,20520,19.0,240.0,380.0,520.0,1839.0,4.166666666666667,0,0,SOURCE_GAP_TOO_LARGE
2025-miami-grand-prix-r,2025,Miami Grand Prix,VER,1,raw_car_telemetry,20028,159.0,240.0,400.0,520.0,1839.0,4.166666666666667,0,0,SOURCE_GAP_TOO_LARGE
2025-miami-grand-prix-r,2025,Miami Grand Prix,VER,1,raw_location_telemetry,20412,19.0,240.0,380.0,520.0,1839.0,4.166666666666667,0,0,SOURCE_GAP_TOO_LARGE
2025-emilia-romagna-grand-prix-r,2025,Emilia Romagna Grand Prix,ALB,23,raw_car_telemetry,20530,159.0,240.0,400.0,519.0,1400.0,4.166666666666667,0,0,SOURCE_GAP_TOO_LARGE
2025-emilia-romagna-grand-prix-r,2025,Emilia Romagna Grand Prix,ALB,23,raw_location_telemetry,20906,20.0,240.0,380.0,520.0,1381.0,4.166666666666667,0,0,SOURCE_GAP_TOO_LARGE
2025-emilia-romagna-grand-prix-r,2025,Emilia Romagna Grand Prix,ALO,14,raw_car_telemetry,20568,159.0,240.0,400.0,519.0,1400.0,4.166666666666667,0,0,SOURCE_GAP_TOO_LARGE
2025-emilia-romagna-grand-prix-r,2025,Emilia Romagna Grand Prix,ALO,14,raw_location_telemetry,20941,20.0,240.0,380.0,520.0,1381.0,4.166666666666667,0,0,SOURCE_GAP_TOO_LARGE
2025-emilia-romagna-grand-prix-r,2025,Emilia Romagna Grand Prix,ANT,12,raw_car_telemetry,14266,159.0,240.0,400.0,519.3600000000006,1360.0,4.166666666666667,0,0,SOURCE_GAP_TOO_LARGE
2025-emilia-romagna-grand-prix-r,2025,Emilia Romagna Grand Prix,ANT,12,raw_location_telemetry,14578,20.0,240.0,380.0,520.0,1381.0,4.166666666666667,0,0,SOURCE_GAP_TOO_LARGE
2025-emilia-romagna-grand-prix-r,2025,Emilia Romagna Grand Prix,BEA,87,raw_car_telemetry,20590,159.0,240.0,400.0,519.119999999999,1400.0,4.166666666666667,0,0,SOURCE_GAP_TOO_LARGE
2025-emilia-romagna-grand-prix-r,2025,Emilia Romagna Grand Prix,BEA,87,raw_location_telemetry,20965,20.0,240.0,380.0,520.0,1381.0,4.166666666666667,0,0,SOURCE_GAP_TOO_LARGE
2025-emilia-romagna-grand-prix-r,2025,Emilia Romagna Grand Prix,BOR,5,raw_car_telemetry,20608,159.0,240.0,400.0,519.0,1400.0,4.166666666666667,0,0,SOURCE_GAP_TOO_LARGE
2025-emilia-romagna-grand-prix-r,2025,Emilia Romagna Grand Prix,BOR,5,raw_location_telemetry,20983,20.0,240.0,380.0,520.0,1381.0,4.166666666666667,0,0,SOURCE_GAP_TOO_LARGE
2025-emilia-romagna-grand-prix-r,2025,Emilia Romagna Grand Prix,COL,43,raw_car_telemetry,20588,159.0,240.0,400.0,519.1399999999994,1400.0,4.166666666666667,0,0,SOURCE_GAP_TOO_LARGE
2025-emilia-romagna-grand-prix-r,2025,Emilia Romagna Grand Prix,COL,43,raw_location_telemetry,20963,20.0,240.0,380.0,520.0,1381.0,4.166666666666667,0,0,SOURCE_GAP_TOO_LARGE
2025-emilia-romagna-grand-prix-r,2025,Emilia Romagna Grand Prix,GAS,10,raw_car_telemetry,20582,159.0,240.0,400.0,519.2000000000007,1400.0,4.166666666666667,0,0,SOURCE_GAP_TOO_LARGE
2025-emilia-romagna-grand-prix-r,2025,Emilia Romagna Grand Prix,GAS,10,raw_location_telemetry,20955,20.0,240.0,380.0,520.0,1381.0,4.166666666666667,0,0,SOURCE_GAP_TOO_LARGE
2025-emilia-romagna-grand-prix-r,2025,Emilia Romagna Grand Prix,HAD,6,raw_car_telemetry,20552,159.0,240.0,400.0,519.0,1400.0,4.166666666666667,0,0,SOURCE_GAP_TOO_LARGE
2025-emilia-romagna-grand-prix-r,2025,Emilia Romagna Grand Prix,HAD,6,raw_location_telemetry,20927,20.0,240.0,380.0,520.0,1381.0,4.166666666666667,0,0,SOURCE_GAP_TOO_LARGE
2025-emilia-romagna-grand-prix-r,2025,Emilia Romagna Grand Prix,HAM,44,raw_car_telemetry,20515,159.0,240.0,400.0,519.0,1400.0,4.166666666666667,0,0,SOURCE_GAP_TOO_LARGE
2025-emilia-romagna-grand-prix-r,2025,Emilia Romagna Grand Prix,HAM,44,raw_location_telemetry,20892,20.0,240.0,380.0,520.0,1381.0,4.166666666666667,0,0,SOURCE_GAP_TOO_LARGE
2025-emilia-romagna-grand-prix-r,2025,Emilia Romagna Grand Prix,HUL,27,raw_car_telemetry,20579,159.0,240.0,400.0,519.0,1400.0,4.166666666666667,0,0,SOURCE_GAP_TOO_LARGE
2025-emilia-romagna-grand-prix-r,2025,Emilia Romagna Grand Prix,HUL,27,raw_location_telemetry,20952,20.0,240.0,380.0,520.0,1381.0,4.166666666666667,0,0,SOURCE_GAP_TOO_LARGE
2025-emilia-romagna-grand-prix-r,2025,Emilia Romagna Grand Prix,LAW,30,raw_car_telemetry,20585,159.0,240.0,400.0,519.1699999999983,1400.0,4.166666666666667,0,0,SOURCE_GAP_TOO_LARGE
2025-emilia-romagna-grand-prix-r,2025,Emilia Romagna Grand Prix,LAW,30,raw_location_telemetry,20960,20.0,240.0,380.0,520.0,1381.0,4.166666666666667,0,0,SOURCE_GAP_TOO_LARGE
2025-emilia-romagna-grand-prix-r,2025,Emilia Romagna Grand Prix,LEC,16,raw_car_telemetry,20540,159.0,240.0,400.0,519.0,1400.0,4.166666666666667,0,0,SOURCE_GAP_TOO_LARGE
2025-emilia-romagna-grand-prix-r,2025,Emilia Romagna Grand Prix,LEC,16,raw_location_telemetry,20916,20.0,240.0,380.0,520.0,1381.0,4.166666666666667,0,0,SOURCE_GAP_TOO_LARGE
2025-emilia-romagna-grand-prix-r,2025,Emilia Romagna Grand Prix,NOR,4,raw_car_telemetry,20483,159.0,240.0,400.0,519.1899999999987,1400.0,4.166666666666667,0,0,SOURCE_GAP_TOO_LARGE
2025-emilia-romagna-grand-prix-r,2025,Emilia Romagna Grand Prix,NOR,4,raw_location_telemetry,20857,20.0,240.0,380.0,520.0,1381.0,4.166666666666667,0,0,SOURCE_GAP_TOO_LARGE
2025-emilia-romagna-grand-prix-r,2025,Emilia Romagna Grand Prix,OCO,31,raw_car_telemetry,8945,159.0,240.0,400.0,520.0,1360.0,4.166666666666667,0,0,SOURCE_GAP_TOO_LARGE
2025-emilia-romagna-grand-prix-r,2025,Emilia Romagna Grand Prix,OCO,31,raw_location_telemetry,9151,20.0,240.0,381.0,520.0,1301.0,4.166666666666667,0,0,SOURCE_GAP_TOO_LARGE
2025-emilia-romagna-grand-prix-r,2025,Emilia Romagna Grand Prix,PIA,81,raw_car_telemetry,20510,159.0,240.0,400.0,519.0,1400.0,4.166666666666667,0,0,SOURCE_GAP_TOO_LARGE
2025-emilia-romagna-grand-prix-r,2025,Emilia Romagna Grand Prix,PIA,81,raw_location_telemetry,20886,20.0,240.0,380.0,520.0,1381.0,4.166666666666667,0,0,SOURCE_GAP_TOO_LARGE
2025-emilia-romagna-grand-prix-r,2025,Emilia Romagna Grand Prix,RUS,63,raw_car_telemetry,20546,159.0,240.0,400.0,519.0,1400.0,4.166666666666667,0,0,SOURCE_GAP_TOO_LARGE
2025-emilia-romagna-grand-prix-r,2025,Emilia Romagna Grand Prix,RUS,63,raw_location_telemetry,20920,20.0,240.0,380.0,520.0,1381.0,4.166666666666667,0,0,SOURCE_GAP_TOO_LARGE
2025-emilia-romagna-grand-prix-r,2025,Emilia Romagna Grand Prix,SAI,55,raw_car_telemetry,20549,159.0,240.0,400.0,519.0,1400.0,4.166666666666667,0,0,SOURCE_GAP_TOO_LARGE
2025-emilia-romagna-grand-prix-r,2025,Emilia Romagna Grand Prix,SAI,55,raw_location_telemetry,20924,20.0,240.0,380.0,520.0,1381.0,4.166666666666667,0,0,SOURCE_GAP_TOO_LARGE
2025-emilia-romagna-grand-prix-r,2025,Emilia Romagna Grand Prix,STR,18,raw_car_telemetry,20587,159.0,240.0,400.0,519.1500000000015,1400.0,4.166666666666667,0,0,SOURCE_GAP_TOO_LARGE
2025-emilia-romagna-grand-prix-r,2025,Emilia Romagna Grand Prix,STR,18,raw_location_telemetry,20962,20.0,240.0,380.0,520.0,1381.0,4.166666666666667,0,0,SOURCE_GAP_TOO_LARGE
2025-emilia-romagna-grand-prix-r,2025,Emilia Romagna Grand Prix,TSU,22,raw_car_telemetry,20565,159.0,240.0,400.0,519.0,1400.0,4.166666666666667,0,0,SOURCE_GAP_TOO_LARGE
2025-emilia-romagna-grand-prix-r,2025,Emilia Romagna Grand Prix,TSU,22,raw_location_telemetry,20938,20.0,240.0,380.0,520.0,1381.0,4.166666666666667,0,0,SOURCE_GAP_TOO_LARGE
2025-emilia-romagna-grand-prix-r,2025,Emilia Romagna Grand Prix,VER,1,raw_car_telemetry,20461,159.0,240.0,400.0,519.4099999999999,1400.0,4.166666666666667,0,0,SOURCE_GAP_TOO_LARGE
2025-emilia-romagna-grand-prix-r,2025,Emilia Romagna Grand Prix,VER,1,raw_location_telemetry,20833,20.0,240.0,380.0,520.0,1381.0,4.166666666666667,0,0,SOURCE_GAP_TOO_LARGE
2025-monaco-grand-prix-r,2025,Monaco Grand Prix,ALB,23,raw_car_telemetry,22448,159.0,240.0,400.0,520.0,1439.0,4.166666666666667,0,0,SOURCE_GAP_TOO_LARGE
2025-monaco-grand-prix-r,2025,Monaco Grand Prix,ALB,23,raw_location_telemetry,22934,19.0,241.0,381.0,532.9200000000055,1360.0,4.149377593360996,0,0,SOURCE_GAP_TOO_LARGE
2025-monaco-grand-prix-r,2025,Monaco Grand Prix,ALO,14,raw_car_telemetry,11380,159.0,240.0,400.0,520.0,1439.0,4.166666666666667,0,0,SOURCE_GAP_TOO_LARGE
2025-monaco-grand-prix-r,2025,Monaco Grand Prix,ALO,14,raw_location_telemetry,11579,19.0,241.0,381.0,540.0,1360.0,4.149377593360996,0,0,SOURCE_GAP_TOO_LARGE
2025-monaco-grand-prix-r,2025,Monaco Grand Prix,ANT,12,raw_car_telemetry,22432,159.0,240.0,400.0,520.0,1439.0,4.166666666666667,0,0,SOURCE_GAP_TOO_LARGE
2025-monaco-grand-prix-r,2025,Monaco Grand Prix,ANT,12,raw_location_telemetry,22919,19.0,241.0,381.0,535.769999999964,1360.0,4.149377593360996,0,0,SOURCE_GAP_TOO_LARGE
2025-monaco-grand-prix-r,2025,Monaco Grand Prix,BEA,87,raw_car_telemetry,22605,159.0,240.0,400.0,520.0,1439.0,4.166666666666667,0,0,SOURCE_GAP_TOO_LARGE
2025-monaco-grand-prix-r,2025,Monaco Grand Prix,BEA,87,raw_location_telemetry,23100,19.0,241.0,381.0,520.3800000000083,1360.0,4.149377593360996,0,0,SOURCE_GAP_TOO_LARGE
2025-monaco-grand-prix-r,2025,Monaco Grand Prix,BOR,5,raw_car_telemetry,22655,159.0,240.0,400.0,520.0,1439.0,4.166666666666667,0,0,SOURCE_GAP_TOO_LARGE
2025-monaco-grand-prix-r,2025,Monaco Grand Prix,BOR,5,raw_location_telemetry,23154,19.0,241.0,381.0,529.1199999999917,1360.0,4.149377593360996,0,0,SOURCE_GAP_TOO_LARGE
2025-monaco-grand-prix-r,2025,Monaco Grand Prix,COL,43,raw_car_telemetry,22616,159.0,240.0,400.0,520.0,1439.0,4.166666666666667,0,0,SOURCE_GAP_TOO_LARGE
2025-monaco-grand-prix-r,2025,Monaco Grand Prix,COL,43,raw_location_telemetry,23110,19.0,241.0,381.0,520.0,1360.0,4.149377593360996,0,0,SOURCE_GAP_TOO_LARGE
2025-monaco-grand-prix-r,2025,Monaco Grand Prix,GAS,10,raw_car_telemetry,2796,159.0,240.0,400.0,483.2799999999979,1320.0,4.166666666666667,0,0,SOURCE_GAP_TOO_LARGE
2025-monaco-grand-prix-r,2025,Monaco Grand Prix,GAS,10,raw_location_telemetry,2867,19.0,240.0,381.0,500.0,1220.0,4.166666666666667,0,0,SOURCE_GAP_TOO_LARGE
2025-monaco-grand-prix-r,2025,Monaco Grand Prix,HAD,6,raw_car_telemetry,22643,159.0,240.0,400.0,520.0,1439.0,4.166666666666667,0,0,SOURCE_GAP_TOO_LARGE
2025-monaco-grand-prix-r,2025,Monaco Grand Prix,HAD,6,raw_location_telemetry,23141,19.0,241.0,381.0,531.5900000000111,1360.0,4.149377593360996,0,0,SOURCE_GAP_TOO_LARGE
2025-monaco-grand-prix-r,2025,Monaco Grand Prix,HAM,44,raw_car_telemetry,22594,159.0,240.0,400.0,520.0,1439.0,4.166666666666667,0,0,SOURCE_GAP_TOO_LARGE
2025-monaco-grand-prix-r,2025,Monaco Grand Prix,HAM,44,raw_location_telemetry,23087,19.0,241.0,381.0,522.8500000000276,1360.0,4.149377593360996,0,0,SOURCE_GAP_TOO_LARGE
2025-monaco-grand-prix-r,2025,Monaco Grand Prix,HUL,27,raw_car_telemetry,22667,159.0,240.0,400.0,520.0,1439.0,4.166666666666667,0,0,SOURCE_GAP_TOO_LARGE
2025-monaco-grand-prix-r,2025,Monaco Grand Prix,HUL,27,raw_location_telemetry,23167,19.0,241.0,381.0,526.6499999999724,1360.0,4.149377593360996,0,0,SOURCE_GAP_TOO_LARGE
2025-monaco-grand-prix-r,2025,Monaco Grand Prix,LAW,30,raw_car_telemetry,22649,159.0,240.0,400.0,520.0,1439.0,4.166666666666667,0,0,SOURCE_GAP_TOO_LARGE
2025-monaco-grand-prix-r,2025,Monaco Grand Prix,LAW,30,raw_location_telemetry,23148,19.0,241.0,381.0,530.2600000000166,1360.0,4.149377593360996,0,0,SOURCE_GAP_TOO_LARGE
2025-monaco-grand-prix-r,2025,Monaco Grand Prix,LEC,16,raw_car_telemetry,22412,159.0,240.0,400.0,520.0,1439.0,4.166666666666667,0,0,SOURCE_GAP_TOO_LARGE
2025-monaco-grand-prix-r,2025,Monaco Grand Prix,LEC,16,raw_location_telemetry,22900,19.0,241.0,381.0,539.0,1360.0,4.149377593360996,0,0,SOURCE_GAP_TOO_LARGE
2025-monaco-grand-prix-r,2025,Monaco Grand Prix,NOR,4,raw_car_telemetry,22400,159.0,240.0,400.0,520.0,1439.0,4.166666666666667,0,0,SOURCE_GAP_TOO_LARGE
2025-monaco-grand-prix-r,2025,Monaco Grand Prix,NOR,4,raw_location_telemetry,22890,19.0,241.0,381.0,539.0,1360.0,4.149377593360996,0,0,SOURCE_GAP_TOO_LARGE
2025-monaco-grand-prix-r,2025,Monaco Grand Prix,OCO,31,raw_car_telemetry,22646,159.0,240.0,400.0,520.0,1439.0,4.166666666666667,0,0,SOURCE_GAP_TOO_LARGE
2025-monaco-grand-prix-r,2025,Monaco Grand Prix,OCO,31,raw_location_telemetry,23145,19.0,241.0,381.0,530.8299999999945,1360.0,4.149377593360996,0,0,SOURCE_GAP_TOO_LARGE
2025-monaco-grand-prix-r,2025,Monaco Grand Prix,PIA,81,raw_car_telemetry,22413,159.0,240.0,400.0,520.0,1439.0,4.166666666666667,0,0,SOURCE_GAP_TOO_LARGE
2025-monaco-grand-prix-r,2025,Monaco Grand Prix,PIA,81,raw_location_telemetry,22902,19.0,241.0,381.0,539.0,1360.0,4.149377593360996,0,0,SOURCE_GAP_TOO_LARGE
2025-monaco-grand-prix-r,2025,Monaco Grand Prix,RUS,63,raw_car_telemetry,22528,159.0,240.0,400.0,520.0,1439.0,4.166666666666667,0,0,SOURCE_GAP_TOO_LARGE
2025-monaco-grand-prix-r,2025,Monaco Grand Prix,RUS,63,raw_location_telemetry,23018,19.0,241.0,381.0,535.9600000000028,1360.0,4.149377593360996,0,0,SOURCE_GAP_TOO_LARGE
2025-monaco-grand-prix-r,2025,Monaco Grand Prix,SAI,55,raw_car_telemetry,22460,159.0,240.0,400.0,520.0,1439.0,4.166666666666667,0,0,SOURCE_GAP_TOO_LARGE
2025-monaco-grand-prix-r,2025,Monaco Grand Prix,SAI,55,raw_location_telemetry,22945,19.0,241.0,381.0,530.8299999999945,1360.0,4.149377593360996,0,0,SOURCE_GAP_TOO_LARGE
2025-monaco-grand-prix-r,2025,Monaco Grand Prix,STR,18,raw_car_telemetry,22662,159.0,240.0,400.0,520.0,1439.0,4.166666666666667,0,0,SOURCE_GAP_TOO_LARGE
2025-monaco-grand-prix-r,2025,Monaco Grand Prix,STR,18,raw_location_telemetry,23162,19.0,241.0,381.0,527.6000000000276,1360.0,4.149377593360996,0,0,SOURCE_GAP_TOO_LARGE
2025-monaco-grand-prix-r,2025,Monaco Grand Prix,TSU,22,raw_car_telemetry,22668,159.0,240.0,400.0,520.0,1439.0,4.166666666666667,0,0,SOURCE_GAP_TOO_LARGE
2025-monaco-grand-prix-r,2025,Monaco Grand Prix,TSU,22,raw_location_telemetry,23168,19.0,241.0,381.0,526.4600000000028,1360.0,4.149377593360996,0,0,SOURCE_GAP_TOO_LARGE
2025-monaco-grand-prix-r,2025,Monaco Grand Prix,VER,1,raw_car_telemetry,22478,159.0,240.0,400.0,520.0,1439.0,4.166666666666667,0,0,SOURCE_GAP_TOO_LARGE
2025-monaco-grand-prix-r,2025,Monaco Grand Prix,VER,1,raw_location_telemetry,22967,19.0,241.0,381.0,526.6499999999724,1360.0,4.149377593360996,0,0,SOURCE_GAP_TOO_LARGE
2025-spanish-grand-prix-r,2025,Spanish Grand Prix,ALB,23,raw_car_telemetry,8550,159.0,240.0,400.0,481.0,1280.0,4.166666666666667,0,0,SOURCE_GAP_TOO_LARGE
2025-spanish-grand-prix-r,2025,Spanish Grand Prix,ALB,23,raw_location_telemetry,8774,20.0,240.0,380.0,500.0,1260.0,4.166666666666667,0,0,SOURCE_GAP_TOO_LARGE
2025-spanish-grand-prix-r,2025,Spanish Grand Prix,ALO,14,raw_car_telemetry,20812,159.0,240.0,400.0,480.90000000000146,1361.0,4.166666666666667,0,0,SOURCE_GAP_TOO_LARGE
2025-spanish-grand-prix-r,2025,Spanish Grand Prix,ALO,14,raw_location_telemetry,21363,20.0,240.0,380.0,500.0,1260.0,4.166666666666667,0,0,SOURCE_GAP_TOO_LARGE
2025-spanish-grand-prix-r,2025,Spanish Grand Prix,ANT,12,raw_car_telemetry,16751,159.0,240.0,400.0,481.0,1361.0,4.166666666666667,0,0,SOURCE_GAP_TOO_LARGE
2025-spanish-grand-prix-r,2025,Spanish Grand Prix,ANT,12,raw_location_telemetry,17171,20.0,240.0,380.0,500.0,1260.0,4.166666666666667,0,0,SOURCE_GAP_TOO_LARGE
2025-spanish-grand-prix-r,2025,Spanish Grand Prix,BEA,87,raw_car_telemetry,20832,159.0,240.0,400.0,480.7000000000007,1361.0,4.166666666666667,0,0,SOURCE_GAP_TOO_LARGE
2025-spanish-grand-prix-r,2025,Spanish Grand Prix,BEA,87,raw_location_telemetry,21387,20.0,240.0,380.0,500.0,1260.0,4.166666666666667,0,0,SOURCE_GAP_TOO_LARGE
2025-spanish-grand-prix-r,2025,Spanish Grand Prix,BOR,5,raw_car_telemetry,20829,159.0,240.0,400.0,480.72999999999956,1361.0,4.166666666666667,0,0,SOURCE_GAP_TOO_LARGE
2025-spanish-grand-prix-r,2025,Spanish Grand Prix,BOR,5,raw_location_telemetry,21382,20.0,240.0,380.0,500.0,1260.0,4.166666666666667,0,0,SOURCE_GAP_TOO_LARGE
2025-spanish-grand-prix-r,2025,Spanish Grand Prix,COL,43,raw_car_telemetry,20849,159.0,240.0,400.0,480.52999999999884,1361.0,4.166666666666667,0,0,SOURCE_GAP_TOO_LARGE
2025-spanish-grand-prix-r,2025,Spanish Grand Prix,COL,43,raw_location_telemetry,21402,20.0,240.0,380.0,500.0,1260.0,4.166666666666667,0,0,SOURCE_GAP_TOO_LARGE
2025-spanish-grand-prix-r,2025,Spanish Grand Prix,GAS,10,raw_car_telemetry,20799,159.0,240.0,400.0,480.02999999999884,1361.0,4.166666666666667,0,0,SOURCE_GAP_TOO_LARGE
2025-spanish-grand-prix-r,2025,Spanish Grand Prix,GAS,10,raw_location_telemetry,21352,20.0,240.0,380.0,500.0,1260.0,4.166666666666667,0,0,SOURCE_GAP_TOO_LARGE
2025-spanish-grand-prix-r,2025,Spanish Grand Prix,HAD,6,raw_car_telemetry,20791,159.0,240.0,400.0,480.1100000000006,1361.0,4.166666666666667,0,0,SOURCE_GAP_TOO_LARGE
2025-spanish-grand-prix-r,2025,Spanish Grand Prix,HAD,6,raw_location_telemetry,21345,20.0,240.0,380.0,500.0,1260.0,4.166666666666667,0,0,SOURCE_GAP_TOO_LARGE
2025-spanish-grand-prix-r,2025,Spanish Grand Prix,HAM,44,raw_car_telemetry,20789,159.0,240.0,400.0,480.130000000001,1361.0,4.166666666666667,0,0,SOURCE_GAP_TOO_LARGE
2025-spanish-grand-prix-r,2025,Spanish Grand Prix,HAM,44,raw_location_telemetry,21343,20.0,240.0,380.0,500.0,1260.0,4.166666666666667,0,0,SOURCE_GAP_TOO_LARGE
2025-spanish-grand-prix-r,2025,Spanish Grand Prix,HUL,27,raw_car_telemetry,20781,159.0,240.0,400.0,480.2099999999991,1361.0,4.166666666666667,0,0,SOURCE_GAP_TOO_LARGE
2025-spanish-grand-prix-r,2025,Spanish Grand Prix,HUL,27,raw_location_telemetry,21334,20.0,240.0,380.0,500.0,1260.0,4.166666666666667,0,0,SOURCE_GAP_TOO_LARGE
2025-spanish-grand-prix-r,2025,Spanish Grand Prix,LAW,30,raw_car_telemetry,20827,159.0,240.0,400.0,480.75,1361.0,4.166666666666667,0,0,SOURCE_GAP_TOO_LARGE
2025-spanish-grand-prix-r,2025,Spanish Grand Prix,LAW,30,raw_location_telemetry,21381,20.0,240.0,380.0,500.0,1260.0,4.166666666666667,0,0,SOURCE_GAP_TOO_LARGE
2025-spanish-grand-prix-r,2025,Spanish Grand Prix,LEC,16,raw_car_telemetry,20766,159.0,240.0,400.0,480.3600000000006,1361.0,4.166666666666667,0,0,SOURCE_GAP_TOO_LARGE
2025-spanish-grand-prix-r,2025,Spanish Grand Prix,LEC,16,raw_location_telemetry,21323,20.0,240.0,380.0,500.0,1260.0,4.166666666666667,0,0,SOURCE_GAP_TOO_LARGE
2025-spanish-grand-prix-r,2025,Spanish Grand Prix,NOR,4,raw_car_telemetry,20735,159.0,240.0,400.0,480.66999999999825,1361.0,4.166666666666667,0,0,SOURCE_GAP_TOO_LARGE
2025-spanish-grand-prix-r,2025,Spanish Grand Prix,NOR,4,raw_location_telemetry,21291,20.0,240.0,380.0,500.0,1260.0,4.166666666666667,0,0,SOURCE_GAP_TOO_LARGE
2025-spanish-grand-prix-r,2025,Spanish Grand Prix,OCO,31,raw_car_telemetry,20852,159.0,240.0,400.0,480.5,1361.0,4.166666666666667,0,0,SOURCE_GAP_TOO_LARGE
2025-spanish-grand-prix-r,2025,Spanish Grand Prix,OCO,31,raw_location_telemetry,21405,20.0,240.0,380.0,500.0,1260.0,4.166666666666667,0,0,SOURCE_GAP_TOO_LARGE
2025-spanish-grand-prix-r,2025,Spanish Grand Prix,PIA,81,raw_car_telemetry,20725,159.0,240.0,400.0,480.77000000000044,1361.0,4.166666666666667,0,0,SOURCE_GAP_TOO_LARGE
2025-spanish-grand-prix-r,2025,Spanish Grand Prix,PIA,81,raw_location_telemetry,21283,20.0,240.0,380.0,500.0,1260.0,4.166666666666667,0,0,SOURCE_GAP_TOO_LARGE
2025-spanish-grand-prix-r,2025,Spanish Grand Prix,RUS,63,raw_car_telemetry,20771,159.0,240.0,400.0,480.3100000000013,1361.0,4.166666666666667,0,0,SOURCE_GAP_TOO_LARGE
2025-spanish-grand-prix-r,2025,Spanish Grand Prix,RUS,63,raw_location_telemetry,21325,20.0,240.0,380.0,500.0,1260.0,4.166666666666667,0,0,SOURCE_GAP_TOO_LARGE
2025-spanish-grand-prix-r,2025,Spanish Grand Prix,SAI,55,raw_car_telemetry,20839,159.0,240.0,400.0,480.630000000001,1361.0,4.166666666666667,0,0,SOURCE_GAP_TOO_LARGE
2025-spanish-grand-prix-r,2025,Spanish Grand Prix,SAI,55,raw_location_telemetry,21395,20.0,240.0,380.0,500.0,1260.0,4.166666666666667,0,0,SOURCE_GAP_TOO_LARGE
2025-spanish-grand-prix-r,2025,Spanish Grand Prix,TSU,22,raw_car_telemetry,20838,159.0,240.0,400.0,480.6399999999994,1361.0,4.166666666666667,0,0,SOURCE_GAP_TOO_LARGE
2025-spanish-grand-prix-r,2025,Spanish Grand Prix,TSU,22,raw_location_telemetry,21393,20.0,240.0,380.0,500.0,1260.0,4.166666666666667,0,0,SOURCE_GAP_TOO_LARGE
2025-spanish-grand-prix-r,2025,Spanish Grand Prix,VER,1,raw_car_telemetry,20772,159.0,240.0,400.0,480.2999999999993,1361.0,4.166666666666667,0,0,SOURCE_GAP_TOO_LARGE
2025-spanish-grand-prix-r,2025,Spanish Grand Prix,VER,1,raw_location_telemetry,21326,20.0,240.0,380.0,500.0,1260.0,4.166666666666667,0,0,SOURCE_GAP_TOO_LARGE
2025-canadian-grand-prix-r,2025,Canadian Grand Prix,ALB,23,raw_car_telemetry,13907,159.0,240.0,400.0,520.0,1320.0,4.166666666666667,0,0,SOURCE_GAP_TOO_LARGE
2025-canadian-grand-prix-r,2025,Canadian Grand Prix,ALB,23,raw_location_telemetry,14283,20.0,240.0,380.0,520.0,1280.0,4.166666666666667,0,0,SOURCE_GAP_TOO_LARGE
2025-canadian-grand-prix-r,2025,Canadian Grand Prix,ALO,14,raw_car_telemetry,20443,159.0,240.0,400.0,520.0,1320.0,4.166666666666667,0,0,SOURCE_GAP_TOO_LARGE
2025-canadian-grand-prix-r,2025,Canadian Grand Prix,ALO,14,raw_location_telemetry,21041,20.0,240.0,380.0,520.0,1440.0,4.166666666666667,0,0,SOURCE_GAP_TOO_LARGE
2025-canadian-grand-prix-r,2025,Canadian Grand Prix,ANT,12,raw_car_telemetry,20407,159.0,240.0,400.0,520.0,1320.0,4.166666666666667,0,0,SOURCE_GAP_TOO_LARGE
2025-canadian-grand-prix-r,2025,Canadian Grand Prix,ANT,12,raw_location_telemetry,21003,20.0,240.0,380.0,520.0,1440.0,4.166666666666667,0,0,SOURCE_GAP_TOO_LARGE
2025-canadian-grand-prix-r,2025,Canadian Grand Prix,BEA,87,raw_car_telemetry,20417,159.0,240.0,400.0,520.0,1320.0,4.166666666666667,0,0,SOURCE_GAP_TOO_LARGE
2025-canadian-grand-prix-r,2025,Canadian Grand Prix,BEA,87,raw_location_telemetry,21013,20.0,240.0,380.0,520.0,1440.0,4.166666666666667,0,0,SOURCE_GAP_TOO_LARGE
2025-canadian-grand-prix-r,2025,Canadian Grand Prix,BOR,5,raw_car_telemetry,20432,159.0,240.0,400.0,520.0,1320.0,4.166666666666667,0,0,SOURCE_GAP_TOO_LARGE
2025-canadian-grand-prix-r,2025,Canadian Grand Prix,BOR,5,raw_location_telemetry,21029,20.0,240.0,380.0,520.0,1440.0,4.166666666666667,0,0,SOURCE_GAP_TOO_LARGE
2025-canadian-grand-prix-r,2025,Canadian Grand Prix,COL,43,raw_car_telemetry,20430,159.0,240.0,400.0,520.0,1320.0,4.166666666666667,0,0,SOURCE_GAP_TOO_LARGE
2025-canadian-grand-prix-r,2025,Canadian Grand Prix,COL,43,raw_location_telemetry,21025,20.0,240.0,380.0,520.0,1440.0,4.166666666666667,0,0,SOURCE_GAP_TOO_LARGE
2025-canadian-grand-prix-r,2025,Canadian Grand Prix,GAS,10,raw_car_telemetry,20433,159.0,240.0,400.0,520.0,1320.0,4.166666666666667,0,0,SOURCE_GAP_TOO_LARGE
2025-canadian-grand-prix-r,2025,Canadian Grand Prix,GAS,10,raw_location_telemetry,21029,20.0,240.0,380.0,520.0,1440.0,4.166666666666667,0,0,SOURCE_GAP_TOO_LARGE
2025-canadian-grand-prix-r,2025,Canadian Grand Prix,HAD,6,raw_car_telemetry,20435,159.0,240.0,400.0,520.0,1320.0,4.166666666666667,0,0,SOURCE_GAP_TOO_LARGE
2025-canadian-grand-prix-r,2025,Canadian Grand Prix,HAD,6,raw_location_telemetry,21032,20.0,240.0,380.0,520.0,1440.0,4.166666666666667,0,0,SOURCE_GAP_TOO_LARGE
2025-canadian-grand-prix-r,2025,Canadian Grand Prix,HAM,44,raw_car_telemetry,20442,159.0,240.0,400.0,520.0,1320.0,4.166666666666667,0,0,SOURCE_GAP_TOO_LARGE
2025-canadian-grand-prix-r,2025,Canadian Grand Prix,HAM,44,raw_location_telemetry,21040,20.0,240.0,380.0,520.0,1440.0,4.166666666666667,0,0,SOURCE_GAP_TOO_LARGE
2025-canadian-grand-prix-r,2025,Canadian Grand Prix,HUL,27,raw_car_telemetry,20461,159.0,240.0,400.0,520.0,1320.0,4.166666666666667,0,0,SOURCE_GAP_TOO_LARGE
2025-canadian-grand-prix-r,2025,Canadian Grand Prix,HUL,27,raw_location_telemetry,21057,20.0,240.0,380.0,520.0,1440.0,4.166666666666667,0,0,SOURCE_GAP_TOO_LARGE
2025-canadian-grand-prix-r,2025,Canadian Grand Prix,LAW,30,raw_car_telemetry,15696,159.0,240.0,400.0,520.0,1320.0,4.166666666666667,0,0,SOURCE_GAP_TOO_LARGE
2025-canadian-grand-prix-r,2025,Canadian Grand Prix,LAW,30,raw_location_telemetry,16144,20.0,240.0,380.0,520.0,1280.0,4.166666666666667,0,0,SOURCE_GAP_TOO_LARGE
2025-canadian-grand-prix-r,2025,Canadian Grand Prix,LEC,16,raw_car_telemetry,20416,159.0,240.0,400.0,520.0,1320.0,4.166666666666667,0,0,SOURCE_GAP_TOO_LARGE
2025-canadian-grand-prix-r,2025,Canadian Grand Prix,LEC,16,raw_location_telemetry,21011,20.0,240.0,380.0,520.0,1440.0,4.166666666666667,0,0,SOURCE_GAP_TOO_LARGE
2025-canadian-grand-prix-r,2025,Canadian Grand Prix,NOR,4,raw_car_telemetry,19203,159.0,240.0,400.0,520.0,1320.0,4.166666666666667,0,0,SOURCE_GAP_TOO_LARGE
2025-canadian-grand-prix-r,2025,Canadian Grand Prix,NOR,4,raw_location_telemetry,19746,20.0,240.0,380.0,520.0,1280.0,4.166666666666667,0,0,SOURCE_GAP_TOO_LARGE
2025-canadian-grand-prix-r,2025,Canadian Grand Prix,OCO,31,raw_car_telemetry,20409,159.0,240.0,400.0,520.0,1320.0,4.166666666666667,0,0,SOURCE_GAP_TOO_LARGE
2025-canadian-grand-prix-r,2025,Canadian Grand Prix,OCO,31,raw_location_telemetry,21004,20.0,240.0,380.0,520.0,1440.0,4.166666666666667,0,0,SOURCE_GAP_TOO_LARGE
2025-canadian-grand-prix-r,2025,Canadian Grand Prix,PIA,81,raw_car_telemetry,20411,159.0,240.0,400.0,520.0,1320.0,4.166666666666667,0,0,SOURCE_GAP_TOO_LARGE
2025-canadian-grand-prix-r,2025,Canadian Grand Prix,PIA,81,raw_location_telemetry,21007,20.0,240.0,380.0,520.0,1440.0,4.166666666666667,0,0,SOURCE_GAP_TOO_LARGE
2025-canadian-grand-prix-r,2025,Canadian Grand Prix,RUS,63,raw_car_telemetry,20405,159.0,240.0,400.0,520.0,1320.0,4.166666666666667,0,0,SOURCE_GAP_TOO_LARGE
2025-canadian-grand-prix-r,2025,Canadian Grand Prix,RUS,63,raw_location_telemetry,21001,20.0,240.0,380.0,520.0,1440.0,4.166666666666667,0,0,SOURCE_GAP_TOO_LARGE
2025-canadian-grand-prix-r,2025,Canadian Grand Prix,SAI,55,raw_car_telemetry,20411,159.0,240.0,400.0,520.0,1320.0,4.166666666666667,0,0,SOURCE_GAP_TOO_LARGE
2025-canadian-grand-prix-r,2025,Canadian Grand Prix,SAI,55,raw_location_telemetry,21005,20.0,240.0,380.0,520.0,1440.0,4.166666666666667,0,0,SOURCE_GAP_TOO_LARGE
2025-canadian-grand-prix-r,2025,Canadian Grand Prix,STR,18,raw_car_telemetry,20436,159.0,240.0,400.0,520.0,1320.0,4.166666666666667,0,0,SOURCE_GAP_TOO_LARGE
2025-canadian-grand-prix-r,2025,Canadian Grand Prix,STR,18,raw_location_telemetry,21033,20.0,240.0,380.0,520.0,1440.0,4.166666666666667,0,0,SOURCE_GAP_TOO_LARGE
2025-canadian-grand-prix-r,2025,Canadian Grand Prix,TSU,22,raw_car_telemetry,20425,159.0,240.0,400.0,520.0,1320.0,4.166666666666667,0,0,SOURCE_GAP_TOO_LARGE
2025-canadian-grand-prix-r,2025,Canadian Grand Prix,TSU,22,raw_location_telemetry,21020,20.0,240.0,380.0,520.0,1440.0,4.166666666666667,0,0,SOURCE_GAP_TOO_LARGE
2025-canadian-grand-prix-r,2025,Canadian Grand Prix,VER,1,raw_car_telemetry,20406,159.0,240.0,400.0,520.0,1320.0,4.166666666666667,0,0,SOURCE_GAP_TOO_LARGE
2025-canadian-grand-prix-r,2025,Canadian Grand Prix,VER,1,raw_location_telemetry,21001,20.0,240.0,380.0,520.0,1440.0,4.166666666666667,0,0,SOURCE_GAP_TOO_LARGE
2025-austrian-grand-prix-r,2025,Austrian Grand Prix,ALB,23,raw_car_telemetry,4461,159.0,240.0,400.0,520.0,1240.0,4.166666666666667,0,0,SOURCE_GAP_TOO_LARGE
2025-austrian-grand-prix-r,2025,Austrian Grand Prix,ALB,23,raw_location_telemetry,4601,20.0,240.0,380.0,500.0,1220.0,4.166666666666667,0,0,SOURCE_GAP_TOO_LARGE
2025-austrian-grand-prix-r,2025,Austrian Grand Prix,ALO,14,raw_car_telemetry,18800,159.0,240.0,400.0,520.0,1321.0,4.166666666666667,0,0,SOURCE_GAP_TOO_LARGE
2025-austrian-grand-prix-r,2025,Austrian Grand Prix,ALO,14,raw_location_telemetry,19242,19.0,240.0,380.0,500.0,1480.0,4.166666666666667,0,0,SOURCE_GAP_TOO_LARGE
2025-austrian-grand-prix-r,2025,Austrian Grand Prix,ANT,12,raw_car_telemetry,322,159.0,240.0,400.0,480.0,1240.0,4.166666666666667,0,0,SOURCE_GAP_TOO_LARGE
2025-austrian-grand-prix-r,2025,Austrian Grand Prix,ANT,12,raw_location_telemetry,335,60.0,260.0,380.0,480.0,1220.0,3.8461538461538463,0,0,SOURCE_GAP_TOO_LARGE
2025-austrian-grand-prix-r,2025,Austrian Grand Prix,BEA,87,raw_car_telemetry,18885,159.0,240.0,400.0,520.0,1321.0,4.166666666666667,0,0,SOURCE_GAP_TOO_LARGE
2025-austrian-grand-prix-r,2025,Austrian Grand Prix,BEA,87,raw_location_telemetry,19329,19.0,240.0,380.0,500.0,1480.0,4.166666666666667,0,0,SOURCE_GAP_TOO_LARGE
2025-austrian-grand-prix-r,2025,Austrian Grand Prix,BOR,5,raw_car_telemetry,18802,159.0,240.0,400.0,520.0,1321.0,4.166666666666667,0,0,SOURCE_GAP_TOO_LARGE
2025-austrian-grand-prix-r,2025,Austrian Grand Prix,BOR,5,raw_location_telemetry,19244,19.0,240.0,380.0,500.0,1480.0,4.166666666666667,0,0,SOURCE_GAP_TOO_LARGE
2025-austrian-grand-prix-r,2025,Austrian Grand Prix,COL,43,raw_car_telemetry,18936,159.0,240.0,400.0,520.0,1321.0,4.166666666666667,0,0,SOURCE_GAP_TOO_LARGE
2025-austrian-grand-prix-r,2025,Austrian Grand Prix,COL,43,raw_location_telemetry,19379,19.0,240.0,380.0,500.0,1480.0,4.166666666666667,0,0,SOURCE_GAP_TOO_LARGE
2025-austrian-grand-prix-r,2025,Austrian Grand Prix,GAS,10,raw_car_telemetry,18918,159.0,240.0,400.0,520.0,1321.0,4.166666666666667,0,0,SOURCE_GAP_TOO_LARGE
2025-austrian-grand-prix-r,2025,Austrian Grand Prix,GAS,10,raw_location_telemetry,19361,19.0,240.0,380.0,500.0,1480.0,4.166666666666667,0,0,SOURCE_GAP_TOO_LARGE
2025-austrian-grand-prix-r,2025,Austrian Grand Prix,HAD,6,raw_car_telemetry,18898,159.0,240.0,400.0,520.0,1321.0,4.166666666666667,0,0,SOURCE_GAP_TOO_LARGE
2025-austrian-grand-prix-r,2025,Austrian Grand Prix,HAD,6,raw_location_telemetry,19339,19.0,240.0,380.0,500.0,1480.0,4.166666666666667,0,0,SOURCE_GAP_TOO_LARGE
2025-austrian-grand-prix-r,2025,Austrian Grand Prix,HAM,44,raw_car_telemetry,18902,159.0,240.0,400.0,520.0,1321.0,4.166666666666667,0,0,SOURCE_GAP_TOO_LARGE
2025-austrian-grand-prix-r,2025,Austrian Grand Prix,HAM,44,raw_location_telemetry,19343,19.0,240.0,380.0,500.0,1480.0,4.166666666666667,0,0,SOURCE_GAP_TOO_LARGE
2025-austrian-grand-prix-r,2025,Austrian Grand Prix,HUL,27,raw_car_telemetry,18824,159.0,240.0,400.0,520.0,1321.0,4.166666666666667,0,0,SOURCE_GAP_TOO_LARGE
2025-austrian-grand-prix-r,2025,Austrian Grand Prix,HUL,27,raw_location_telemetry,19265,19.0,240.0,380.0,500.0,1480.0,4.166666666666667,0,0,SOURCE_GAP_TOO_LARGE
2025-austrian-grand-prix-r,2025,Austrian Grand Prix,LAW,30,raw_car_telemetry,19047,159.0,240.0,400.0,520.0,1321.0,4.166666666666667,0,0,SOURCE_GAP_TOO_LARGE
2025-austrian-grand-prix-r,2025,Austrian Grand Prix,LAW,30,raw_location_telemetry,19492,19.0,240.0,380.0,500.0,1480.0,4.166666666666667,0,0,SOURCE_GAP_TOO_LARGE
2025-austrian-grand-prix-r,2025,Austrian Grand Prix,LEC,16,raw_car_telemetry,18868,159.0,240.0,400.0,520.0,1321.0,4.166666666666667,0,0,SOURCE_GAP_TOO_LARGE
2025-austrian-grand-prix-r,2025,Austrian Grand Prix,LEC,16,raw_location_telemetry,19308,19.0,240.0,380.0,500.0,1480.0,4.166666666666667,0,0,SOURCE_GAP_TOO_LARGE
2025-austrian-grand-prix-r,2025,Austrian Grand Prix,NOR,4,raw_car_telemetry,18795,159.0,240.0,400.0,520.0,1321.0,4.166666666666667,0,0,SOURCE_GAP_TOO_LARGE
2025-austrian-grand-prix-r,2025,Austrian Grand Prix,NOR,4,raw_location_telemetry,19238,19.0,240.0,380.0,500.0,1480.0,4.166666666666667,0,0,SOURCE_GAP_TOO_LARGE
2025-austrian-grand-prix-r,2025,Austrian Grand Prix,OCO,31,raw_car_telemetry,18833,159.0,240.0,400.0,520.0,1321.0,4.166666666666667,0,0,SOURCE_GAP_TOO_LARGE
2025-austrian-grand-prix-r,2025,Austrian Grand Prix,OCO,31,raw_location_telemetry,19274,19.0,240.0,380.0,500.0,1480.0,4.166666666666667,0,0,SOURCE_GAP_TOO_LARGE
2025-austrian-grand-prix-r,2025,Austrian Grand Prix,PIA,81,raw_car_telemetry,18805,159.0,240.0,400.0,520.0,1321.0,4.166666666666667,0,0,SOURCE_GAP_TOO_LARGE
2025-austrian-grand-prix-r,2025,Austrian Grand Prix,PIA,81,raw_location_telemetry,19246,19.0,240.0,380.0,500.0,1480.0,4.166666666666667,0,0,SOURCE_GAP_TOO_LARGE
2025-austrian-grand-prix-r,2025,Austrian Grand Prix,RUS,63,raw_car_telemetry,19031,159.0,240.0,400.0,520.0,1321.0,4.166666666666667,0,0,SOURCE_GAP_TOO_LARGE
2025-austrian-grand-prix-r,2025,Austrian Grand Prix,RUS,63,raw_location_telemetry,19472,19.0,240.0,380.0,500.0,1480.0,4.166666666666667,0,0,SOURCE_GAP_TOO_LARGE
2025-austrian-grand-prix-r,2025,Austrian Grand Prix,STR,18,raw_car_telemetry,18923,159.0,240.0,400.0,520.0,1321.0,4.166666666666667,0,0,SOURCE_GAP_TOO_LARGE
2025-austrian-grand-prix-r,2025,Austrian Grand Prix,STR,18,raw_location_telemetry,19367,19.0,240.0,380.0,500.0,1480.0,4.166666666666667,0,0,SOURCE_GAP_TOO_LARGE
2025-austrian-grand-prix-r,2025,Austrian Grand Prix,TSU,22,raw_car_telemetry,18805,159.0,240.0,400.0,520.0,1321.0,4.166666666666667,0,0,SOURCE_GAP_TOO_LARGE
2025-austrian-grand-prix-r,2025,Austrian Grand Prix,TSU,22,raw_location_telemetry,19247,19.0,240.0,380.0,500.0,1480.0,4.166666666666667,0,0,SOURCE_GAP_TOO_LARGE
2025-austrian-grand-prix-r,2025,Austrian Grand Prix,VER,1,raw_car_telemetry,322,159.0,240.0,400.0,480.0,1240.0,4.166666666666667,0,0,SOURCE_GAP_TOO_LARGE
2025-austrian-grand-prix-r,2025,Austrian Grand Prix,VER,1,raw_location_telemetry,335,60.0,260.0,380.0,480.0,1220.0,3.8461538461538463,0,0,SOURCE_GAP_TOO_LARGE
2025-british-grand-prix-r,2025,British Grand Prix,ALB,23,raw_car_telemetry,21902,159.0,240.0,400.0,520.0,1281.0,4.166666666666667,0,0,SOURCE_GAP_TOO_LARGE
2025-british-grand-prix-r,2025,British Grand Prix,ALB,23,raw_location_telemetry,22472,19.0,241.0,381.0,500.0,1440.0,4.149377593360996,0,0,SOURCE_GAP_TOO_LARGE
2025-british-grand-prix-r,2025,British Grand Prix,ALO,14,raw_car_telemetry,21908,159.0,240.0,400.0,520.0,1281.0,4.166666666666667,0,0,SOURCE_GAP_TOO_LARGE
2025-british-grand-prix-r,2025,British Grand Prix,ALO,14,raw_location_telemetry,22479,19.0,241.0,381.0,500.0,1440.0,4.149377593360996,0,0,SOURCE_GAP_TOO_LARGE
2025-british-grand-prix-r,2025,British Grand Prix,ANT,12,raw_car_telemetry,11113,159.0,240.0,400.0,520.0,1200.0,4.166666666666667,0,0,SOURCE_GAP_TOO_LARGE
2025-british-grand-prix-r,2025,British Grand Prix,ANT,12,raw_location_telemetry,11420,19.0,240.0,381.0,500.0,1320.0,4.166666666666667,0,0,SOURCE_GAP_TOO_LARGE
2025-british-grand-prix-r,2025,British Grand Prix,BEA,87,raw_car_telemetry,21929,159.0,240.0,400.0,520.0,1281.0,4.166666666666667,0,0,SOURCE_GAP_TOO_LARGE
2025-british-grand-prix-r,2025,British Grand Prix,BEA,87,raw_location_telemetry,22505,19.0,241.0,381.0,500.0,1440.0,4.149377593360996,0,0,SOURCE_GAP_TOO_LARGE
2025-british-grand-prix-r,2025,British Grand Prix,BOR,5,raw_car_telemetry,2074,159.0,240.0,400.0,520.0,1161.0,4.166666666666667,0,0,SOURCE_GAP_TOO_LARGE
2025-british-grand-prix-r,2025,British Grand Prix,BOR,5,raw_location_telemetry,2107,20.0,260.0,381.0,538.0499999999965,1200.0,3.8461538461538463,0,0,SOURCE_GAP_TOO_LARGE
2025-british-grand-prix-r,2025,British Grand Prix,GAS,10,raw_car_telemetry,21886,159.0,240.0,400.0,520.0,1281.0,4.166666666666667,0,0,SOURCE_GAP_TOO_LARGE
2025-british-grand-prix-r,2025,British Grand Prix,GAS,10,raw_location_telemetry,22460,19.0,241.0,381.0,500.0,1440.0,4.149377593360996,0,0,SOURCE_GAP_TOO_LARGE
2025-british-grand-prix-r,2025,British Grand Prix,HAD,6,raw_car_telemetry,8572,159.0,240.0,400.0,571.9999999999709,1161.0,4.166666666666667,0,0,SOURCE_GAP_TOO_LARGE
2025-british-grand-prix-r,2025,British Grand Prix,HAD,6,raw_location_telemetry,8811,20.0,240.0,381.0,500.90999999999985,1320.0,4.166666666666667,0,0,SOURCE_GAP_TOO_LARGE
2025-british-grand-prix-r,2025,British Grand Prix,HAM,44,raw_car_telemetry,21806,159.0,240.0,400.0,520.0,1281.0,4.166666666666667,0,0,SOURCE_GAP_TOO_LARGE
2025-british-grand-prix-r,2025,British Grand Prix,HAM,44,raw_location_telemetry,22378,19.0,241.0,381.0,500.0,1440.0,4.149377593360996,0,0,SOURCE_GAP_TOO_LARGE
2025-british-grand-prix-r,2025,British Grand Prix,HUL,27,raw_car_telemetry,21787,159.0,240.0,400.0,520.0,1281.0,4.166666666666667,0,0,SOURCE_GAP_TOO_LARGE
2025-british-grand-prix-r,2025,British Grand Prix,HUL,27,raw_location_telemetry,22355,19.0,241.0,381.0,500.0,1440.0,4.149377593360996,0,0,SOURCE_GAP_TOO_LARGE
2025-british-grand-prix-r,2025,British Grand Prix,LAW,30,raw_car_telemetry,400,159.0,240.0,400.0,480.0,1000.0,4.166666666666667,0,0,
2025-british-grand-prix-r,2025,British Grand Prix,LAW,30,raw_location_telemetry,402,40.0,260.0,399.0,500.0,1159.0,3.8461538461538463,0,0,SOURCE_GAP_TOO_LARGE
2025-british-grand-prix-r,2025,British Grand Prix,LEC,16,raw_car_telemetry,21977,159.0,240.0,400.0,520.0,1281.0,4.166666666666667,0,0,SOURCE_GAP_TOO_LARGE
2025-british-grand-prix-r,2025,British Grand Prix,LEC,16,raw_location_telemetry,22552,19.0,241.0,381.0,500.0,1440.0,4.149377593360996,0,0,SOURCE_GAP_TOO_LARGE
2025-british-grand-prix-r,2025,British Grand Prix,NOR,4,raw_car_telemetry,21660,159.0,240.0,400.0,520.0,1281.0,4.166666666666667,0,0,SOURCE_GAP_TOO_LARGE
2025-british-grand-prix-r,2025,British Grand Prix,NOR,4,raw_location_telemetry,22222,19.0,241.0,381.0,500.0,1440.0,4.149377593360996,0,0,SOURCE_GAP_TOO_LARGE
2025-british-grand-prix-r,2025,British Grand Prix,OCO,31,raw_car_telemetry,21949,159.0,240.0,400.0,520.0,1281.0,4.166666666666667,0,0,SOURCE_GAP_TOO_LARGE
2025-british-grand-prix-r,2025,British Grand Prix,OCO,31,raw_location_telemetry,22525,19.0,241.0,381.0,500.0,1440.0,4.149377593360996,0,0,SOURCE_GAP_TOO_LARGE
2025-british-grand-prix-r,2025,British Grand Prix,PIA,81,raw_car_telemetry,21687,159.0,240.0,400.0,520.0,1281.0,4.166666666666667,0,0,SOURCE_GAP_TOO_LARGE
2025-british-grand-prix-r,2025,British Grand Prix,PIA,81,raw_location_telemetry,22248,19.0,241.0,381.0,500.0,1440.0,4.149377593360996,0,0,SOURCE_GAP_TOO_LARGE
2025-british-grand-prix-r,2025,British Grand Prix,RUS,63,raw_car_telemetry,21925,159.0,240.0,400.0,520.0,1281.0,4.166666666666667,0,0,SOURCE_GAP_TOO_LARGE
2025-british-grand-prix-r,2025,British Grand Prix,RUS,63,raw_location_telemetry,22498,19.0,241.0,381.0,500.0,1440.0,4.149377593360996,0,0,SOURCE_GAP_TOO_LARGE
2025-british-grand-prix-r,2025,British Grand Prix,SAI,55,raw_car_telemetry,21947,159.0,240.0,400.0,520.0,1281.0,4.166666666666667,0,0,SOURCE_GAP_TOO_LARGE
2025-british-grand-prix-r,2025,British Grand Prix,SAI,55,raw_location_telemetry,22522,19.0,241.0,381.0,500.0,1440.0,4.149377593360996,0,0,SOURCE_GAP_TOO_LARGE
2025-british-grand-prix-r,2025,British Grand Prix,STR,18,raw_car_telemetry,21889,159.0,240.0,400.0,520.0,1281.0,4.166666666666667,0,0,SOURCE_GAP_TOO_LARGE
2025-british-grand-prix-r,2025,British Grand Prix,STR,18,raw_location_telemetry,22461,19.0,241.0,381.0,500.0,1440.0,4.149377593360996,0,0,SOURCE_GAP_TOO_LARGE
2025-british-grand-prix-r,2025,British Grand Prix,TSU,22,raw_car_telemetry,21778,159.0,240.0,400.0,520.0,1281.0,4.166666666666667,0,0,SOURCE_GAP_TOO_LARGE
2025-british-grand-prix-r,2025,British Grand Prix,TSU,22,raw_location_telemetry,22346,19.0,241.0,381.0,500.0,1440.0,4.149377593360996,0,0,SOURCE_GAP_TOO_LARGE
2025-british-grand-prix-r,2025,British Grand Prix,VER,1,raw_car_telemetry,21872,159.0,240.0,400.0,520.0,1281.0,4.166666666666667,0,0,SOURCE_GAP_TOO_LARGE
2025-british-grand-prix-r,2025,British Grand Prix,VER,1,raw_location_telemetry,22446,19.0,241.0,381.0,500.0,1440.0,4.149377593360996,0,0,SOURCE_GAP_TOO_LARGE
2025-belgian-grand-prix-r,2025,Belgian Grand Prix,ALB,23,raw_car_telemetry,19225,159.0,240.0,400.0,481.0,1281.0,4.166666666666667,0,0,SOURCE_GAP_TOO_LARGE
2025-belgian-grand-prix-r,2025,Belgian Grand Prix,ALB,23,raw_location_telemetry,19670,20.0,240.0,380.0,520.0,1420.0,4.166666666666667,0,0,SOURCE_GAP_TOO_LARGE
2025-belgian-grand-prix-r,2025,Belgian Grand Prix,ALO,14,raw_car_telemetry,19398,159.0,240.0,400.0,481.0,1281.0,4.166666666666667,0,0,SOURCE_GAP_TOO_LARGE
2025-belgian-grand-prix-r,2025,Belgian Grand Prix,ALO,14,raw_location_telemetry,19847,20.0,240.0,380.0,520.0,1420.0,4.166666666666667,0,0,SOURCE_GAP_TOO_LARGE
2025-belgian-grand-prix-r,2025,Belgian Grand Prix,ANT,12,raw_car_telemetry,19394,159.0,240.0,400.0,481.0,1281.0,4.166666666666667,0,0,SOURCE_GAP_TOO_LARGE
2025-belgian-grand-prix-r,2025,Belgian Grand Prix,ANT,12,raw_location_telemetry,19842,20.0,240.0,380.0,520.0,1420.0,4.166666666666667,0,0,SOURCE_GAP_TOO_LARGE
2025-belgian-grand-prix-r,2025,Belgian Grand Prix,BEA,87,raw_car_telemetry,19346,159.0,240.0,400.0,481.0,1281.0,4.166666666666667,0,0,SOURCE_GAP_TOO_LARGE
2025-belgian-grand-prix-r,2025,Belgian Grand Prix,BEA,87,raw_location_telemetry,19797,20.0,240.0,380.0,520.0,1420.0,4.166666666666667,0,0,SOURCE_GAP_TOO_LARGE
2025-belgian-grand-prix-r,2025,Belgian Grand Prix,BOR,5,raw_car_telemetry,19283,159.0,240.0,400.0,481.0,1281.0,4.166666666666667,0,0,SOURCE_GAP_TOO_LARGE
2025-belgian-grand-prix-r,2025,Belgian Grand Prix,BOR,5,raw_location_telemetry,19732,20.0,240.0,380.0,520.0,1420.0,4.166666666666667,0,0,SOURCE_GAP_TOO_LARGE
2025-belgian-grand-prix-r,2025,Belgian Grand Prix,COL,43,raw_car_telemetry,19426,159.0,240.0,400.0,481.0,1281.0,4.166666666666667,0,0,SOURCE_GAP_TOO_LARGE
2025-belgian-grand-prix-r,2025,Belgian Grand Prix,COL,43,raw_location_telemetry,19876,20.0,240.0,380.0,520.0,1420.0,4.166666666666667,0,0,SOURCE_GAP_TOO_LARGE
2025-belgian-grand-prix-r,2025,Belgian Grand Prix,GAS,10,raw_car_telemetry,19345,159.0,240.0,400.0,481.0,1281.0,4.166666666666667,0,0,SOURCE_GAP_TOO_LARGE
2025-belgian-grand-prix-r,2025,Belgian Grand Prix,GAS,10,raw_location_telemetry,19796,20.0,240.0,380.0,520.0,1420.0,4.166666666666667,0,0,SOURCE_GAP_TOO_LARGE
2025-belgian-grand-prix-r,2025,Belgian Grand Prix,HAD,6,raw_car_telemetry,19126,159.0,240.0,400.0,481.0,1281.0,4.166666666666667,0,0,SOURCE_GAP_TOO_LARGE
2025-belgian-grand-prix-r,2025,Belgian Grand Prix,HAD,6,raw_location_telemetry,19574,20.0,240.0,380.0,520.0,1420.0,4.166666666666667,0,0,SOURCE_GAP_TOO_LARGE
2025-belgian-grand-prix-r,2025,Belgian Grand Prix,HAM,44,raw_car_telemetry,19228,159.0,240.0,400.0,481.0,1281.0,4.166666666666667,0,0,SOURCE_GAP_TOO_LARGE
2025-belgian-grand-prix-r,2025,Belgian Grand Prix,HAM,44,raw_location_telemetry,19673,20.0,240.0,380.0,520.0,1420.0,4.166666666666667,0,0,SOURCE_GAP_TOO_LARGE
2025-belgian-grand-prix-r,2025,Belgian Grand Prix,HUL,27,raw_car_telemetry,19348,159.0,240.0,400.0,481.0,1281.0,4.166666666666667,0,0,SOURCE_GAP_TOO_LARGE
2025-belgian-grand-prix-r,2025,Belgian Grand Prix,HUL,27,raw_location_telemetry,19798,20.0,240.0,380.0,520.0,1420.0,4.166666666666667,0,0,SOURCE_GAP_TOO_LARGE
2025-belgian-grand-prix-r,2025,Belgian Grand Prix,LAW,30,raw_car_telemetry,19265,159.0,240.0,400.0,481.0,1281.0,4.166666666666667,0,0,SOURCE_GAP_TOO_LARGE
2025-belgian-grand-prix-r,2025,Belgian Grand Prix,LAW,30,raw_location_telemetry,19717,20.0,240.0,380.0,520.0,1420.0,4.166666666666667,0,0,SOURCE_GAP_TOO_LARGE
2025-belgian-grand-prix-r,2025,Belgian Grand Prix,LEC,16,raw_car_telemetry,19153,159.0,240.0,400.0,481.0,1281.0,4.166666666666667,0,0,SOURCE_GAP_TOO_LARGE
2025-belgian-grand-prix-r,2025,Belgian Grand Prix,LEC,16,raw_location_telemetry,19597,20.0,240.0,380.0,520.0,1420.0,4.166666666666667,0,0,SOURCE_GAP_TOO_LARGE
2025-belgian-grand-prix-r,2025,Belgian Grand Prix,NOR,4,raw_car_telemetry,19092,159.0,240.0,400.0,481.0,1281.0,4.166666666666667,0,0,SOURCE_GAP_TOO_LARGE
2025-belgian-grand-prix-r,2025,Belgian Grand Prix,NOR,4,raw_location_telemetry,19535,20.0,240.0,380.0,520.0,1420.0,4.166666666666667,0,0,SOURCE_GAP_TOO_LARGE
2025-belgian-grand-prix-r,2025,Belgian Grand Prix,OCO,31,raw_car_telemetry,19391,159.0,240.0,400.0,481.0,1281.0,4.166666666666667,0,0,SOURCE_GAP_TOO_LARGE
2025-belgian-grand-prix-r,2025,Belgian Grand Prix,OCO,31,raw_location_telemetry,19840,20.0,240.0,380.0,520.0,1420.0,4.166666666666667,0,0,SOURCE_GAP_TOO_LARGE
2025-belgian-grand-prix-r,2025,Belgian Grand Prix,PIA,81,raw_car_telemetry,19079,159.0,240.0,400.0,481.0,1281.0,4.166666666666667,0,0,SOURCE_GAP_TOO_LARGE
2025-belgian-grand-prix-r,2025,Belgian Grand Prix,PIA,81,raw_location_telemetry,19521,20.0,240.0,380.0,520.0,1420.0,4.166666666666667,0,0,SOURCE_GAP_TOO_LARGE
2025-belgian-grand-prix-r,2025,Belgian Grand Prix,RUS,63,raw_car_telemetry,19207,159.0,240.0,400.0,481.0,1281.0,4.166666666666667,0,0,SOURCE_GAP_TOO_LARGE
2025-belgian-grand-prix-r,2025,Belgian Grand Prix,RUS,63,raw_location_telemetry,19650,20.0,240.0,380.0,520.0,1420.0,4.166666666666667,0,0,SOURCE_GAP_TOO_LARGE
2025-belgian-grand-prix-r,2025,Belgian Grand Prix,SAI,55,raw_car_telemetry,19414,159.0,240.0,400.0,481.0,1281.0,4.166666666666667,0,0,SOURCE_GAP_TOO_LARGE
2025-belgian-grand-prix-r,2025,Belgian Grand Prix,SAI,55,raw_location_telemetry,19865,20.0,240.0,380.0,520.0,1420.0,4.166666666666667,0,0,SOURCE_GAP_TOO_LARGE
2025-belgian-grand-prix-r,2025,Belgian Grand Prix,STR,18,raw_car_telemetry,19372,159.0,240.0,400.0,481.0,1281.0,4.166666666666667,0,0,SOURCE_GAP_TOO_LARGE
2025-belgian-grand-prix-r,2025,Belgian Grand Prix,STR,18,raw_location_telemetry,19817,20.0,240.0,380.0,520.0,1420.0,4.166666666666667,0,0,SOURCE_GAP_TOO_LARGE
2025-belgian-grand-prix-r,2025,Belgian Grand Prix,TSU,22,raw_car_telemetry,19355,159.0,240.0,400.0,481.0,1281.0,4.166666666666667,0,0,SOURCE_GAP_TOO_LARGE
2025-belgian-grand-prix-r,2025,Belgian Grand Prix,TSU,22,raw_location_telemetry,19805,20.0,240.0,380.0,520.0,1420.0,4.166666666666667,0,0,SOURCE_GAP_TOO_LARGE
2025-belgian-grand-prix-r,2025,Belgian Grand Prix,VER,1,raw_car_telemetry,19158,159.0,240.0,400.0,481.0,1281.0,4.166666666666667,0,0,SOURCE_GAP_TOO_LARGE
2025-belgian-grand-prix-r,2025,Belgian Grand Prix,VER,1,raw_location_telemetry,19601,20.0,240.0,380.0,520.0,1420.0,4.166666666666667,0,0,SOURCE_GAP_TOO_LARGE
2025-hungarian-grand-prix-r,2025,Hungarian Grand Prix,ALB,23,raw_car_telemetry,21457,159.0,240.0,400.0,520.0,1400.0,4.166666666666667,0,0,SOURCE_GAP_TOO_LARGE
2025-hungarian-grand-prix-r,2025,Hungarian Grand Prix,ALB,23,raw_location_telemetry,21906,20.0,240.0,380.0,500.0,1280.0,4.166666666666667,0,0,SOURCE_GAP_TOO_LARGE
2025-hungarian-grand-prix-r,2025,Hungarian Grand Prix,ALO,14,raw_car_telemetry,21532,159.0,240.0,400.0,520.0,1400.0,4.166666666666667,0,0,SOURCE_GAP_TOO_LARGE
2025-hungarian-grand-prix-r,2025,Hungarian Grand Prix,ALO,14,raw_location_telemetry,21988,20.0,240.0,380.0,500.0,1280.0,4.166666666666667,0,0,SOURCE_GAP_TOO_LARGE
2025-hungarian-grand-prix-r,2025,Hungarian Grand Prix,ANT,12,raw_car_telemetry,21351,159.0,240.0,400.0,520.0,1400.0,4.166666666666667,0,0,SOURCE_GAP_TOO_LARGE
2025-hungarian-grand-prix-r,2025,Hungarian Grand Prix,ANT,12,raw_location_telemetry,21792,20.0,240.0,380.0,500.0,1280.0,4.166666666666667,0,0,SOURCE_GAP_TOO_LARGE
2025-hungarian-grand-prix-r,2025,Hungarian Grand Prix,BEA,87,raw_car_telemetry,15049,159.0,240.0,400.0,520.0,1400.0,4.166666666666667,0,0,SOURCE_GAP_TOO_LARGE
2025-hungarian-grand-prix-r,2025,Hungarian Grand Prix,BEA,87,raw_location_telemetry,15376,20.0,240.0,380.0,500.0,1280.0,4.166666666666667,0,0,SOURCE_GAP_TOO_LARGE
2025-hungarian-grand-prix-r,2025,Hungarian Grand Prix,BOR,5,raw_car_telemetry,21558,159.0,240.0,400.0,520.0,1400.0,4.166666666666667,0,0,SOURCE_GAP_TOO_LARGE
2025-hungarian-grand-prix-r,2025,Hungarian Grand Prix,BOR,5,raw_location_telemetry,22016,20.0,240.0,380.0,500.0,1280.0,4.166666666666667,0,0,SOURCE_GAP_TOO_LARGE
2025-hungarian-grand-prix-r,2025,Hungarian Grand Prix,COL,43,raw_car_telemetry,21489,159.0,240.0,400.0,520.0,1400.0,4.166666666666667,0,0,SOURCE_GAP_TOO_LARGE
2025-hungarian-grand-prix-r,2025,Hungarian Grand Prix,COL,43,raw_location_telemetry,21944,20.0,240.0,380.0,500.0,1280.0,4.166666666666667,0,0,SOURCE_GAP_TOO_LARGE
2025-hungarian-grand-prix-r,2025,Hungarian Grand Prix,GAS,10,raw_car_telemetry,21485,159.0,240.0,400.0,520.0,1400.0,4.166666666666667,0,0,SOURCE_GAP_TOO_LARGE
2025-hungarian-grand-prix-r,2025,Hungarian Grand Prix,GAS,10,raw_location_telemetry,21940,20.0,240.0,380.0,500.0,1280.0,4.166666666666667,0,0,SOURCE_GAP_TOO_LARGE
2025-hungarian-grand-prix-r,2025,Hungarian Grand Prix,HAD,6,raw_car_telemetry,21354,159.0,240.0,400.0,520.0,1400.0,4.166666666666667,0,0,SOURCE_GAP_TOO_LARGE
2025-hungarian-grand-prix-r,2025,Hungarian Grand Prix,HAD,6,raw_location_telemetry,21796,20.0,240.0,380.0,500.0,1280.0,4.166666666666667,0,0,SOURCE_GAP_TOO_LARGE
2025-hungarian-grand-prix-r,2025,Hungarian Grand Prix,HAM,44,raw_car_telemetry,21358,159.0,240.0,400.0,520.0,1400.0,4.166666666666667,0,0,SOURCE_GAP_TOO_LARGE
2025-hungarian-grand-prix-r,2025,Hungarian Grand Prix,HAM,44,raw_location_telemetry,21800,20.0,240.0,380.0,500.0,1280.0,4.166666666666667,0,0,SOURCE_GAP_TOO_LARGE
2025-hungarian-grand-prix-r,2025,Hungarian Grand Prix,HUL,27,raw_car_telemetry,21435,159.0,240.0,400.0,520.0,1400.0,4.166666666666667,0,0,SOURCE_GAP_TOO_LARGE
2025-hungarian-grand-prix-r,2025,Hungarian Grand Prix,HUL,27,raw_location_telemetry,21878,20.0,240.0,380.0,500.0,1280.0,4.166666666666667,0,0,SOURCE_GAP_TOO_LARGE
2025-hungarian-grand-prix-r,2025,Hungarian Grand Prix,LAW,30,raw_car_telemetry,21570,159.0,240.0,400.0,520.0,1400.0,4.166666666666667,0,0,SOURCE_GAP_TOO_LARGE
2025-hungarian-grand-prix-r,2025,Hungarian Grand Prix,LAW,30,raw_location_telemetry,22027,20.0,240.0,380.0,500.0,1280.0,4.166666666666667,0,0,SOURCE_GAP_TOO_LARGE
2025-hungarian-grand-prix-r,2025,Hungarian Grand Prix,LEC,16,raw_car_telemetry,21455,159.0,240.0,400.0,520.0,1400.0,4.166666666666667,0,0,SOURCE_GAP_TOO_LARGE
2025-hungarian-grand-prix-r,2025,Hungarian Grand Prix,LEC,16,raw_location_telemetry,21903,20.0,240.0,380.0,500.0,1280.0,4.166666666666667,0,0,SOURCE_GAP_TOO_LARGE
2025-hungarian-grand-prix-r,2025,Hungarian Grand Prix,NOR,4,raw_car_telemetry,21323,159.0,240.0,400.0,520.0,1400.0,4.166666666666667,0,0,SOURCE_GAP_TOO_LARGE
2025-hungarian-grand-prix-r,2025,Hungarian Grand Prix,NOR,4,raw_location_telemetry,21765,20.0,240.0,380.0,500.0,1280.0,4.166666666666667,0,0,SOURCE_GAP_TOO_LARGE
2025-hungarian-grand-prix-r,2025,Hungarian Grand Prix,OCO,31,raw_car_telemetry,21481,159.0,240.0,400.0,520.0,1400.0,4.166666666666667,0,0,SOURCE_GAP_TOO_LARGE
2025-hungarian-grand-prix-r,2025,Hungarian Grand Prix,OCO,31,raw_location_telemetry,21936,20.0,240.0,380.0,500.0,1280.0,4.166666666666667,0,0,SOURCE_GAP_TOO_LARGE
2025-hungarian-grand-prix-r,2025,Hungarian Grand Prix,PIA,81,raw_car_telemetry,21325,159.0,240.0,400.0,520.0,1400.0,4.166666666666667,0,0,SOURCE_GAP_TOO_LARGE
2025-hungarian-grand-prix-r,2025,Hungarian Grand Prix,PIA,81,raw_location_telemetry,21768,20.0,240.0,380.0,500.0,1280.0,4.166666666666667,0,0,SOURCE_GAP_TOO_LARGE
2025-hungarian-grand-prix-r,2025,Hungarian Grand Prix,RUS,63,raw_car_telemetry,21399,159.0,240.0,400.0,520.0,1400.0,4.166666666666667,0,0,SOURCE_GAP_TOO_LARGE
2025-hungarian-grand-prix-r,2025,Hungarian Grand Prix,RUS,63,raw_location_telemetry,21841,20.0,240.0,380.0,500.0,1280.0,4.166666666666667,0,0,SOURCE_GAP_TOO_LARGE
2025-hungarian-grand-prix-r,2025,Hungarian Grand Prix,SAI,55,raw_car_telemetry,21442,159.0,240.0,400.0,520.0,1400.0,4.166666666666667,0,0,SOURCE_GAP_TOO_LARGE
2025-hungarian-grand-prix-r,2025,Hungarian Grand Prix,SAI,55,raw_location_telemetry,21886,20.0,240.0,380.0,500.0,1280.0,4.166666666666667,0,0,SOURCE_GAP_TOO_LARGE
2025-hungarian-grand-prix-r,2025,Hungarian Grand Prix,STR,18,raw_car_telemetry,21566,159.0,240.0,400.0,520.0,1400.0,4.166666666666667,0,0,SOURCE_GAP_TOO_LARGE
2025-hungarian-grand-prix-r,2025,Hungarian Grand Prix,STR,18,raw_location_telemetry,22023,20.0,240.0,380.0,500.0,1280.0,4.166666666666667,0,0,SOURCE_GAP_TOO_LARGE
2025-hungarian-grand-prix-r,2025,Hungarian Grand Prix,TSU,22,raw_car_telemetry,21487,159.0,240.0,400.0,520.0,1400.0,4.166666666666667,0,0,SOURCE_GAP_TOO_LARGE
2025-hungarian-grand-prix-r,2025,Hungarian Grand Prix,TSU,22,raw_location_telemetry,21942,20.0,240.0,380.0,500.0,1280.0,4.166666666666667,0,0,SOURCE_GAP_TOO_LARGE
2025-hungarian-grand-prix-r,2025,Hungarian Grand Prix,VER,1,raw_car_telemetry,21581,159.0,240.0,400.0,520.0,1400.0,4.166666666666667,0,0,SOURCE_GAP_TOO_LARGE
2025-hungarian-grand-prix-r,2025,Hungarian Grand Prix,VER,1,raw_location_telemetry,22041,20.0,240.0,380.0,500.0,1280.0,4.166666666666667,0,0,SOURCE_GAP_TOO_LARGE
2025-dutch-grand-prix-r,2025,Dutch Grand Prix,ALB,23,raw_car_telemetry,21779,159.0,240.0,400.0,600.0,1400.0,4.166666666666667,0,0,SOURCE_GAP_TOO_LARGE
2025-dutch-grand-prix-r,2025,Dutch Grand Prix,ALB,23,raw_location_telemetry,22542,19.0,240.0,380.0,501.0,1741.0,4.166666666666667,0,0,SOURCE_GAP_TOO_LARGE
2025-dutch-grand-prix-r,2025,Dutch Grand Prix,ALO,14,raw_car_telemetry,21795,159.0,240.0,400.0,600.0,1400.0,4.166666666666667,0,0,SOURCE_GAP_TOO_LARGE
2025-dutch-grand-prix-r,2025,Dutch Grand Prix,ALO,14,raw_location_telemetry,22562,19.0,240.0,380.0,501.0,1741.0,4.166666666666667,0,0,SOURCE_GAP_TOO_LARGE
2025-dutch-grand-prix-r,2025,Dutch Grand Prix,ANT,12,raw_car_telemetry,21782,159.0,240.0,400.0,600.0,1400.0,4.166666666666667,0,0,SOURCE_GAP_TOO_LARGE
2025-dutch-grand-prix-r,2025,Dutch Grand Prix,ANT,12,raw_location_telemetry,22545,19.0,240.0,380.0,501.0,1741.0,4.166666666666667,0,0,SOURCE_GAP_TOO_LARGE
2025-dutch-grand-prix-r,2025,Dutch Grand Prix,BEA,87,raw_car_telemetry,21786,159.0,240.0,400.0,600.0,1400.0,4.166666666666667,0,0,SOURCE_GAP_TOO_LARGE
2025-dutch-grand-prix-r,2025,Dutch Grand Prix,BEA,87,raw_location_telemetry,22553,19.0,240.0,380.0,501.0,1741.0,4.166666666666667,0,0,SOURCE_GAP_TOO_LARGE
2025-dutch-grand-prix-r,2025,Dutch Grand Prix,BOR,5,raw_car_telemetry,21829,159.0,240.0,400.0,600.0,1400.0,4.166666666666667,0,0,SOURCE_GAP_TOO_LARGE
2025-dutch-grand-prix-r,2025,Dutch Grand Prix,BOR,5,raw_location_telemetry,22598,19.0,240.0,380.0,501.0,1741.0,4.166666666666667,0,0,SOURCE_GAP_TOO_LARGE
2025-dutch-grand-prix-r,2025,Dutch Grand Prix,COL,43,raw_car_telemetry,21804,159.0,240.0,400.0,600.0,1400.0,4.166666666666667,0,0,SOURCE_GAP_TOO_LARGE
2025-dutch-grand-prix-r,2025,Dutch Grand Prix,COL,43,raw_location_telemetry,22573,19.0,240.0,380.0,501.0,1741.0,4.166666666666667,0,0,SOURCE_GAP_TOO_LARGE
2025-dutch-grand-prix-r,2025,Dutch Grand Prix,GAS,10,raw_car_telemetry,21836,159.0,240.0,400.0,600.0,1400.0,4.166666666666667,0,0,SOURCE_GAP_TOO_LARGE
2025-dutch-grand-prix-r,2025,Dutch Grand Prix,GAS,10,raw_location_telemetry,22606,19.0,240.0,380.0,501.0,1741.0,4.166666666666667,0,0,SOURCE_GAP_TOO_LARGE
2025-dutch-grand-prix-r,2025,Dutch Grand Prix,HAD,6,raw_car_telemetry,21766,159.0,240.0,400.0,600.0,1400.0,4.166666666666667,0,0,SOURCE_GAP_TOO_LARGE
2025-dutch-grand-prix-r,2025,Dutch Grand Prix,HAD,6,raw_location_telemetry,22531,19.0,240.0,380.0,501.0,1741.0,4.166666666666667,0,0,SOURCE_GAP_TOO_LARGE
2025-dutch-grand-prix-r,2025,Dutch Grand Prix,HAM,44,raw_car_telemetry,6753,159.0,240.0,400.0,520.4899999999998,1241.0,4.166666666666667,0,0,SOURCE_GAP_TOO_LARGE
2025-dutch-grand-prix-r,2025,Dutch Grand Prix,HAM,44,raw_location_telemetry,6993,19.0,240.0,380.0,500.0,1400.0,4.166666666666667,0,0,SOURCE_GAP_TOO_LARGE
2025-dutch-grand-prix-r,2025,Dutch Grand Prix,HUL,27,raw_car_telemetry,21822,159.0,240.0,400.0,600.0,1400.0,4.166666666666667,0,0,SOURCE_GAP_TOO_LARGE
2025-dutch-grand-prix-r,2025,Dutch Grand Prix,HUL,27,raw_location_telemetry,22591,19.0,240.0,380.0,501.0,1741.0,4.166666666666667,0,0,SOURCE_GAP_TOO_LARGE
2025-dutch-grand-prix-r,2025,Dutch Grand Prix,LAW,30,raw_car_telemetry,21814,159.0,240.0,400.0,600.0,1400.0,4.166666666666667,0,0,SOURCE_GAP_TOO_LARGE
2025-dutch-grand-prix-r,2025,Dutch Grand Prix,LAW,30,raw_location_telemetry,22581,19.0,240.0,380.0,501.0,1741.0,4.166666666666667,0,0,SOURCE_GAP_TOO_LARGE
2025-dutch-grand-prix-r,2025,Dutch Grand Prix,LEC,16,raw_car_telemetry,15091,159.0,240.0,400.0,560.0,1320.0,4.166666666666667,0,0,SOURCE_GAP_TOO_LARGE
2025-dutch-grand-prix-r,2025,Dutch Grand Prix,LEC,16,raw_location_telemetry,15601,19.0,240.0,380.0,501.18000000000393,1741.0,4.166666666666667,0,0,SOURCE_GAP_TOO_LARGE
2025-dutch-grand-prix-r,2025,Dutch Grand Prix,NOR,4,raw_car_telemetry,19569,159.0,240.0,400.0,600.0,1400.0,4.166666666666667,0,0,SOURCE_GAP_TOO_LARGE
2025-dutch-grand-prix-r,2025,Dutch Grand Prix,NOR,4,raw_location_telemetry,20286,19.0,240.0,380.0,503.8799999999974,1741.0,4.166666666666667,0,0,SOURCE_GAP_TOO_LARGE
2025-dutch-grand-prix-r,2025,Dutch Grand Prix,OCO,31,raw_car_telemetry,21803,159.0,240.0,400.0,600.0,1400.0,4.166666666666667,0,0,SOURCE_GAP_TOO_LARGE
2025-dutch-grand-prix-r,2025,Dutch Grand Prix,OCO,31,raw_location_telemetry,22572,19.0,240.0,380.0,501.0,1741.0,4.166666666666667,0,0,SOURCE_GAP_TOO_LARGE
2025-dutch-grand-prix-r,2025,Dutch Grand Prix,PIA,81,raw_car_telemetry,21753,159.0,240.0,400.0,600.0,1400.0,4.166666666666667,0,0,SOURCE_GAP_TOO_LARGE
2025-dutch-grand-prix-r,2025,Dutch Grand Prix,PIA,81,raw_location_telemetry,22519,19.0,240.0,380.0,501.0,1741.0,4.166666666666667,0,0,SOURCE_GAP_TOO_LARGE
2025-dutch-grand-prix-r,2025,Dutch Grand Prix,RUS,63,raw_car_telemetry,21777,159.0,240.0,400.0,600.0,1400.0,4.166666666666667,0,0,SOURCE_GAP_TOO_LARGE
2025-dutch-grand-prix-r,2025,Dutch Grand Prix,RUS,63,raw_location_telemetry,22539,19.0,240.0,380.0,501.0,1741.0,4.166666666666667,0,0,SOURCE_GAP_TOO_LARGE
2025-dutch-grand-prix-r,2025,Dutch Grand Prix,SAI,55,raw_car_telemetry,21815,159.0,240.0,400.0,600.0,1400.0,4.166666666666667,0,0,SOURCE_GAP_TOO_LARGE
2025-dutch-grand-prix-r,2025,Dutch Grand Prix,SAI,55,raw_location_telemetry,22582,19.0,240.0,380.0,501.0,1741.0,4.166666666666667,0,0,SOURCE_GAP_TOO_LARGE
2025-dutch-grand-prix-r,2025,Dutch Grand Prix,STR,18,raw_car_telemetry,21788,159.0,240.0,400.0,600.0,1400.0,4.166666666666667,0,0,SOURCE_GAP_TOO_LARGE
2025-dutch-grand-prix-r,2025,Dutch Grand Prix,STR,18,raw_location_telemetry,22555,19.0,240.0,380.0,501.0,1741.0,4.166666666666667,0,0,SOURCE_GAP_TOO_LARGE
2025-dutch-grand-prix-r,2025,Dutch Grand Prix,TSU,22,raw_car_telemetry,21801,159.0,240.0,400.0,600.0,1400.0,4.166666666666667,0,0,SOURCE_GAP_TOO_LARGE
2025-dutch-grand-prix-r,2025,Dutch Grand Prix,TSU,22,raw_location_telemetry,22569,19.0,240.0,380.0,501.0,1741.0,4.166666666666667,0,0,SOURCE_GAP_TOO_LARGE
2025-dutch-grand-prix-r,2025,Dutch Grand Prix,VER,1,raw_car_telemetry,21759,159.0,240.0,400.0,600.0,1400.0,4.166666666666667,0,0,SOURCE_GAP_TOO_LARGE
2025-dutch-grand-prix-r,2025,Dutch Grand Prix,VER,1,raw_location_telemetry,22524,19.0,240.0,380.0,501.0,1741.0,4.166666666666667,0,0,SOURCE_GAP_TOO_LARGE
2025-italian-grand-prix-r,2025,Italian Grand Prix,ALB,23,raw_car_telemetry,16570,159.0,240.0,400.0,481.0,1321.0,4.166666666666667,0,0,SOURCE_GAP_TOO_LARGE
2025-italian-grand-prix-r,2025,Italian Grand Prix,ALB,23,raw_location_telemetry,16982,20.0,240.0,380.0,500.2000000000007,1380.0,4.166666666666667,0,0,SOURCE_GAP_TOO_LARGE
2025-italian-grand-prix-r,2025,Italian Grand Prix,ALO,14,raw_car_telemetry,7728,159.0,240.0,400.0,480.0,1280.0,4.166666666666667,0,0,SOURCE_GAP_TOO_LARGE
2025-italian-grand-prix-r,2025,Italian Grand Prix,ALO,14,raw_location_telemetry,7921,20.0,240.0,380.0,500.0,1380.0,4.166666666666667,0,0,SOURCE_GAP_TOO_LARGE
2025-italian-grand-prix-r,2025,Italian Grand Prix,ANT,12,raw_car_telemetry,16586,159.0,240.0,400.0,481.0,1321.0,4.166666666666667,0,0,SOURCE_GAP_TOO_LARGE
2025-italian-grand-prix-r,2025,Italian Grand Prix,ANT,12,raw_location_telemetry,16998,20.0,240.0,380.0,500.0400000000009,1380.0,4.166666666666667,0,0,SOURCE_GAP_TOO_LARGE
2025-italian-grand-prix-r,2025,Italian Grand Prix,BEA,87,raw_car_telemetry,16636,159.0,240.0,400.0,481.0,1321.0,4.166666666666667,0,0,SOURCE_GAP_TOO_LARGE
2025-italian-grand-prix-r,2025,Italian Grand Prix,BEA,87,raw_location_telemetry,17053,20.0,240.0,380.0,500.4900000000016,1380.0,4.166666666666667,0,0,SOURCE_GAP_TOO_LARGE
2025-italian-grand-prix-r,2025,Italian Grand Prix,BOR,5,raw_car_telemetry,16600,159.0,240.0,400.0,481.0,1321.0,4.166666666666667,0,0,SOURCE_GAP_TOO_LARGE
2025-italian-grand-prix-r,2025,Italian Grand Prix,BOR,5,raw_location_telemetry,17013,20.0,240.0,380.0,500.0,1380.0,4.166666666666667,0,0,SOURCE_GAP_TOO_LARGE
2025-italian-grand-prix-r,2025,Italian Grand Prix,COL,43,raw_car_telemetry,16414,159.0,240.0,400.0,481.0,1320.0,4.166666666666667,0,0,SOURCE_GAP_TOO_LARGE
2025-italian-grand-prix-r,2025,Italian Grand Prix,COL,43,raw_location_telemetry,16819,20.0,240.0,380.0,500.0,1380.0,4.166666666666667,0,0,SOURCE_GAP_TOO_LARGE
2025-italian-grand-prix-r,2025,Italian Grand Prix,GAS,10,raw_car_telemetry,16408,159.0,240.0,400.0,481.0,1320.0,4.166666666666667,0,0,SOURCE_GAP_TOO_LARGE
2025-italian-grand-prix-r,2025,Italian Grand Prix,GAS,10,raw_location_telemetry,16813,20.0,240.0,380.0,500.0,1380.0,4.166666666666667,0,0,SOURCE_GAP_TOO_LARGE
2025-italian-grand-prix-r,2025,Italian Grand Prix,HAD,6,raw_car_telemetry,16618,159.0,240.0,400.0,481.0,1321.0,4.166666666666667,0,0,SOURCE_GAP_TOO_LARGE
2025-italian-grand-prix-r,2025,Italian Grand Prix,HAD,6,raw_location_telemetry,17032,20.0,240.0,380.0,500.0,1380.0,4.166666666666667,0,0,SOURCE_GAP_TOO_LARGE
2025-italian-grand-prix-r,2025,Italian Grand Prix,HAM,44,raw_car_telemetry,16525,159.0,240.0,400.0,481.0,1321.0,4.166666666666667,0,0,SOURCE_GAP_TOO_LARGE
2025-italian-grand-prix-r,2025,Italian Grand Prix,HAM,44,raw_location_telemetry,16935,20.0,240.0,380.0,500.0,1380.0,4.166666666666667,0,0,SOURCE_GAP_TOO_LARGE
2025-italian-grand-prix-r,2025,Italian Grand Prix,LAW,30,raw_car_telemetry,16683,159.0,240.0,400.0,481.0,1321.0,4.166666666666667,0,0,SOURCE_GAP_TOO_LARGE
2025-italian-grand-prix-r,2025,Italian Grand Prix,LAW,30,raw_location_telemetry,17104,20.0,240.0,380.0,500.0,1380.0,4.166666666666667,0,0,SOURCE_GAP_TOO_LARGE
2025-italian-grand-prix-r,2025,Italian Grand Prix,LEC,16,raw_car_telemetry,16479,159.0,240.0,400.0,481.0,1321.0,4.166666666666667,0,0,SOURCE_GAP_TOO_LARGE
2025-italian-grand-prix-r,2025,Italian Grand Prix,LEC,16,raw_location_telemetry,16891,20.0,240.0,380.0,500.1100000000006,1380.0,4.166666666666667,0,0,SOURCE_GAP_TOO_LARGE
2025-italian-grand-prix-r,2025,Italian Grand Prix,NOR,4,raw_car_telemetry,16457,159.0,240.0,400.0,481.0,1321.0,4.166666666666667,0,0,SOURCE_GAP_TOO_LARGE
2025-italian-grand-prix-r,2025,Italian Grand Prix,NOR,4,raw_location_telemetry,16864,20.0,240.0,380.0,500.0,1380.0,4.166666666666667,0,0,SOURCE_GAP_TOO_LARGE
2025-italian-grand-prix-r,2025,Italian Grand Prix,OCO,31,raw_car_telemetry,16394,159.0,240.0,400.0,481.0,1320.0,4.166666666666667,0,0,SOURCE_GAP_TOO_LARGE
2025-italian-grand-prix-r,2025,Italian Grand Prix,OCO,31,raw_location_telemetry,16800,20.0,240.0,380.0,500.0,1380.0,4.166666666666667,0,0,SOURCE_GAP_TOO_LARGE
2025-italian-grand-prix-r,2025,Italian Grand Prix,PIA,81,raw_car_telemetry,16464,159.0,240.0,400.0,481.0,1321.0,4.166666666666667,0,0,SOURCE_GAP_TOO_LARGE
2025-italian-grand-prix-r,2025,Italian Grand Prix,PIA,81,raw_location_telemetry,16874,20.0,240.0,380.0,500.27999999999884,1380.0,4.166666666666667,0,0,SOURCE_GAP_TOO_LARGE
2025-italian-grand-prix-r,2025,Italian Grand Prix,RUS,63,raw_car_telemetry,16507,159.0,240.0,400.0,481.0,1321.0,4.166666666666667,0,0,SOURCE_GAP_TOO_LARGE
2025-italian-grand-prix-r,2025,Italian Grand Prix,RUS,63,raw_location_telemetry,16916,20.0,240.0,380.0,500.0,1380.0,4.166666666666667,0,0,SOURCE_GAP_TOO_LARGE
2025-italian-grand-prix-r,2025,Italian Grand Prix,SAI,55,raw_car_telemetry,16618,159.0,240.0,400.0,481.0,1321.0,4.166666666666667,0,0,SOURCE_GAP_TOO_LARGE
2025-italian-grand-prix-r,2025,Italian Grand Prix,SAI,55,raw_location_telemetry,17033,20.0,240.0,380.0,500.6899999999987,1380.0,4.166666666666667,0,0,SOURCE_GAP_TOO_LARGE
2025-italian-grand-prix-r,2025,Italian Grand Prix,STR,18,raw_car_telemetry,16422,159.0,240.0,400.0,481.0,1320.0,4.166666666666667,0,0,SOURCE_GAP_TOO_LARGE
2025-italian-grand-prix-r,2025,Italian Grand Prix,STR,18,raw_location_telemetry,16826,20.0,240.0,380.0,500.0,1380.0,4.166666666666667,0,0,SOURCE_GAP_TOO_LARGE
2025-italian-grand-prix-r,2025,Italian Grand Prix,TSU,22,raw_car_telemetry,16678,159.0,240.0,400.0,481.0,1321.0,4.166666666666667,0,0,SOURCE_GAP_TOO_LARGE
2025-italian-grand-prix-r,2025,Italian Grand Prix,TSU,22,raw_location_telemetry,17098,20.0,240.0,380.0,500.0400000000009,1380.0,4.166666666666667,0,0,SOURCE_GAP_TOO_LARGE
2025-italian-grand-prix-r,2025,Italian Grand Prix,VER,1,raw_car_telemetry,16387,159.0,240.0,400.0,481.0,1320.0,4.166666666666667,0,0,SOURCE_GAP_TOO_LARGE
2025-italian-grand-prix-r,2025,Italian Grand Prix,VER,1,raw_location_telemetry,16792,20.0,240.0,380.0,500.0,1380.0,4.166666666666667,0,0,SOURCE_GAP_TOO_LARGE
2025-azerbaijan-grand-prix-r,2025,Azerbaijan Grand Prix,ALB,23,raw_car_telemetry,21196,153.0,240.0,399.0,481.0,1280.0,4.166666666666667,0,0,SOURCE_GAP_TOO_LARGE
2025-azerbaijan-grand-prix-r,2025,Azerbaijan Grand Prix,ALB,23,raw_location_telemetry,21267,20.0,260.0,399.0,519.0,1399.0,3.8461538461538463,0,0,SOURCE_GAP_TOO_LARGE
2025-azerbaijan-grand-prix-r,2025,Azerbaijan Grand Prix,ALO,14,raw_car_telemetry,21264,153.0,240.0,399.0,481.0,1280.0,4.166666666666667,0,0,SOURCE_GAP_TOO_LARGE
2025-azerbaijan-grand-prix-r,2025,Azerbaijan Grand Prix,ALO,14,raw_location_telemetry,21335,20.0,260.0,381.0,513.0599999999686,1399.0,3.8461538461538463,0,0,SOURCE_GAP_TOO_LARGE
2025-azerbaijan-grand-prix-r,2025,Azerbaijan Grand Prix,ANT,12,raw_car_telemetry,21044,153.0,240.0,399.7999999999993,481.0,1280.0,4.166666666666667,0,0,SOURCE_GAP_TOO_LARGE
2025-azerbaijan-grand-prix-r,2025,Azerbaijan Grand Prix,ANT,12,raw_location_telemetry,21117,20.0,260.0,381.0,500.84999999999854,1399.0,3.8461538461538463,0,0,SOURCE_GAP_TOO_LARGE
2025-azerbaijan-grand-prix-r,2025,Azerbaijan Grand Prix,BEA,87,raw_car_telemetry,21221,153.0,240.0,399.0,481.0,1280.0,4.166666666666667,0,0,SOURCE_GAP_TOO_LARGE
2025-azerbaijan-grand-prix-r,2025,Azerbaijan Grand Prix,BEA,87,raw_location_telemetry,21291,20.0,260.0,382.8000000000393,519.0,1399.0,3.8461538461538463,0,0,SOURCE_GAP_TOO_LARGE
2025-azerbaijan-grand-prix-r,2025,Azerbaijan Grand Prix,BOR,5,raw_car_telemetry,21218,153.0,240.0,399.0,481.0,1280.0,4.166666666666667,0,0,SOURCE_GAP_TOO_LARGE
2025-azerbaijan-grand-prix-r,2025,Azerbaijan Grand Prix,BOR,5,raw_location_telemetry,21288,20.0,260.0,388.2000000000262,519.0,1399.0,3.8461538461538463,0,0,SOURCE_GAP_TOO_LARGE
2025-azerbaijan-grand-prix-r,2025,Azerbaijan Grand Prix,COL,43,raw_car_telemetry,20986,153.0,240.0,399.6000000000022,481.0,1280.0,4.166666666666667,0,0,SOURCE_GAP_TOO_LARGE
2025-azerbaijan-grand-prix-r,2025,Azerbaijan Grand Prix,COL,43,raw_location_telemetry,21058,20.0,260.0,381.0,500.4399999999987,1399.0,3.8461538461538463,0,0,SOURCE_GAP_TOO_LARGE
2025-azerbaijan-grand-prix-r,2025,Azerbaijan Grand Prix,GAS,10,raw_car_telemetry,20977,153.0,240.0,399.0,481.0,1280.0,4.166666666666667,0,0,SOURCE_GAP_TOO_LARGE
2025-azerbaijan-grand-prix-r,2025,Azerbaijan Grand Prix,GAS,10,raw_location_telemetry,21048,20.0,260.0,381.0,500.5400000000009,1399.0,3.8461538461538463,0,0,SOURCE_GAP_TOO_LARGE
2025-azerbaijan-grand-prix-r,2025,Azerbaijan Grand Prix,HAD,6,raw_car_telemetry,21103,153.0,240.0,400.0,481.0,1280.0,4.166666666666667,0,0,SOURCE_GAP_TOO_LARGE
2025-azerbaijan-grand-prix-r,2025,Azerbaijan Grand Prix,HAD,6,raw_location_telemetry,21180,20.0,260.0,399.0,504.96000000002095,1399.0,3.8461538461538463,0,0,SOURCE_GAP_TOO_LARGE
2025-azerbaijan-grand-prix-r,2025,Azerbaijan Grand Prix,HAM,44,raw_car_telemetry,21094,153.0,240.0,400.0,481.0,1280.0,4.166666666666667,0,0,SOURCE_GAP_TOO_LARGE
2025-azerbaijan-grand-prix-r,2025,Azerbaijan Grand Prix,HAM,44,raw_location_telemetry,21168,20.0,260.0,399.0,507.1200000000026,1399.0,3.8461538461538463,0,0,SOURCE_GAP_TOO_LARGE
2025-azerbaijan-grand-prix-r,2025,Azerbaijan Grand Prix,HUL,27,raw_car_telemetry,21269,153.0,240.0,399.0,481.0,1280.0,4.166666666666667,0,0,SOURCE_GAP_TOO_LARGE
2025-azerbaijan-grand-prix-r,2025,Azerbaijan Grand Prix,HUL,27,raw_location_telemetry,21341,20.0,260.0,382.8000000000393,511.9800000000105,1399.0,3.8461538461538463,0,0,SOURCE_GAP_TOO_LARGE
2025-azerbaijan-grand-prix-r,2025,Azerbaijan Grand Prix,LAW,30,raw_car_telemetry,21083,153.0,240.0,400.0,481.0,1280.0,4.166666666666667,0,0,SOURCE_GAP_TOO_LARGE
2025-azerbaijan-grand-prix-r,2025,Azerbaijan Grand Prix,LAW,30,raw_location_telemetry,21156,20.0,260.0,391.8000000000393,509.2799999999843,1399.0,3.8461538461538463,0,0,SOURCE_GAP_TOO_LARGE
2025-azerbaijan-grand-prix-r,2025,Azerbaijan Grand Prix,LEC,16,raw_car_telemetry,21097,153.0,240.0,400.0,481.0,1280.0,4.166666666666667,0,0,SOURCE_GAP_TOO_LARGE
2025-azerbaijan-grand-prix-r,2025,Azerbaijan Grand Prix,LEC,16,raw_location_telemetry,21170,20.0,260.0,399.0,506.75999999999476,1399.0,3.8461538461538463,0,0,SOURCE_GAP_TOO_LARGE
2025-azerbaijan-grand-prix-r,2025,Azerbaijan Grand Prix,NOR,4,raw_car_telemetry,21087,153.0,240.0,400.0,481.0,1280.0,4.166666666666667,0,0,SOURCE_GAP_TOO_LARGE
2025-azerbaijan-grand-prix-r,2025,Azerbaijan Grand Prix,NOR,4,raw_location_telemetry,21160,20.0,260.0,384.6000000000131,508.55999999996857,1399.0,3.8461538461538463,0,0,SOURCE_GAP_TOO_LARGE
2025-azerbaijan-grand-prix-r,2025,Azerbaijan Grand Prix,OCO,31,raw_car_telemetry,21258,153.0,240.0,399.0,481.0,1280.0,4.166666666666667,0,0,SOURCE_GAP_TOO_LARGE
2025-azerbaijan-grand-prix-r,2025,Azerbaijan Grand Prix,OCO,31,raw_location_telemetry,21330,20.0,260.0,384.6000000000131,513.960000000021,1399.0,3.8461538461538463,0,0,SOURCE_GAP_TOO_LARGE
2025-azerbaijan-grand-prix-r,2025,Azerbaijan Grand Prix,PIA,81,raw_car_telemetry,481,159.0,240.0,361.0,528.3999999999992,1280.0,4.166666666666667,0,0,SOURCE_GAP_TOO_LARGE
2025-azerbaijan-grand-prix-r,2025,Azerbaijan Grand Prix,PIA,81,raw_location_telemetry,486,40.0,260.0,380.0,515.9999999999968,960.0,3.8461538461538463,0,0,
2025-azerbaijan-grand-prix-r,2025,Azerbaijan Grand Prix,RUS,63,raw_car_telemetry,21018,153.0,240.0,399.0,481.0,1280.0,4.166666666666667,0,0,SOURCE_GAP_TOO_LARGE
2025-azerbaijan-grand-prix-r,2025,Azerbaijan Grand Prix,RUS,63,raw_location_telemetry,21091,20.0,260.0,381.0,500.1100000000006,1399.0,3.8461538461538463,0,0,SOURCE_GAP_TOO_LARGE
2025-azerbaijan-grand-prix-r,2025,Azerbaijan Grand Prix,SAI,55,raw_car_telemetry,21036,153.0,240.0,399.0,481.0,1280.0,4.166666666666667,0,0,SOURCE_GAP_TOO_LARGE
2025-azerbaijan-grand-prix-r,2025,Azerbaijan Grand Prix,SAI,55,raw_location_telemetry,21108,20.0,260.0,381.0,500.0,1399.0,3.8461538461538463,0,0,SOURCE_GAP_TOO_LARGE
2025-azerbaijan-grand-prix-r,2025,Azerbaijan Grand Prix,STR,18,raw_car_telemetry,21329,153.0,240.0,399.0,481.0,1280.0,4.166666666666667,0,0,SOURCE_GAP_TOO_LARGE
2025-azerbaijan-grand-prix-r,2025,Azerbaijan Grand Prix,STR,18,raw_location_telemetry,21406,20.0,260.0,381.0,500.9599999999991,1399.0,3.8461538461538463,0,0,SOURCE_GAP_TOO_LARGE
2025-azerbaijan-grand-prix-r,2025,Azerbaijan Grand Prix,TSU,22,raw_car_telemetry,21086,153.0,240.0,400.0,481.0,1280.0,4.166666666666667,0,0,SOURCE_GAP_TOO_LARGE
2025-azerbaijan-grand-prix-r,2025,Azerbaijan Grand Prix,TSU,22,raw_location_telemetry,21159,20.0,260.0,386.3999999999869,508.74000000000524,1399.0,3.8461538461538463,0,0,SOURCE_GAP_TOO_LARGE
2025-azerbaijan-grand-prix-r,2025,Azerbaijan Grand Prix,VER,1,raw_car_telemetry,20964,153.0,240.0,399.0,481.0,1280.0,4.166666666666667,0,0,SOURCE_GAP_TOO_LARGE
2025-azerbaijan-grand-prix-r,2025,Azerbaijan Grand Prix,VER,1,raw_location_telemetry,21032,20.0,260.0,381.0,500.0,1399.0,3.8461538461538463,0,0,SOURCE_GAP_TOO_LARGE
2025-singapore-grand-prix-r,2025,Singapore Grand Prix,ALB,23,raw_car_telemetry,22616,159.0,240.0,400.0,481.0,1361.0,4.166666666666667,0,0,SOURCE_GAP_TOO_LARGE
2025-singapore-grand-prix-r,2025,Singapore Grand Prix,ALB,23,raw_location_telemetry,23136,19.0,240.0,380.0,512.8799999999974,1380.0,4.166666666666667,0,0,SOURCE_GAP_TOO_LARGE
2025-singapore-grand-prix-r,2025,Singapore Grand Prix,ALO,14,raw_car_telemetry,22827,159.0,240.0,400.0,481.0,1361.0,4.166666666666667,0,0,SOURCE_GAP_TOO_LARGE
2025-singapore-grand-prix-r,2025,Singapore Grand Prix,ALO,14,raw_location_telemetry,23348,19.0,240.0,380.0,519.0,1380.0,4.166666666666667,0,0,SOURCE_GAP_TOO_LARGE
2025-singapore-grand-prix-r,2025,Singapore Grand Prix,ANT,12,raw_car_telemetry,22646,159.0,240.0,400.0,481.0,1361.0,4.166666666666667,0,0,SOURCE_GAP_TOO_LARGE
2025-singapore-grand-prix-r,2025,Singapore Grand Prix,ANT,12,raw_location_telemetry,23163,19.0,240.0,380.0,519.3899999999994,1380.0,4.166666666666667,0,0,SOURCE_GAP_TOO_LARGE
2025-singapore-grand-prix-r,2025,Singapore Grand Prix,BEA,87,raw_car_telemetry,22876,159.0,240.0,400.0,481.0,1361.0,4.166666666666667,0,0,SOURCE_GAP_TOO_LARGE
2025-singapore-grand-prix-r,2025,Singapore Grand Prix,BEA,87,raw_location_telemetry,23400,19.0,240.0,380.0,519.0200000000004,1380.0,4.166666666666667,0,0,SOURCE_GAP_TOO_LARGE
2025-singapore-grand-prix-r,2025,Singapore Grand Prix,BOR,5,raw_car_telemetry,22698,159.0,240.0,400.0,481.0,1361.0,4.166666666666667,0,0,SOURCE_GAP_TOO_LARGE
2025-singapore-grand-prix-r,2025,Singapore Grand Prix,BOR,5,raw_location_telemetry,23214,19.0,240.0,380.0,519.880000000001,1380.0,4.166666666666667,0,0,SOURCE_GAP_TOO_LARGE
2025-singapore-grand-prix-r,2025,Singapore Grand Prix,COL,43,raw_car_telemetry,22681,159.0,240.0,400.0,481.0,1361.0,4.166666666666667,0,0,SOURCE_GAP_TOO_LARGE
2025-singapore-grand-prix-r,2025,Singapore Grand Prix,COL,43,raw_location_telemetry,23198,19.0,240.0,380.0,519.0400000000009,1380.0,4.166666666666667,0,0,SOURCE_GAP_TOO_LARGE
2025-singapore-grand-prix-r,2025,Singapore Grand Prix,GAS,10,raw_car_telemetry,22702,159.0,240.0,400.0,481.0,1361.0,4.166666666666667,0,0,SOURCE_GAP_TOO_LARGE
2025-singapore-grand-prix-r,2025,Singapore Grand Prix,GAS,10,raw_location_telemetry,23218,19.0,240.0,380.0,519.8400000000001,1380.0,4.166666666666667,0,0,SOURCE_GAP_TOO_LARGE
2025-singapore-grand-prix-r,2025,Singapore Grand Prix,HAD,6,raw_car_telemetry,22583,159.0,240.0,400.0,481.0,1361.0,4.166666666666667,0,0,SOURCE_GAP_TOO_LARGE
2025-singapore-grand-prix-r,2025,Singapore Grand Prix,HAD,6,raw_location_telemetry,23109,19.0,240.0,380.0,517.7400000000052,1380.0,4.166666666666667,0,0,SOURCE_GAP_TOO_LARGE
2025-singapore-grand-prix-r,2025,Singapore Grand Prix,HAM,44,raw_car_telemetry,22825,159.0,240.0,400.0,481.0,1361.0,4.166666666666667,0,0,SOURCE_GAP_TOO_LARGE
2025-singapore-grand-prix-r,2025,Singapore Grand Prix,HAM,44,raw_location_telemetry,23347,19.0,240.0,380.0,519.0,1380.0,4.166666666666667,0,0,SOURCE_GAP_TOO_LARGE
2025-singapore-grand-prix-r,2025,Singapore Grand Prix,HUL,27,raw_car_telemetry,22706,159.0,240.0,400.0,481.0,1361.0,4.166666666666667,0,0,SOURCE_GAP_TOO_LARGE
2025-singapore-grand-prix-r,2025,Singapore Grand Prix,HUL,27,raw_location_telemetry,23224,19.0,240.0,380.0,519.7799999999988,1380.0,4.166666666666667,0,0,SOURCE_GAP_TOO_LARGE
2025-singapore-grand-prix-r,2025,Singapore Grand Prix,LAW,30,raw_car_telemetry,22621,159.0,240.0,400.0,481.0,1361.0,4.166666666666667,0,0,SOURCE_GAP_TOO_LARGE
2025-singapore-grand-prix-r,2025,Singapore Grand Prix,LAW,30,raw_location_telemetry,23139,19.0,240.0,380.0,519.0,1380.0,4.166666666666667,0,0,SOURCE_GAP_TOO_LARGE
2025-singapore-grand-prix-r,2025,Singapore Grand Prix,LEC,16,raw_car_telemetry,22695,159.0,240.0,400.0,481.0,1361.0,4.166666666666667,0,0,SOURCE_GAP_TOO_LARGE
2025-singapore-grand-prix-r,2025,Singapore Grand Prix,LEC,16,raw_location_telemetry,23211,19.0,240.0,380.0,519.9099999999999,1380.0,4.166666666666667,0,0,SOURCE_GAP_TOO_LARGE
2025-singapore-grand-prix-r,2025,Singapore Grand Prix,NOR,4,raw_car_telemetry,22538,159.0,240.0,400.0,481.0,1361.0,4.166666666666667,0,0,SOURCE_GAP_TOO_LARGE
2025-singapore-grand-prix-r,2025,Singapore Grand Prix,NOR,4,raw_location_telemetry,23068,19.0,240.0,380.0,519.0,1380.0,4.166666666666667,0,0,SOURCE_GAP_TOO_LARGE
2025-singapore-grand-prix-r,2025,Singapore Grand Prix,OCO,31,raw_car_telemetry,22700,159.0,240.0,400.0,481.0,1361.0,4.166666666666667,0,0,SOURCE_GAP_TOO_LARGE
2025-singapore-grand-prix-r,2025,Singapore Grand Prix,OCO,31,raw_location_telemetry,23216,19.0,240.0,380.0,519.8600000000006,1380.0,4.166666666666667,0,0,SOURCE_GAP_TOO_LARGE
2025-singapore-grand-prix-r,2025,Singapore Grand Prix,PIA,81,raw_car_telemetry,22547,159.0,240.0,400.0,481.0,1361.0,4.166666666666667,0,0,SOURCE_GAP_TOO_LARGE
2025-singapore-grand-prix-r,2025,Singapore Grand Prix,PIA,81,raw_location_telemetry,23075,19.0,240.0,380.0,519.0,1380.0,4.166666666666667,0,0,SOURCE_GAP_TOO_LARGE
2025-singapore-grand-prix-r,2025,Singapore Grand Prix,RUS,63,raw_car_telemetry,22515,159.0,240.0,400.0,481.0,1361.0,4.166666666666667,0,0,SOURCE_GAP_TOO_LARGE
2025-singapore-grand-prix-r,2025,Singapore Grand Prix,RUS,63,raw_location_telemetry,23046,19.0,240.0,380.0,511.0800000000236,1380.0,4.166666666666667,0,0,SOURCE_GAP_TOO_LARGE
2025-singapore-grand-prix-r,2025,Singapore Grand Prix,SAI,55,raw_car_telemetry,22558,159.0,240.0,400.0,481.0,1361.0,4.166666666666667,0,0,SOURCE_GAP_TOO_LARGE
2025-singapore-grand-prix-r,2025,Singapore Grand Prix,SAI,55,raw_location_telemetry,23084,19.0,240.0,380.0,519.0,1380.0,4.166666666666667,0,0,SOURCE_GAP_TOO_LARGE
2025-singapore-grand-prix-r,2025,Singapore Grand Prix,STR,18,raw_car_telemetry,22612,159.0,240.0,400.0,481.0,1361.0,4.166666666666667,0,0,SOURCE_GAP_TOO_LARGE
2025-singapore-grand-prix-r,2025,Singapore Grand Prix,STR,18,raw_location_telemetry,23132,19.0,240.0,380.0,513.6000000000131,1380.0,4.166666666666667,0,0,SOURCE_GAP_TOO_LARGE
2025-singapore-grand-prix-r,2025,Singapore Grand Prix,TSU,22,raw_car_telemetry,22591,159.0,240.0,400.0,481.0,1361.0,4.166666666666667,0,0,SOURCE_GAP_TOO_LARGE
2025-singapore-grand-prix-r,2025,Singapore Grand Prix,TSU,22,raw_location_telemetry,23115,19.0,240.0,380.0,516.6599999999817,1380.0,4.166666666666667,0,0,SOURCE_GAP_TOO_LARGE
2025-singapore-grand-prix-r,2025,Singapore Grand Prix,VER,1,raw_car_telemetry,22535,159.0,240.0,400.0,481.0,1361.0,4.166666666666667,0,0,SOURCE_GAP_TOO_LARGE
2025-singapore-grand-prix-r,2025,Singapore Grand Prix,VER,1,raw_location_telemetry,23066,19.0,240.0,380.0,519.0,1380.0,4.166666666666667,0,0,SOURCE_GAP_TOO_LARGE
2025-united-states-grand-prix-r,2025,United States Grand Prix,ALB,23,raw_car_telemetry,21084,159.0,240.0,400.0,520.1800000000003,1441.0,4.166666666666667,0,0,SOURCE_GAP_TOO_LARGE
2025-united-states-grand-prix-r,2025,United States Grand Prix,ALB,23,raw_location_telemetry,22001,20.0,240.0,380.0,520.0,1500.0,4.166666666666667,0,0,SOURCE_GAP_TOO_LARGE
2025-united-states-grand-prix-r,2025,United States Grand Prix,ALO,14,raw_car_telemetry,21046,159.0,240.0,400.0,520.5600000000013,1441.0,4.166666666666667,0,0,SOURCE_GAP_TOO_LARGE
2025-united-states-grand-prix-r,2025,United States Grand Prix,ALO,14,raw_location_telemetry,21959,20.0,240.0,380.0,520.0,1500.0,4.166666666666667,0,0,SOURCE_GAP_TOO_LARGE
2025-united-states-grand-prix-r,2025,United States Grand Prix,ANT,12,raw_car_telemetry,21068,159.0,240.0,400.0,520.3400000000001,1441.0,4.166666666666667,0,0,SOURCE_GAP_TOO_LARGE
2025-united-states-grand-prix-r,2025,United States Grand Prix,ANT,12,raw_location_telemetry,21983,20.0,240.0,380.0,520.0,1500.0,4.166666666666667,0,0,SOURCE_GAP_TOO_LARGE
2025-united-states-grand-prix-r,2025,United States Grand Prix,BEA,87,raw_car_telemetry,21025,159.0,240.0,400.0,520.7700000000004,1441.0,4.166666666666667,0,0,SOURCE_GAP_TOO_LARGE
2025-united-states-grand-prix-r,2025,United States Grand Prix,BEA,87,raw_location_telemetry,21935,20.0,240.0,380.0,520.0,1500.0,4.166666666666667,0,0,SOURCE_GAP_TOO_LARGE
2025-united-states-grand-prix-r,2025,United States Grand Prix,BOR,5,raw_car_telemetry,20803,159.0,240.0,400.0,520.0,1441.0,4.166666666666667,0,0,SOURCE_GAP_TOO_LARGE
2025-united-states-grand-prix-r,2025,United States Grand Prix,BOR,5,raw_location_telemetry,21699,20.0,240.0,380.0,520.0,1500.0,4.166666666666667,0,0,SOURCE_GAP_TOO_LARGE
2025-united-states-grand-prix-r,2025,United States Grand Prix,COL,43,raw_car_telemetry,20797,159.0,240.0,400.0,520.0499999999993,1441.0,4.166666666666667,0,0,SOURCE_GAP_TOO_LARGE
2025-united-states-grand-prix-r,2025,United States Grand Prix,COL,43,raw_location_telemetry,21694,20.0,240.0,380.0,520.0,1500.0,4.166666666666667,0,0,SOURCE_GAP_TOO_LARGE
2025-united-states-grand-prix-r,2025,United States Grand Prix,GAS,10,raw_car_telemetry,20813,159.0,240.0,400.0,520.0,1441.0,4.166666666666667,0,0,SOURCE_GAP_TOO_LARGE
2025-united-states-grand-prix-r,2025,United States Grand Prix,GAS,10,raw_location_telemetry,21710,20.0,240.0,380.0,520.0,1500.0,4.166666666666667,0,0,SOURCE_GAP_TOO_LARGE
2025-united-states-grand-prix-r,2025,United States Grand Prix,HAD,6,raw_car_telemetry,21134,159.0,240.0,400.0,520.0,1441.0,4.166666666666667,0,0,SOURCE_GAP_TOO_LARGE
2025-united-states-grand-prix-r,2025,United States Grand Prix,HAD,6,raw_location_telemetry,22052,20.0,240.0,380.0,520.0,1500.0,4.166666666666667,0,0,SOURCE_GAP_TOO_LARGE
2025-united-states-grand-prix-r,2025,United States Grand Prix,HAM,44,raw_car_telemetry,20894,159.0,240.0,400.0,520.0799999999981,1441.0,4.166666666666667,0,0,SOURCE_GAP_TOO_LARGE
2025-united-states-grand-prix-r,2025,United States Grand Prix,HAM,44,raw_location_telemetry,21793,20.0,240.0,380.0,520.0,1500.0,4.166666666666667,0,0,SOURCE_GAP_TOO_LARGE
2025-united-states-grand-prix-r,2025,United States Grand Prix,HUL,27,raw_car_telemetry,20999,159.0,240.0,400.0,520.0299999999988,1441.0,4.166666666666667,0,0,SOURCE_GAP_TOO_LARGE
2025-united-states-grand-prix-r,2025,United States Grand Prix,HUL,27,raw_location_telemetry,21908,20.0,240.0,380.0,520.0,1500.0,4.166666666666667,0,0,SOURCE_GAP_TOO_LARGE
2025-united-states-grand-prix-r,2025,United States Grand Prix,LAW,30,raw_car_telemetry,21060,159.0,240.0,400.0,520.4199999999983,1441.0,4.166666666666667,0,0,SOURCE_GAP_TOO_LARGE
2025-united-states-grand-prix-r,2025,United States Grand Prix,LAW,30,raw_location_telemetry,21973,20.0,240.0,380.0,520.0,1500.0,4.166666666666667,0,0,SOURCE_GAP_TOO_LARGE
2025-united-states-grand-prix-r,2025,United States Grand Prix,LEC,16,raw_car_telemetry,20848,159.0,240.0,400.0,520.5400000000009,1441.0,4.166666666666667,0,0,SOURCE_GAP_TOO_LARGE
2025-united-states-grand-prix-r,2025,United States Grand Prix,LEC,16,raw_location_telemetry,21746,20.0,240.0,380.0,520.0,1500.0,4.166666666666667,0,0,SOURCE_GAP_TOO_LARGE
2025-united-states-grand-prix-r,2025,United States Grand Prix,NOR,4,raw_car_telemetry,20819,159.0,240.0,400.0,520.0,1441.0,4.166666666666667,0,0,SOURCE_GAP_TOO_LARGE
2025-united-states-grand-prix-r,2025,United States Grand Prix,NOR,4,raw_location_telemetry,21718,20.0,240.0,380.0,520.0,1500.0,4.166666666666667,0,0,SOURCE_GAP_TOO_LARGE
2025-united-states-grand-prix-r,2025,United States Grand Prix,OCO,31,raw_car_telemetry,21094,159.0,240.0,400.0,520.0799999999981,1441.0,4.166666666666667,0,0,SOURCE_GAP_TOO_LARGE
2025-united-states-grand-prix-r,2025,United States Grand Prix,OCO,31,raw_location_telemetry,22012,20.0,240.0,380.0,520.0,1500.0,4.166666666666667,0,0,SOURCE_GAP_TOO_LARGE
2025-united-states-grand-prix-r,2025,United States Grand Prix,PIA,81,raw_car_telemetry,20899,159.0,240.0,400.0,520.0299999999988,1441.0,4.166666666666667,0,0,SOURCE_GAP_TOO_LARGE
2025-united-states-grand-prix-r,2025,United States Grand Prix,PIA,81,raw_location_telemetry,21798,20.0,240.0,380.0,520.0,1500.0,4.166666666666667,0,0,SOURCE_GAP_TOO_LARGE
2025-united-states-grand-prix-r,2025,United States Grand Prix,RUS,63,raw_car_telemetry,20914,159.0,240.0,400.0,520.0,1441.0,4.166666666666667,0,0,SOURCE_GAP_TOO_LARGE
2025-united-states-grand-prix-r,2025,United States Grand Prix,RUS,63,raw_location_telemetry,21815,20.0,240.0,380.0,520.0,1500.0,4.166666666666667,0,0,SOURCE_GAP_TOO_LARGE
2025-united-states-grand-prix-r,2025,United States Grand Prix,SAI,55,raw_car_telemetry,2460,159.0,240.0,400.0,480.4200000000001,1320.0,4.166666666666667,0,0,SOURCE_GAP_TOO_LARGE
2025-united-states-grand-prix-r,2025,United States Grand Prix,SAI,55,raw_location_telemetry,2544,20.0,240.0,380.0,500.0,1101.0,4.166666666666667,0,0,SOURCE_GAP_TOO_LARGE
2025-united-states-grand-prix-r,2025,United States Grand Prix,STR,18,raw_car_telemetry,21065,159.0,240.0,400.0,520.369999999999,1441.0,4.166666666666667,0,0,SOURCE_GAP_TOO_LARGE
2025-united-states-grand-prix-r,2025,United States Grand Prix,STR,18,raw_location_telemetry,21979,20.0,240.0,380.0,520.0,1500.0,4.166666666666667,0,0,SOURCE_GAP_TOO_LARGE
2025-united-states-grand-prix-r,2025,United States Grand Prix,TSU,22,raw_car_telemetry,20980,159.0,240.0,400.0,520.2200000000012,1441.0,4.166666666666667,0,0,SOURCE_GAP_TOO_LARGE
2025-united-states-grand-prix-r,2025,United States Grand Prix,TSU,22,raw_location_telemetry,21888,20.0,240.0,380.0,520.0,1500.0,4.166666666666667,0,0,SOURCE_GAP_TOO_LARGE
2025-united-states-grand-prix-r,2025,United States Grand Prix,VER,1,raw_car_telemetry,20790,159.0,240.0,400.0,520.119999999999,1441.0,4.166666666666667,0,0,SOURCE_GAP_TOO_LARGE
2025-united-states-grand-prix-r,2025,United States Grand Prix,VER,1,raw_location_telemetry,21684,20.0,240.0,380.0,520.0,1500.0,4.166666666666667,0,0,SOURCE_GAP_TOO_LARGE
2025-mexico-city-grand-prix-r,2025,Mexico City Grand Prix,ALB,23,raw_car_telemetry,21825,159.0,240.0,400.0,520.7700000000004,1439.0,4.166666666666667,0,0,SOURCE_GAP_TOO_LARGE
2025-mexico-city-grand-prix-r,2025,Mexico City Grand Prix,ALB,23,raw_location_telemetry,22279,20.0,240.0,380.0,540.0,1300.0,4.166666666666667,0,0,SOURCE_GAP_TOO_LARGE
2025-mexico-city-grand-prix-r,2025,Mexico City Grand Prix,ALO,14,raw_car_telemetry,10674,159.0,240.0,400.0,611.4800000000268,1320.0,4.166666666666667,0,0,SOURCE_GAP_TOO_LARGE
2025-mexico-city-grand-prix-r,2025,Mexico City Grand Prix,ALO,14,raw_location_telemetry,10931,20.0,240.0,380.0,568.689999999966,1241.0,4.166666666666667,0,0,SOURCE_GAP_TOO_LARGE
2025-mexico-city-grand-prix-r,2025,Mexico City Grand Prix,ANT,12,raw_car_telemetry,21984,159.0,240.0,400.0,528.0200000000114,1439.0,4.166666666666667,0,0,SOURCE_GAP_TOO_LARGE
2025-mexico-city-grand-prix-r,2025,Mexico City Grand Prix,ANT,12,raw_location_telemetry,22451,20.0,240.0,380.0,530.6899999999696,1300.0,4.166666666666667,0,0,SOURCE_GAP_TOO_LARGE
2025-mexico-city-grand-prix-r,2025,Mexico City Grand Prix,BEA,87,raw_car_telemetry,21961,159.0,240.0,400.0,536.9899999999943,1439.0,4.166666666666667,0,0,SOURCE_GAP_TOO_LARGE
2025-mexico-city-grand-prix-r,2025,Mexico City Grand Prix,BEA,87,raw_location_telemetry,22426,20.0,240.0,380.0,535.4399999999696,1300.0,4.166666666666667,0,0,SOURCE_GAP_TOO_LARGE
2025-mexico-city-grand-prix-r,2025,Mexico City Grand Prix,BOR,5,raw_car_telemetry,22095,159.0,240.0,400.0,520.0699999999997,1439.0,4.166666666666667,0,0,SOURCE_GAP_TOO_LARGE
2025-mexico-city-grand-prix-r,2025,Mexico City Grand Prix,BOR,5,raw_location_telemetry,22566,20.0,240.0,380.0,521.0,1300.0,4.166666666666667,0,0,SOURCE_GAP_TOO_LARGE
2025-mexico-city-grand-prix-r,2025,Mexico City Grand Prix,COL,43,raw_car_telemetry,21972,159.0,240.0,400.0,532.6999999999716,1439.0,4.166666666666667,0,0,SOURCE_GAP_TOO_LARGE
2025-mexico-city-grand-prix-r,2025,Mexico City Grand Prix,COL,43,raw_location_telemetry,22439,20.0,240.0,380.0,532.9700000000194,1300.0,4.166666666666667,0,0,SOURCE_GAP_TOO_LARGE
2025-mexico-city-grand-prix-r,2025,Mexico City Grand Prix,GAS,10,raw_car_telemetry,21971,159.0,240.0,400.0,533.0900000000511,1439.0,4.166666666666667,0,0,SOURCE_GAP_TOO_LARGE
2025-mexico-city-grand-prix-r,2025,Mexico City Grand Prix,GAS,10,raw_location_telemetry,22437,20.0,240.0,380.0,533.3500000000276,1300.0,4.166666666666667,0,0,SOURCE_GAP_TOO_LARGE
2025-mexico-city-grand-prix-r,2025,Mexico City Grand Prix,HAD,6,raw_car_telemetry,21842,159.0,240.0,400.0,520.5999999999985,1439.0,4.166666666666667,0,0,SOURCE_GAP_TOO_LARGE
2025-mexico-city-grand-prix-r,2025,Mexico City Grand Prix,HAD,6,raw_location_telemetry,22295,20.0,240.0,380.0,540.0,1300.0,4.166666666666667,0,0,SOURCE_GAP_TOO_LARGE
2025-mexico-city-grand-prix-r,2025,Mexico City Grand Prix,HAM,44,raw_car_telemetry,22019,159.0,240.0,400.0,520.8299999999981,1439.0,4.166666666666667,0,0,SOURCE_GAP_TOO_LARGE
2025-mexico-city-grand-prix-r,2025,Mexico City Grand Prix,HAM,44,raw_location_telemetry,22487,20.0,240.0,380.0,523.8500000000276,1300.0,4.166666666666667,0,0,SOURCE_GAP_TOO_LARGE
2025-mexico-city-grand-prix-r,2025,Mexico City Grand Prix,HUL,27,raw_car_telemetry,7870,159.0,240.0,400.0,572.7999999999884,1240.0,4.166666666666667,0,0,SOURCE_GAP_TOO_LARGE
2025-mexico-city-grand-prix-r,2025,Mexico City Grand Prix,HUL,27,raw_location_telemetry,8061,20.0,240.0,380.0,540.0,1241.0,4.166666666666667,0,0,SOURCE_GAP_TOO_LARGE
2025-mexico-city-grand-prix-r,2025,Mexico City Grand Prix,LAW,30,raw_car_telemetry,1793,159.0,240.0,400.0,484.5099999999968,1160.0,4.166666666666667,0,0,SOURCE_GAP_TOO_LARGE
2025-mexico-city-grand-prix-r,2025,Mexico City Grand Prix,LAW,30,raw_location_telemetry,1815,20.0,260.0,400.0,500.0,980.0,3.8461538461538463,0,0,
2025-mexico-city-grand-prix-r,2025,Mexico City Grand Prix,LEC,16,raw_car_telemetry,21925,159.0,240.0,400.0,520.7700000000004,1439.0,4.166666666666667,0,0,SOURCE_GAP_TOO_LARGE
2025-mexico-city-grand-prix-r,2025,Mexico City Grand Prix,LEC,16,raw_location_telemetry,22384,20.0,240.0,380.0,540.0,1300.0,4.166666666666667,0,0,SOURCE_GAP_TOO_LARGE
2025-mexico-city-grand-prix-r,2025,Mexico City Grand Prix,NOR,4,raw_car_telemetry,21817,159.0,240.0,400.0,520.8499999999985,1439.0,4.166666666666667,0,0,SOURCE_GAP_TOO_LARGE
2025-mexico-city-grand-prix-r,2025,Mexico City Grand Prix,NOR,4,raw_location_telemetry,22270,20.0,240.0,380.0,540.0,1300.0,4.166666666666667,0,0,SOURCE_GAP_TOO_LARGE
2025-mexico-city-grand-prix-r,2025,Mexico City Grand Prix,OCO,31,raw_car_telemetry,22090,159.0,240.0,400.0,520.119999999999,1439.0,4.166666666666667,0,0,SOURCE_GAP_TOO_LARGE
2025-mexico-city-grand-prix-r,2025,Mexico City Grand Prix,OCO,31,raw_location_telemetry,22560,20.0,240.0,380.0,521.0,1300.0,4.166666666666667,0,0,SOURCE_GAP_TOO_LARGE
2025-mexico-city-grand-prix-r,2025,Mexico City Grand Prix,PIA,81,raw_car_telemetry,21964,159.0,240.0,400.0,535.8200000000397,1439.0,4.166666666666667,0,0,SOURCE_GAP_TOO_LARGE
2025-mexico-city-grand-prix-r,2025,Mexico City Grand Prix,PIA,81,raw_location_telemetry,22430,20.0,240.0,380.0,534.6800000000221,1300.0,4.166666666666667,0,0,SOURCE_GAP_TOO_LARGE
2025-mexico-city-grand-prix-r,2025,Mexico City Grand Prix,RUS,63,raw_car_telemetry,21995,159.0,240.0,400.0,523.7299999999886,1439.0,4.166666666666667,0,0,SOURCE_GAP_TOO_LARGE
2025-mexico-city-grand-prix-r,2025,Mexico City Grand Prix,RUS,63,raw_location_telemetry,22461,20.0,240.0,380.0,528.7899999999972,1300.0,4.166666666666667,0,0,SOURCE_GAP_TOO_LARGE
2025-mexico-city-grand-prix-r,2025,Mexico City Grand Prix,SAI,55,raw_car_telemetry,21391,159.0,240.0,400.0,520.1100000000006,1439.0,4.166666666666667,0,0,SOURCE_GAP_TOO_LARGE
2025-mexico-city-grand-prix-r,2025,Mexico City Grand Prix,SAI,55,raw_location_telemetry,21832,20.0,240.0,380.0,534.3000000000138,1300.0,4.166666666666667,0,0,SOURCE_GAP_TOO_LARGE
2025-mexico-city-grand-prix-r,2025,Mexico City Grand Prix,STR,18,raw_car_telemetry,21844,159.0,240.0,400.0,520.5799999999981,1439.0,4.166666666666667,0,0,SOURCE_GAP_TOO_LARGE
2025-mexico-city-grand-prix-r,2025,Mexico City Grand Prix,STR,18,raw_location_telemetry,22296,20.0,240.0,380.0,540.0,1300.0,4.166666666666667,0,0,SOURCE_GAP_TOO_LARGE
2025-mexico-city-grand-prix-r,2025,Mexico City Grand Prix,TSU,22,raw_car_telemetry,22103,159.0,240.0,400.0,520.0,1439.0,4.166666666666667,0,0,SOURCE_GAP_TOO_LARGE
2025-mexico-city-grand-prix-r,2025,Mexico City Grand Prix,TSU,22,raw_location_telemetry,22574,20.0,240.0,380.0,521.0,1300.0,4.166666666666667,0,0,SOURCE_GAP_TOO_LARGE
2025-mexico-city-grand-prix-r,2025,Mexico City Grand Prix,VER,1,raw_car_telemetry,21928,159.0,240.0,400.0,520.7400000000016,1439.0,4.166666666666667,0,0,SOURCE_GAP_TOO_LARGE
2025-mexico-city-grand-prix-r,2025,Mexico City Grand Prix,VER,1,raw_location_telemetry,22387,20.0,240.0,380.0,540.0,1300.0,4.166666666666667,0,0,SOURCE_GAP_TOO_LARGE
2025-s-o-paulo-grand-prix-r,2025,São Paulo Grand Prix,ALB,23,raw_car_telemetry,20964,152.0,240.0,400.0,519.0,1240.0,4.166666666666667,0,0,SOURCE_GAP_TOO_LARGE
2025-s-o-paulo-grand-prix-r,2025,São Paulo Grand Prix,ALB,23,raw_location_telemetry,21121,20.0,240.0,380.0,520.0,1320.0,4.166666666666667,0,0,SOURCE_GAP_TOO_LARGE
2025-s-o-paulo-grand-prix-r,2025,São Paulo Grand Prix,ALO,14,raw_car_telemetry,20969,152.0,240.0,400.0,519.0,1240.0,4.166666666666667,0,0,SOURCE_GAP_TOO_LARGE
2025-s-o-paulo-grand-prix-r,2025,São Paulo Grand Prix,ALO,14,raw_location_telemetry,21126,20.0,240.0,380.0,520.0,1320.0,4.166666666666667,0,0,SOURCE_GAP_TOO_LARGE
2025-s-o-paulo-grand-prix-r,2025,São Paulo Grand Prix,ANT,12,raw_car_telemetry,20805,152.0,240.0,400.0,517.8600000000442,1240.0,4.166666666666667,0,0,SOURCE_GAP_TOO_LARGE
2025-s-o-paulo-grand-prix-r,2025,São Paulo Grand Prix,ANT,12,raw_location_telemetry,20962,20.0,240.0,380.0,520.0,1320.0,4.166666666666667,0,0,SOURCE_GAP_TOO_LARGE
2025-s-o-paulo-grand-prix-r,2025,São Paulo Grand Prix,BEA,87,raw_car_telemetry,20872,152.0,240.0,400.0,519.0,1240.0,4.166666666666667,0,0,SOURCE_GAP_TOO_LARGE
2025-s-o-paulo-grand-prix-r,2025,São Paulo Grand Prix,BEA,87,raw_location_telemetry,21029,20.0,240.0,380.0,520.0,1320.0,4.166666666666667,0,0,SOURCE_GAP_TOO_LARGE
2025-s-o-paulo-grand-prix-r,2025,São Paulo Grand Prix,BOR,5,raw_car_telemetry,295,159.0,240.0,400.0,520.0699999999999,960.0,4.166666666666667,0,0,
2025-s-o-paulo-grand-prix-r,2025,São Paulo Grand Prix,BOR,5,raw_location_telemetry,308,20.0,240.0,360.0,500.0,681.0,4.166666666666667,0,0,
2025-s-o-paulo-grand-prix-r,2025,São Paulo Grand Prix,COL,43,raw_car_telemetry,20977,152.0,240.0,400.0,519.0,1240.0,4.166666666666667,0,0,SOURCE_GAP_TOO_LARGE
2025-s-o-paulo-grand-prix-r,2025,São Paulo Grand Prix,COL,43,raw_location_telemetry,21134,20.0,240.0,380.0,520.0,1320.0,4.166666666666667,0,0,SOURCE_GAP_TOO_LARGE
2025-s-o-paulo-grand-prix-r,2025,São Paulo Grand Prix,GAS,10,raw_car_telemetry,20963,152.0,240.0,400.0,519.0,1240.0,4.166666666666667,0,0,SOURCE_GAP_TOO_LARGE
2025-s-o-paulo-grand-prix-r,2025,São Paulo Grand Prix,GAS,10,raw_location_telemetry,21120,20.0,240.0,380.0,520.0,1320.0,4.166666666666667,0,0,SOURCE_GAP_TOO_LARGE
2025-s-o-paulo-grand-prix-r,2025,São Paulo Grand Prix,HAD,6,raw_car_telemetry,20959,152.0,240.0,400.0,519.0,1240.0,4.166666666666667,0,0,SOURCE_GAP_TOO_LARGE
2025-s-o-paulo-grand-prix-r,2025,São Paulo Grand Prix,HAD,6,raw_location_telemetry,21116,20.0,240.0,380.0,520.0,1320.0,4.166666666666667,0,0,SOURCE_GAP_TOO_LARGE
2025-s-o-paulo-grand-prix-r,2025,São Paulo Grand Prix,HAM,44,raw_car_telemetry,11482,152.0,240.0,400.0,519.0,1240.0,4.166666666666667,0,0,SOURCE_GAP_TOO_LARGE
2025-s-o-paulo-grand-prix-r,2025,São Paulo Grand Prix,HAM,44,raw_location_telemetry,11619,20.0,240.0,380.0,520.0,1320.0,4.166666666666667,0,0,SOURCE_GAP_TOO_LARGE
2025-s-o-paulo-grand-prix-r,2025,São Paulo Grand Prix,HUL,27,raw_car_telemetry,20961,152.0,240.0,400.0,519.0,1240.0,4.166666666666667,0,0,SOURCE_GAP_TOO_LARGE
2025-s-o-paulo-grand-prix-r,2025,São Paulo Grand Prix,HUL,27,raw_location_telemetry,21118,20.0,240.0,380.0,520.0,1320.0,4.166666666666667,0,0,SOURCE_GAP_TOO_LARGE
2025-s-o-paulo-grand-prix-r,2025,São Paulo Grand Prix,LAW,30,raw_car_telemetry,20959,152.0,240.0,400.0,519.0,1240.0,4.166666666666667,0,0,SOURCE_GAP_TOO_LARGE
2025-s-o-paulo-grand-prix-r,2025,São Paulo Grand Prix,LAW,30,raw_location_telemetry,21115,20.0,240.0,380.0,520.0,1320.0,4.166666666666667,0,0,SOURCE_GAP_TOO_LARGE
2025-s-o-paulo-grand-prix-r,2025,São Paulo Grand Prix,LEC,16,raw_car_telemetry,2535,159.0,240.0,400.0,520.6700000000001,1240.0,4.166666666666667,0,0,SOURCE_GAP_TOO_LARGE
2025-s-o-paulo-grand-prix-r,2025,São Paulo Grand Prix,LEC,16,raw_location_telemetry,2575,20.0,240.5,380.0,525.1299999999997,1280.0,4.158004158004158,0,0,SOURCE_GAP_TOO_LARGE
2025-s-o-paulo-grand-prix-r,2025,São Paulo Grand Prix,NOR,4,raw_car_telemetry,20767,152.0,240.0,400.0,494.2999999999447,1240.0,4.166666666666667,0,0,SOURCE_GAP_TOO_LARGE
2025-s-o-paulo-grand-prix-r,2025,São Paulo Grand Prix,NOR,4,raw_location_telemetry,20920,20.0,240.0,380.0,520.0,1320.0,4.166666666666667,0,0,SOURCE_GAP_TOO_LARGE
2025-s-o-paulo-grand-prix-r,2025,São Paulo Grand Prix,OCO,31,raw_car_telemetry,20965,152.0,240.0,400.0,519.0,1240.0,4.166666666666667,0,0,SOURCE_GAP_TOO_LARGE
2025-s-o-paulo-grand-prix-r,2025,São Paulo Grand Prix,OCO,31,raw_location_telemetry,21123,20.0,240.0,380.0,520.0,1320.0,4.166666666666667,0,0,SOURCE_GAP_TOO_LARGE
2025-s-o-paulo-grand-prix-r,2025,São Paulo Grand Prix,PIA,81,raw_car_telemetry,20822,152.0,240.0,400.0,511.39999999997235,1240.0,4.166666666666667,0,0,SOURCE_GAP_TOO_LARGE
2025-s-o-paulo-grand-prix-r,2025,São Paulo Grand Prix,PIA,81,raw_location_telemetry,20980,20.0,240.0,380.0,520.0,1320.0,4.166666666666667,0,0,SOURCE_GAP_TOO_LARGE
2025-s-o-paulo-grand-prix-r,2025,São Paulo Grand Prix,RUS,63,raw_car_telemetry,20822,152.0,240.0,400.0,511.39999999997235,1240.0,4.166666666666667,0,0,SOURCE_GAP_TOO_LARGE
2025-s-o-paulo-grand-prix-r,2025,São Paulo Grand Prix,RUS,63,raw_location_telemetry,20980,20.0,240.0,380.0,520.0,1320.0,4.166666666666667,0,0,SOURCE_GAP_TOO_LARGE
2025-s-o-paulo-grand-prix-r,2025,São Paulo Grand Prix,SAI,55,raw_car_telemetry,20968,152.0,240.0,400.0,519.0,1240.0,4.166666666666667,0,0,SOURCE_GAP_TOO_LARGE
2025-s-o-paulo-grand-prix-r,2025,São Paulo Grand Prix,SAI,55,raw_location_telemetry,21126,20.0,240.0,380.0,520.0,1320.0,4.166666666666667,0,0,SOURCE_GAP_TOO_LARGE
2025-s-o-paulo-grand-prix-r,2025,São Paulo Grand Prix,STR,18,raw_car_telemetry,20980,152.0,240.0,400.0,519.0,1240.0,4.166666666666667,0,0,SOURCE_GAP_TOO_LARGE
2025-s-o-paulo-grand-prix-r,2025,São Paulo Grand Prix,STR,18,raw_location_telemetry,21135,20.0,240.0,380.0,520.0,1320.0,4.166666666666667,0,0,SOURCE_GAP_TOO_LARGE
2025-s-o-paulo-grand-prix-r,2025,São Paulo Grand Prix,TSU,22,raw_car_telemetry,21019,152.0,240.0,400.0,519.0,1240.0,4.166666666666667,0,0,SOURCE_GAP_TOO_LARGE
2025-s-o-paulo-grand-prix-r,2025,São Paulo Grand Prix,TSU,22,raw_location_telemetry,21175,20.0,240.0,380.0,520.0,1320.0,4.166666666666667,0,0,SOURCE_GAP_TOO_LARGE
2025-s-o-paulo-grand-prix-r,2025,São Paulo Grand Prix,VER,1,raw_car_telemetry,20806,152.0,240.0,400.0,517.4799999999668,1240.0,4.166666666666667,0,0,SOURCE_GAP_TOO_LARGE
2025-s-o-paulo-grand-prix-r,2025,São Paulo Grand Prix,VER,1,raw_location_telemetry,20963,20.0,240.0,380.0,520.0,1320.0,4.166666666666667,0,0,SOURCE_GAP_TOO_LARGE
2025-las-vegas-grand-prix-r,2025,Las Vegas Grand Prix,ALB,23,raw_car_telemetry,13406,159.0,240.0,399.0,481.0,2040.0,4.166666666666667,0,0,SOURCE_GAP_TOO_LARGE
2025-las-vegas-grand-prix-r,2025,Las Vegas Grand Prix,ALB,23,raw_location_telemetry,13619,19.0,240.0,381.0,501.0,1739.0,4.166666666666667,0,0,SOURCE_GAP_TOO_LARGE
2025-las-vegas-grand-prix-r,2025,Las Vegas Grand Prix,ALO,14,raw_car_telemetry,18611,159.0,240.0,399.0,481.0,2040.0,4.166666666666667,0,0,SOURCE_GAP_TOO_LARGE
2025-las-vegas-grand-prix-r,2025,Las Vegas Grand Prix,ALO,14,raw_location_telemetry,18933,19.0,240.0,381.0,519.6899999999987,1739.0,4.166666666666667,0,0,SOURCE_GAP_TOO_LARGE
2025-las-vegas-grand-prix-r,2025,Las Vegas Grand Prix,ANT,12,raw_car_telemetry,18386,159.0,240.0,399.0,481.0,2040.0,4.166666666666667,0,0,SOURCE_GAP_TOO_LARGE
2025-las-vegas-grand-prix-r,2025,Las Vegas Grand Prix,ANT,12,raw_location_telemetry,18699,19.0,240.0,381.0,520.0,1739.0,4.166666666666667,0,0,SOURCE_GAP_TOO_LARGE
2025-las-vegas-grand-prix-r,2025,Las Vegas Grand Prix,BEA,87,raw_car_telemetry,18557,159.0,240.0,399.0,481.0,2040.0,4.166666666666667,0,0,SOURCE_GAP_TOO_LARGE
2025-las-vegas-grand-prix-r,2025,Las Vegas Grand Prix,BEA,87,raw_location_telemetry,18877,19.0,240.0,381.0,519.25,1739.0,4.166666666666667,0,0,SOURCE_GAP_TOO_LARGE
2025-las-vegas-grand-prix-r,2025,Las Vegas Grand Prix,BOR,5,raw_car_telemetry,1086,159.0,240.0,400.0,612.8000000000065,1360.0,4.166666666666667,0,0,SOURCE_GAP_TOO_LARGE
2025-las-vegas-grand-prix-r,2025,Las Vegas Grand Prix,BOR,5,raw_location_telemetry,1115,20.0,240.0,399.0,816.4699999999802,1141.0,4.166666666666667,0,0,SOURCE_GAP_TOO_LARGE
2025-las-vegas-grand-prix-r,2025,Las Vegas Grand Prix,COL,43,raw_car_telemetry,18331,159.0,240.0,399.0,481.0,2040.0,4.166666666666667,0,0,SOURCE_GAP_TOO_LARGE
2025-las-vegas-grand-prix-r,2025,Las Vegas Grand Prix,COL,43,raw_location_telemetry,18645,19.0,240.0,381.0,519.0,1739.0,4.166666666666667,0,0,SOURCE_GAP_TOO_LARGE
2025-las-vegas-grand-prix-r,2025,Las Vegas Grand Prix,GAS,10,raw_car_telemetry,18636,159.0,240.0,399.0,481.0,2040.0,4.166666666666667,0,0,SOURCE_GAP_TOO_LARGE
2025-las-vegas-grand-prix-r,2025,Las Vegas Grand Prix,GAS,10,raw_location_telemetry,18959,19.0,240.0,381.0,519.4300000000003,1739.0,4.166666666666667,0,0,SOURCE_GAP_TOO_LARGE
2025-las-vegas-grand-prix-r,2025,Las Vegas Grand Prix,HAD,6,raw_car_telemetry,18466,159.0,240.0,399.0,481.0,2040.0,4.166666666666667,0,0,SOURCE_GAP_TOO_LARGE
2025-las-vegas-grand-prix-r,2025,Las Vegas Grand Prix,HAD,6,raw_location_telemetry,18774,19.0,240.0,381.0,519.2799999999988,1739.0,4.166666666666667,0,0,SOURCE_GAP_TOO_LARGE
2025-las-vegas-grand-prix-r,2025,Las Vegas Grand Prix,HAM,44,raw_car_telemetry,18519,159.0,240.0,399.0,481.0,2040.0,4.166666666666667,0,0,SOURCE_GAP_TOO_LARGE
2025-las-vegas-grand-prix-r,2025,Las Vegas Grand Prix,HAM,44,raw_location_telemetry,18835,19.0,240.0,381.0,519.0,1739.0,4.166666666666667,0,0,SOURCE_GAP_TOO_LARGE
2025-las-vegas-grand-prix-r,2025,Las Vegas Grand Prix,HUL,27,raw_car_telemetry,18487,159.0,240.0,399.0,481.0,2040.0,4.166666666666667,0,0,SOURCE_GAP_TOO_LARGE
2025-las-vegas-grand-prix-r,2025,Las Vegas Grand Prix,HUL,27,raw_location_telemetry,18799,19.0,240.0,381.0,519.0299999999988,1739.0,4.166666666666667,0,0,SOURCE_GAP_TOO_LARGE
2025-las-vegas-grand-prix-r,2025,Las Vegas Grand Prix,LAW,30,raw_car_telemetry,18305,159.0,240.0,399.0,481.0,2040.0,4.166666666666667,0,0,SOURCE_GAP_TOO_LARGE
2025-las-vegas-grand-prix-r,2025,Las Vegas Grand Prix,LAW,30,raw_location_telemetry,18618,19.0,240.0,381.0,519.0,1739.0,4.166666666666667,0,0,SOURCE_GAP_TOO_LARGE
2025-las-vegas-grand-prix-r,2025,Las Vegas Grand Prix,LEC,16,raw_car_telemetry,18408,159.0,240.0,399.0,481.0,2040.0,4.166666666666667,0,0,SOURCE_GAP_TOO_LARGE
2025-las-vegas-grand-prix-r,2025,Las Vegas Grand Prix,LEC,16,raw_location_telemetry,18719,19.0,240.0,381.0,519.8299999999981,1739.0,4.166666666666667,0,0,SOURCE_GAP_TOO_LARGE
2025-las-vegas-grand-prix-r,2025,Las Vegas Grand Prix,NOR,4,raw_car_telemetry,18370,159.0,240.0,399.0,481.0,2040.0,4.166666666666667,0,0,SOURCE_GAP_TOO_LARGE
2025-las-vegas-grand-prix-r,2025,Las Vegas Grand Prix,NOR,4,raw_location_telemetry,18682,19.0,240.0,381.0,519.2000000000007,1739.0,4.166666666666667,0,0,SOURCE_GAP_TOO_LARGE
2025-las-vegas-grand-prix-r,2025,Las Vegas Grand Prix,OCO,31,raw_car_telemetry,18522,159.0,240.0,399.0,481.0,2040.0,4.166666666666667,0,0,SOURCE_GAP_TOO_LARGE
2025-las-vegas-grand-prix-r,2025,Las Vegas Grand Prix,OCO,31,raw_location_telemetry,18840,19.0,240.0,381.0,519.0,1739.0,4.166666666666667,0,0,SOURCE_GAP_TOO_LARGE
2025-las-vegas-grand-prix-r,2025,Las Vegas Grand Prix,PIA,81,raw_car_telemetry,18394,159.0,240.0,399.0,481.0,2040.0,4.166666666666667,0,0,SOURCE_GAP_TOO_LARGE
2025-las-vegas-grand-prix-r,2025,Las Vegas Grand Prix,PIA,81,raw_location_telemetry,18709,19.0,240.0,381.0,519.9300000000003,1739.0,4.166666666666667,0,0,SOURCE_GAP_TOO_LARGE
2025-las-vegas-grand-prix-r,2025,Las Vegas Grand Prix,RUS,63,raw_car_telemetry,18380,159.0,240.0,399.0,481.0,2040.0,4.166666666666667,0,0,SOURCE_GAP_TOO_LARGE
2025-las-vegas-grand-prix-r,2025,Las Vegas Grand Prix,RUS,63,raw_location_telemetry,18694,19.0,240.0,381.0,519.0799999999981,1739.0,4.166666666666667,0,0,SOURCE_GAP_TOO_LARGE
2025-las-vegas-grand-prix-r,2025,Las Vegas Grand Prix,SAI,55,raw_car_telemetry,18426,159.0,240.0,399.0,481.0,2040.0,4.166666666666667,0,0,SOURCE_GAP_TOO_LARGE
2025-las-vegas-grand-prix-r,2025,Las Vegas Grand Prix,SAI,55,raw_location_telemetry,18738,19.0,240.0,381.0,519.6399999999994,1739.0,4.166666666666667,0,0,SOURCE_GAP_TOO_LARGE
2025-las-vegas-grand-prix-r,2025,Las Vegas Grand Prix,STR,18,raw_car_telemetry,379,159.0,240.0,399.3,646.0000000000036,960.0,4.166666666666667,0,0,
2025-las-vegas-grand-prix-r,2025,Las Vegas Grand Prix,STR,18,raw_location_telemetry,393,20.0,241.0,380.90000000000003,860.0,1000.0,4.149377593360996,0,0,
2025-las-vegas-grand-prix-r,2025,Las Vegas Grand Prix,TSU,22,raw_car_telemetry,18618,159.0,240.0,399.0,481.0,2040.0,4.166666666666667,0,0,SOURCE_GAP_TOO_LARGE
2025-las-vegas-grand-prix-r,2025,Las Vegas Grand Prix,TSU,22,raw_location_telemetry,18940,19.0,240.0,381.0,519.619999999999,1739.0,4.166666666666667,0,0,SOURCE_GAP_TOO_LARGE
2025-las-vegas-grand-prix-r,2025,Las Vegas Grand Prix,VER,1,raw_car_telemetry,18293,159.0,240.0,399.0,481.0,2040.0,4.166666666666667,0,0,SOURCE_GAP_TOO_LARGE
2025-las-vegas-grand-prix-r,2025,Las Vegas Grand Prix,VER,1,raw_location_telemetry,18605,19.0,240.0,381.0,519.0,1739.0,4.166666666666667,0,0,SOURCE_GAP_TOO_LARGE
2025-qatar-grand-prix-r,2025,Qatar Grand Prix,ALB,23,raw_car_telemetry,18974,159.0,240.0,400.0,520.0,1360.0,4.166666666666667,0,0,SOURCE_GAP_TOO_LARGE
2025-qatar-grand-prix-r,2025,Qatar Grand Prix,ALB,23,raw_location_telemetry,19506,19.0,241.0,381.0,520.0,1299.0,4.149377593360996,0,0,SOURCE_GAP_TOO_LARGE
2025-qatar-grand-prix-r,2025,Qatar Grand Prix,ALO,14,raw_car_telemetry,18928,159.0,240.0,400.0,520.0,1360.0,4.166666666666667,0,0,SOURCE_GAP_TOO_LARGE
2025-qatar-grand-prix-r,2025,Qatar Grand Prix,ALO,14,raw_location_telemetry,19453,19.0,241.0,381.0,520.0,1299.0,4.149377593360996,0,0,SOURCE_GAP_TOO_LARGE
2025-qatar-grand-prix-r,2025,Qatar Grand Prix,ANT,12,raw_car_telemetry,18839,159.0,240.0,400.0,520.0,1360.0,4.166666666666667,0,0,SOURCE_GAP_TOO_LARGE
2025-qatar-grand-prix-r,2025,Qatar Grand Prix,ANT,12,raw_location_telemetry,19359,19.0,241.0,381.0,520.0,1299.0,4.149377593360996,0,0,SOURCE_GAP_TOO_LARGE
2025-qatar-grand-prix-r,2025,Qatar Grand Prix,BEA,87,raw_car_telemetry,14141,159.0,240.0,400.0,520.0,1360.0,4.166666666666667,0,0,SOURCE_GAP_TOO_LARGE
2025-qatar-grand-prix-r,2025,Qatar Grand Prix,BEA,87,raw_location_telemetry,14543,19.0,241.0,381.0,520.0,1299.0,4.149377593360996,0,0,SOURCE_GAP_TOO_LARGE
2025-qatar-grand-prix-r,2025,Qatar Grand Prix,BOR,5,raw_car_telemetry,19039,159.0,240.0,400.0,520.0,1360.0,4.166666666666667,0,0,SOURCE_GAP_TOO_LARGE
2025-qatar-grand-prix-r,2025,Qatar Grand Prix,BOR,5,raw_location_telemetry,19570,19.0,241.0,381.0,520.0,1299.0,4.149377593360996,0,0,SOURCE_GAP_TOO_LARGE
2025-qatar-grand-prix-r,2025,Qatar Grand Prix,COL,43,raw_car_telemetry,18751,159.0,240.0,400.0,520.0,1360.0,4.166666666666667,0,0,SOURCE_GAP_TOO_LARGE
2025-qatar-grand-prix-r,2025,Qatar Grand Prix,COL,43,raw_location_telemetry,19266,19.0,241.0,381.0,520.0,1299.0,4.149377593360996,0,0,SOURCE_GAP_TOO_LARGE
2025-qatar-grand-prix-r,2025,Qatar Grand Prix,GAS,10,raw_car_telemetry,18757,159.0,240.0,400.0,520.0,1360.0,4.166666666666667,0,0,SOURCE_GAP_TOO_LARGE
2025-qatar-grand-prix-r,2025,Qatar Grand Prix,GAS,10,raw_location_telemetry,19272,19.0,241.0,381.0,520.0,1299.0,4.149377593360996,0,0,SOURCE_GAP_TOO_LARGE
2025-qatar-grand-prix-r,2025,Qatar Grand Prix,HAD,6,raw_car_telemetry,18577,159.0,240.0,400.0,520.0,1360.0,4.166666666666667,0,0,SOURCE_GAP_TOO_LARGE
2025-qatar-grand-prix-r,2025,Qatar Grand Prix,HAD,6,raw_location_telemetry,19091,19.0,241.0,381.0,520.0,1299.0,4.149377593360996,0,0,SOURCE_GAP_TOO_LARGE
2025-qatar-grand-prix-r,2025,Qatar Grand Prix,HAM,44,raw_car_telemetry,19012,159.0,240.0,400.0,520.0,1360.0,4.166666666666667,0,0,SOURCE_GAP_TOO_LARGE
2025-qatar-grand-prix-r,2025,Qatar Grand Prix,HAM,44,raw_location_telemetry,19547,19.0,241.0,381.0,520.0,1299.0,4.149377593360996,0,0,SOURCE_GAP_TOO_LARGE
2025-qatar-grand-prix-r,2025,Qatar Grand Prix,HUL,27,raw_car_telemetry,2538,159.0,240.0,400.0,520.6399999999999,1320.0,4.166666666666667,0,0,SOURCE_GAP_TOO_LARGE
2025-qatar-grand-prix-r,2025,Qatar Grand Prix,HUL,27,raw_location_telemetry,2602,19.0,240.0,381.0,521.0,1260.0,4.166666666666667,0,0,SOURCE_GAP_TOO_LARGE
2025-qatar-grand-prix-r,2025,Qatar Grand Prix,LAW,30,raw_car_telemetry,18949,159.0,240.0,400.0,520.0,1360.0,4.166666666666667,0,0,SOURCE_GAP_TOO_LARGE
2025-qatar-grand-prix-r,2025,Qatar Grand Prix,LAW,30,raw_location_telemetry,19478,19.0,241.0,381.0,520.0,1299.0,4.149377593360996,0,0,SOURCE_GAP_TOO_LARGE
2025-qatar-grand-prix-r,2025,Qatar Grand Prix,LEC,16,raw_car_telemetry,18937,159.0,240.0,400.0,520.0,1360.0,4.166666666666667,0,0,SOURCE_GAP_TOO_LARGE
2025-qatar-grand-prix-r,2025,Qatar Grand Prix,LEC,16,raw_location_telemetry,19463,19.0,241.0,381.0,520.0,1299.0,4.149377593360996,0,0,SOURCE_GAP_TOO_LARGE
2025-qatar-grand-prix-r,2025,Qatar Grand Prix,NOR,4,raw_car_telemetry,18820,159.0,240.0,400.0,520.0,1360.0,4.166666666666667,0,0,SOURCE_GAP_TOO_LARGE
2025-qatar-grand-prix-r,2025,Qatar Grand Prix,NOR,4,raw_location_telemetry,19341,19.0,241.0,381.0,520.0,1299.0,4.149377593360996,0,0,SOURCE_GAP_TOO_LARGE
2025-qatar-grand-prix-r,2025,Qatar Grand Prix,OCO,31,raw_car_telemetry,18754,159.0,240.0,400.0,520.0,1360.0,4.166666666666667,0,0,SOURCE_GAP_TOO_LARGE
2025-qatar-grand-prix-r,2025,Qatar Grand Prix,OCO,31,raw_location_telemetry,19269,19.0,241.0,381.0,520.0,1299.0,4.149377593360996,0,0,SOURCE_GAP_TOO_LARGE
2025-qatar-grand-prix-r,2025,Qatar Grand Prix,PIA,81,raw_car_telemetry,18767,159.0,240.0,400.0,520.0,1360.0,4.166666666666667,0,0,SOURCE_GAP_TOO_LARGE
2025-qatar-grand-prix-r,2025,Qatar Grand Prix,PIA,81,raw_location_telemetry,19284,19.0,241.0,381.0,520.0,1299.0,4.149377593360996,0,0,SOURCE_GAP_TOO_LARGE
2025-qatar-grand-prix-r,2025,Qatar Grand Prix,RUS,63,raw_car_telemetry,18910,159.0,240.0,400.0,520.0,1360.0,4.166666666666667,0,0,SOURCE_GAP_TOO_LARGE
2025-qatar-grand-prix-r,2025,Qatar Grand Prix,RUS,63,raw_location_telemetry,19435,19.0,241.0,381.0,520.0,1299.0,4.149377593360996,0,0,SOURCE_GAP_TOO_LARGE
2025-qatar-grand-prix-r,2025,Qatar Grand Prix,SAI,55,raw_car_telemetry,18818,159.0,240.0,400.0,520.0,1360.0,4.166666666666667,0,0,SOURCE_GAP_TOO_LARGE
2025-qatar-grand-prix-r,2025,Qatar Grand Prix,SAI,55,raw_location_telemetry,19338,19.0,241.0,381.0,520.0,1299.0,4.149377593360996,0,0,SOURCE_GAP_TOO_LARGE
2025-qatar-grand-prix-r,2025,Qatar Grand Prix,STR,18,raw_car_telemetry,18512,159.0,240.0,400.0,520.0,1360.0,4.166666666666667,0,0,SOURCE_GAP_TOO_LARGE
2025-qatar-grand-prix-r,2025,Qatar Grand Prix,STR,18,raw_location_telemetry,19027,19.0,241.0,381.0,520.0,1299.0,4.149377593360996,0,0,SOURCE_GAP_TOO_LARGE
2025-qatar-grand-prix-r,2025,Qatar Grand Prix,TSU,22,raw_car_telemetry,18955,159.0,240.0,400.0,520.0,1360.0,4.166666666666667,0,0,SOURCE_GAP_TOO_LARGE
2025-qatar-grand-prix-r,2025,Qatar Grand Prix,TSU,22,raw_location_telemetry,19485,19.0,241.0,381.0,520.0,1299.0,4.149377593360996,0,0,SOURCE_GAP_TOO_LARGE
2025-qatar-grand-prix-r,2025,Qatar Grand Prix,VER,1,raw_car_telemetry,18740,159.0,240.0,400.0,520.0,1360.0,4.166666666666667,0,0,SOURCE_GAP_TOO_LARGE
2025-qatar-grand-prix-r,2025,Qatar Grand Prix,VER,1,raw_location_telemetry,19253,19.0,241.0,381.0,520.0,1299.0,4.149377593360996,0,0,SOURCE_GAP_TOO_LARGE
2025-abu-dhabi-grand-prix-r,2025,Abu Dhabi Grand Prix,ALB,23,raw_car_telemetry,19583,158.0,240.0,399.0,520.0,1320.0,4.166666666666667,0,0,SOURCE_GAP_TOO_LARGE
2025-abu-dhabi-grand-prix-r,2025,Abu Dhabi Grand Prix,ALB,23,raw_location_telemetry,19878,20.0,240.0,381.0,520.0,1300.0,4.166666666666667,0,0,SOURCE_GAP_TOO_LARGE
2025-abu-dhabi-grand-prix-r,2025,Abu Dhabi Grand Prix,ALO,14,raw_car_telemetry,19523,158.0,240.0,399.0,520.0,1320.0,4.166666666666667,0,0,SOURCE_GAP_TOO_LARGE
2025-abu-dhabi-grand-prix-r,2025,Abu Dhabi Grand Prix,ALO,14,raw_location_telemetry,19816,20.0,240.0,381.0,520.0,1300.0,4.166666666666667,0,0,SOURCE_GAP_TOO_LARGE
2025-abu-dhabi-grand-prix-r,2025,Abu Dhabi Grand Prix,ANT,12,raw_car_telemetry,19580,158.0,240.0,399.0,520.0,1320.0,4.166666666666667,0,0,SOURCE_GAP_TOO_LARGE
2025-abu-dhabi-grand-prix-r,2025,Abu Dhabi Grand Prix,ANT,12,raw_location_telemetry,19875,20.0,240.0,381.0,520.0,1300.0,4.166666666666667,0,0,SOURCE_GAP_TOO_LARGE
2025-abu-dhabi-grand-prix-r,2025,Abu Dhabi Grand Prix,BEA,87,raw_car_telemetry,19553,158.0,240.0,399.0,520.0,1320.0,4.166666666666667,0,0,SOURCE_GAP_TOO_LARGE
2025-abu-dhabi-grand-prix-r,2025,Abu Dhabi Grand Prix,BEA,87,raw_location_telemetry,19851,20.0,240.0,381.0,520.0,1300.0,4.166666666666667,0,0,SOURCE_GAP_TOO_LARGE
2025-abu-dhabi-grand-prix-r,2025,Abu Dhabi Grand Prix,BOR,5,raw_car_telemetry,19569,158.0,240.0,399.0,520.0,1320.0,4.166666666666667,0,0,SOURCE_GAP_TOO_LARGE
2025-abu-dhabi-grand-prix-r,2025,Abu Dhabi Grand Prix,BOR,5,raw_location_telemetry,19867,20.0,240.0,381.0,520.0,1300.0,4.166666666666667,0,0,SOURCE_GAP_TOO_LARGE
2025-abu-dhabi-grand-prix-r,2025,Abu Dhabi Grand Prix,COL,43,raw_car_telemetry,19325,158.0,240.0,399.0,520.0,1320.0,4.166666666666667,0,0,SOURCE_GAP_TOO_LARGE
2025-abu-dhabi-grand-prix-r,2025,Abu Dhabi Grand Prix,COL,43,raw_location_telemetry,19619,20.0,240.0,381.0,520.0,1300.0,4.166666666666667,0,0,SOURCE_GAP_TOO_LARGE
2025-abu-dhabi-grand-prix-r,2025,Abu Dhabi Grand Prix,GAS,10,raw_car_telemetry,19297,158.0,240.0,399.0,520.0,1320.0,4.166666666666667,0,0,SOURCE_GAP_TOO_LARGE
2025-abu-dhabi-grand-prix-r,2025,Abu Dhabi Grand Prix,GAS,10,raw_location_telemetry,19592,20.0,240.0,381.0,520.0,1300.0,4.166666666666667,0,0,SOURCE_GAP_TOO_LARGE
2025-abu-dhabi-grand-prix-r,2025,Abu Dhabi Grand Prix,HAD,6,raw_car_telemetry,19277,158.0,240.0,399.0,520.0,1320.0,4.166666666666667,0,0,SOURCE_GAP_TOO_LARGE
2025-abu-dhabi-grand-prix-r,2025,Abu Dhabi Grand Prix,HAD,6,raw_location_telemetry,19570,20.0,240.0,381.0,520.0,1300.0,4.166666666666667,0,0,SOURCE_GAP_TOO_LARGE
2025-abu-dhabi-grand-prix-r,2025,Abu Dhabi Grand Prix,HAM,44,raw_car_telemetry,19540,158.0,240.0,399.0,520.0,1320.0,4.166666666666667,0,0,SOURCE_GAP_TOO_LARGE
2025-abu-dhabi-grand-prix-r,2025,Abu Dhabi Grand Prix,HAM,44,raw_location_telemetry,19836,20.0,240.0,381.0,520.0,1300.0,4.166666666666667,0,0,SOURCE_GAP_TOO_LARGE
2025-abu-dhabi-grand-prix-r,2025,Abu Dhabi Grand Prix,HUL,27,raw_car_telemetry,19561,158.0,240.0,399.0,520.0,1320.0,4.166666666666667,0,0,SOURCE_GAP_TOO_LARGE
2025-abu-dhabi-grand-prix-r,2025,Abu Dhabi Grand Prix,HUL,27,raw_location_telemetry,19858,20.0,240.0,381.0,520.0,1300.0,4.166666666666667,0,0,SOURCE_GAP_TOO_LARGE
2025-abu-dhabi-grand-prix-r,2025,Abu Dhabi Grand Prix,LAW,30,raw_car_telemetry,19289,158.0,240.0,399.0,520.0,1320.0,4.166666666666667,0,0,SOURCE_GAP_TOO_LARGE
2025-abu-dhabi-grand-prix-r,2025,Abu Dhabi Grand Prix,LAW,30,raw_location_telemetry,19584,20.0,240.0,381.0,520.0,1300.0,4.166666666666667,0,0,SOURCE_GAP_TOO_LARGE
2025-abu-dhabi-grand-prix-r,2025,Abu Dhabi Grand Prix,LEC,16,raw_car_telemetry,19357,158.0,240.0,399.0,520.0,1320.0,4.166666666666667,0,0,SOURCE_GAP_TOO_LARGE
2025-abu-dhabi-grand-prix-r,2025,Abu Dhabi Grand Prix,LEC,16,raw_location_telemetry,19651,20.0,240.0,381.0,520.0,1300.0,4.166666666666667,0,0,SOURCE_GAP_TOO_LARGE
2025-abu-dhabi-grand-prix-r,2025,Abu Dhabi Grand Prix,NOR,4,raw_car_telemetry,19335,158.0,240.0,399.0,520.0,1320.0,4.166666666666667,0,0,SOURCE_GAP_TOO_LARGE
2025-abu-dhabi-grand-prix-r,2025,Abu Dhabi Grand Prix,NOR,4,raw_location_telemetry,19629,20.0,240.0,381.0,520.0,1300.0,4.166666666666667,0,0,SOURCE_GAP_TOO_LARGE
2025-abu-dhabi-grand-prix-r,2025,Abu Dhabi Grand Prix,OCO,31,raw_car_telemetry,19531,158.0,240.0,399.0,520.0,1320.0,4.166666666666667,0,0,SOURCE_GAP_TOO_LARGE
2025-abu-dhabi-grand-prix-r,2025,Abu Dhabi Grand Prix,OCO,31,raw_location_telemetry,19825,20.0,240.0,381.0,520.0,1300.0,4.166666666666667,0,0,SOURCE_GAP_TOO_LARGE
2025-abu-dhabi-grand-prix-r,2025,Abu Dhabi Grand Prix,PIA,81,raw_car_telemetry,19319,158.0,240.0,399.0,520.0,1320.0,4.166666666666667,0,0,SOURCE_GAP_TOO_LARGE
2025-abu-dhabi-grand-prix-r,2025,Abu Dhabi Grand Prix,PIA,81,raw_location_telemetry,19615,20.0,240.0,381.0,520.0,1300.0,4.166666666666667,0,0,SOURCE_GAP_TOO_LARGE
2025-abu-dhabi-grand-prix-r,2025,Abu Dhabi Grand Prix,RUS,63,raw_car_telemetry,19453,158.0,240.0,399.0,520.0,1320.0,4.166666666666667,0,0,SOURCE_GAP_TOO_LARGE
2025-abu-dhabi-grand-prix-r,2025,Abu Dhabi Grand Prix,RUS,63,raw_location_telemetry,19747,20.0,240.0,381.0,520.0,1300.0,4.166666666666667,0,0,SOURCE_GAP_TOO_LARGE
2025-abu-dhabi-grand-prix-r,2025,Abu Dhabi Grand Prix,SAI,55,raw_car_telemetry,19575,158.0,240.0,399.0,520.0,1320.0,4.166666666666667,0,0,SOURCE_GAP_TOO_LARGE
2025-abu-dhabi-grand-prix-r,2025,Abu Dhabi Grand Prix,SAI,55,raw_location_telemetry,19870,20.0,240.0,381.0,520.0,1300.0,4.166666666666667,0,0,SOURCE_GAP_TOO_LARGE
2025-abu-dhabi-grand-prix-r,2025,Abu Dhabi Grand Prix,STR,18,raw_car_telemetry,19547,158.0,240.0,399.0,520.0,1320.0,4.166666666666667,0,0,SOURCE_GAP_TOO_LARGE
2025-abu-dhabi-grand-prix-r,2025,Abu Dhabi Grand Prix,STR,18,raw_location_telemetry,19844,20.0,240.0,381.0,520.0,1300.0,4.166666666666667,0,0,SOURCE_GAP_TOO_LARGE
2025-abu-dhabi-grand-prix-r,2025,Abu Dhabi Grand Prix,TSU,22,raw_car_telemetry,19578,158.0,240.0,399.0,520.0,1320.0,4.166666666666667,0,0,SOURCE_GAP_TOO_LARGE
2025-abu-dhabi-grand-prix-r,2025,Abu Dhabi Grand Prix,TSU,22,raw_location_telemetry,19873,20.0,240.0,381.0,520.0,1300.0,4.166666666666667,0,0,SOURCE_GAP_TOO_LARGE
2025-abu-dhabi-grand-prix-r,2025,Abu Dhabi Grand Prix,VER,1,raw_car_telemetry,19273,158.0,240.0,399.0,520.0,1320.0,4.166666666666667,0,0,SOURCE_GAP_TOO_LARGE
2025-abu-dhabi-grand-prix-r,2025,Abu Dhabi Grand Prix,VER,1,raw_location_telemetry,19565,20.0,240.0,381.0,520.0,1300.0,4.166666666666667,0,0,SOURCE_GAP_TOO_LARGE
